operator_name,corporate_number,operator_address,operator_representative,operator_type,corporate_number_assigned_date,corporate_status,corporate_closed_date,service_count,service_names,review_required
株式会社H4,6180001105741,〒491-0831 愛知県一宮市森本4丁目13-8,堀 世至臣,PRIVATE,2015-10-05,REGISTERED,,1,退職代行OITOMA,true
東京労働経済組合（略称:TRK）,8011305000569,〒160-0004 東京都新宿区四谷1-15 アーバンビルサカス8 B棟1階3号室,執行委員長 長谷川義人,LABOR_UNION,2015-10-05,REGISTERED,,1,退職代行ガーディアン,true
株式会社スムリエ,4290001088234,〒810-0001 福岡県福岡市中央区天神3丁目10-32 ロゼ天神303,上谷美幸樹（代表取締役）,PRIVATE,2020-03-04,REGISTERED,,1,退職代行SARABA,true
toNEXTドットジェイピー（to-NEXT.jp）／合同労働組合「退職代行toNEXTユニオン」,,〒107-0062 東京都港区南青山2-2-15,鈴木 良典（運営統括責任者）,OTHER,,,,1,わたしNEXT,true
株式会社アレス,8120001234503,〒533-0006 大阪市東淀川区上新庄3-14-12-1202,佐藤 英一郎,PRIVATE,2021-01-13,REGISTERED,,1,退職代行Jobs,true
ネルサポート株式会社,4130003006267,〒614-8001 京都府八幡市八幡科手7-10 科手ビル2B,野中 優馬,PRIVATE,2019-11-11,REGISTERED,,2,退職代行ネルサポ | 退職代行即ヤメ,true
合同労働組合「退職代行toNEXTユニオン」／toNEXTドットジェイピー（to-NEXT.jp）,,〒107-0062 東京都港区南青山2-2-15,鈴木 良典（運営統括責任者）,OTHER,,,,1,男の退職代行,true
弁護士法人フォーゲル綜合法律事務所,6120005011644,〒530-0041 大阪府大阪市北区天神橋2-4-17 千代田第一ビル5F,嵩原安三郎（代表弁護士）,LAW_FIRM,2015-10-05,REGISTERED,,1,フォーゲル綜合法律事務所,true
株式会社ニコイチ,,,,UNKNOWN,,,,1,退職代行ニコイチ,true
株式会社アルバトロス,3020001145095,神奈川県横浜市中区本町1丁目5-2 ロワレール横浜本町県庁前304,浜田 優花,PRIVATE,2022-02-03,REGISTERED,,1,退職代行モームリ,true
株式会社25H,2012301013529,群馬県伊勢崎市田中島町1420-1 BIZ-STYLE-C,早川 大騎,PRIVATE,2023-07-19,REGISTERED,,1,退職代行ヤメドキ,true
弁護士法人みやび,8010405012012,〒105-0021 東京都港区東新橋1-1-21 今朝ビル5階,,LAW_FIRM,2015-10-05,REGISTERED,,1,弁護士法人みやび,true
弁護士法人AdIre法律事務所,9013305003294,〒170-6033 東京都豊島区東池袋3-1-1 サンシャイン60,,LAW_FIRM,2022-01-12,REGISTERED,,1,アディーレ法律事務所,true
LENIS Entertainment株式会社,,,,UNKNOWN,,,,1,辞めるんです,true
ENTRANCE株式会社,5011001141769,〒150-0041 東京都渋谷区神南1-11-4 FPGリンクス神南5階,新野俊幸,PRIVATE,2021-07-15,REGISTERED,,1,退職代行EXIT,true
株式会社シーズ,8010801017663,東京都大田区蒲田5丁目49-10-101号,伊藤 敏之,PRIVATE,2015-10-05,REGISTERED,,1,退職代行辞スル,true
弁護士法人ガイア総合法律事務所,4010405013393,〒105-0005 東京都港区新橋3丁目2番3 千代川ビル6階,安沢 尚志,LAW_FIRM,2015-10-05,REGISTERED,,1,弁護士法人ガイアの退職代行サービス,true
弁護士法人あおば,7120005020735,〒550-0012 大阪府大阪市西区立売堀1丁目1-1-4F,相川祐一朗,LAW_FIRM,2019-02-22,REGISTERED,,1,退職110番,true
,,,,UNKNOWN,,,,1,リーガルジャパン,true
株式会社Maimo,8120001238223,〒541-0056 大阪府大阪市中央区久太郎町1-5-31 リアライズ堺筋本町ビル502,金沢 裕介,PRIVATE,2021-06-14,REGISTERED,,1,退職代行イマスグヤメタイ,true
,,,,UNKNOWN,,,,1,退職代行トリケシ,true
労働基準調査組合,7120005023597,〒550-0013 大阪市西区新町1丁目14番39号日宝立売堀ビル405号室,谷本 祥子(執行委員長),LABOR_UNION,2023-05-01,REGISTERED,,1,退職代行ローキ,true
弁護士法人mamori,5010705003143,〒150-0021 東京都渋谷区恵比寿西1-3-10 ファイブアネックス8F,日比野 大,LAW_FIRM,2020-12-02,REGISTERED,,1,弁護士ビーノ,true
弁護士法人ITJ法律事務所,7010405008580,〒108-0023 東京都港区芝浦4-16-23 アクアシティ芝浦9階,戸田泉(第一東京弁護士会),LAW_FIRM,2015-10-05,REGISTERED,,1,ITJ法律事務所,true
労働組合 あおぞらユニオン,,〒170-0013 東京都豊島区東池袋1-36-3 池袋陽光ハイツ502,窪田義人(担当者表記。代表者名としての明示なし),LABOR_UNION,,,,1,あおぞら退職代行サービス,false
,,,,UNKNOWN,,,,1,ベンゴシNOW,true
,,,,UNKNOWN,,,,1,退職代行サービスのretry,true
株式会社PULLBACK,1010901033823,東京都渋谷区東二丁目23番14号 白鳳堂ビル 2階,代表取締役社長 長谷川 裕修,PRIVATE,2015-10-05,REGISTERED,,1,退職代行ヒトヤスミ,true
株式会社スリープラス,6010601054553,東京都墨田区亀沢1丁目27-10ヤマモトビル201,中嶋文子(業務責任者),PRIVATE,2018-11-05,REGISTERED,,1,退職代行プラスサービス,true
株式会社熱狂スタイル,2120001230557,大阪府大阪市北区曽根崎2丁目8-5 お初天神EAST BLDG 3F-C25,内藤 亮,PRIVATE,2020-07-22,REGISTERED,,1,退職代行やめたらええねん,true
,,,,UNKNOWN,,,,1,退職代行スマートヤメマス,false
,,,,UNKNOWN,,,,1,退職代行の窓口,false
株式会社Pino,,,,UNKNOWN,,,,1,退職代行ピンチヒッター,true
弁護士法人川越みずほ法律会計,2030005018834,〒350-1118 埼玉県川越市豊田本4-3-15,清水隆久(弁護士),LAW_FIRM,2018-01-24,REGISTERED,,1,弁護士法人川越みずほ法律会計,true
SG行政書士法務事務所,,〒460-0003 愛知県名古屋市中区錦3-2-32 錦アクシスビル8階,行政書士 重松 祐達,OTHER,,,,1,AI退職代行 by 行政書士,false
,,,,UNKNOWN,,,,1,SAYONARA CONCIERGE（サヨナラコンシェルジュ）,true
合同会社Pay It Forward,1040003027085,千葉県千葉市花見川区検見川町3-317-7-101,鎌田大介,PRIVATE,2025-03-17,REGISTERED,,1,YELL!!,false
弁護士法人グリーンリーフ法律事務所,,埼玉県さいたま市大宮区桜木町1丁目11番地20 大宮JPビルディング14階,,LAW_FIRM,,,,1,グリーンリーフ法律事務所,false
,,,,UNKNOWN,,,,1,スイスイ退職代行,true
弁護士法人若井綜合法律事務所,,〒170-0013 東京都豊島区東池袋4-25-12 サンシャインサイド9階,,LAW_FIRM,,,,1,若井綜合法律事務所,false
GK総合法律事務所／赤坂山王法律事務所（共同）,,〒166-0004 東京都杉並区阿佐谷南1-8-5 OSAWAビル4F（GK総合法律事務所）／〒107-0052 東京都港区赤坂2丁目13番19号 FRAMES AKASAKA3階（赤坂山王法律事務所）,弁護士 小澤亜季子（東京弁護士会）／弁護士 竹内瑞穂（第一東京弁護士会）,LAW_FIRM,,,,1,小澤・竹内弁護士の退職代行,false
株式会社SAMURAIマーケティング,,,,UNKNOWN,,,,1,退職.com,true
株式会社エヌアンドエス,,〒520-0025 滋賀県大津市皇子が丘2丁目10-25-3004号,原田賢治,PRIVATE,,,,1,退職あんしん代行,false
合同労働組合「私のユニオン」,,,,UNKNOWN,,,,1,退職サポート（私のユニオン）,true
J-NEXT株式会社,,,,UNKNOWN,,,,1,退職代行J-NEXT,true
退職代行JITAI株式会社,,東京都新宿区新宿5丁目4-1 新宿Qフラットビル611,高橋 健司,PRIVATE,,,,1,退職代行JITAI,false
株式会社クリエイティブリサーチ,,,,UNKNOWN,,,,1,退職代行MIRAI,true
株式会社RHコンサルティング,,,,UNKNOWN,,,,1,退職代行エージェント,true
株式会社スタイリード,,,,UNKNOWN,,,,1,退職代行スタイリード,true
ゼロユニオン（労働組合）,,,,UNKNOWN,,,,1,退職代行ゼロユニオン,true
,,,,UNKNOWN,,,,1,退職代行だいじょうぶ,true
日本労働調査組合,,,,UNKNOWN,,,,1,退職代行ニチロー,true
株式会社アクロサポート,,,,UNKNOWN,,,,1,退職代行のABAYO,true
株式会社あいゆめ,,〒534-0023 大阪府大阪市都島区都島南通2丁目6-21 グレースハイツ京橋302号室,,PRIVATE,,,,1,退職代行みらい,false
ミックスナッツ,,〒421-0121 静岡県静岡市駿河区広野3-7-4,柏原 寛慈,PRIVATE,,,,1,退職代行ヤメルート,false
,,,,UNKNOWN,,,,1,弁護士法人エース,true
弁護士法人サリュ,,〒260-0028 千葉県千葉市中央区新町1番地17 JPR千葉ビル9階（他 銀座・横浜・大宮・静岡・名古屋・大阪・神戸・萩・福岡）,,LAW_FIRM,,,,1,弁護士法人サリュ,false
