service_id,superseded_service_ids,service_name,name_variants,service_url,domains,operator_name_candidates,operator_type_raw_candidates,operator_type_conflict,price_raw_candidates,mention_count,source_count,source_urls,found_in_batches,single_source,no_official_url,in_scope,exclusion_reason,exclusion_category
SVC001,,退職代行OITOMA,退職代行オイトマ | 退職代行OITOMA(オイトマ),https://o-itoma.jp/,o-itoma.jp,株式会社H4 | 株式会社5core | 日本通信ユニオン/株式会社H4 | 株式会社H4／労働組合日本通信ユニオン | 株式会社5core / 労働組合日本通信ユニオン | 株式会社H4（労働組合日本通信ユニオン） | 株式会社H4(日本通信ユニオンと提携) | 労働組合日本通信ユニオン,労働組合 | 民間（弁護士監修） | 労働組合型 | 労働組合が運営 | 労働組合と提携,true,"24,000円 | 20,000円 | 22,000円 | 24000円(税込)",12,12,https://chuokaikei.co.jp/shigoto-nayami/taishoku-daikou-osusume/ | https://gold-career.co.jp/media/retirement-agency/ | https://goal4864.com/taisyokudaikou/osusume-ranking/ | https://jobs1.jp/media/columns/5674/ | https://taishokudaikou.tng-marketing.com/ | https://b-pos.jp/g044/ | https://yasume.org/yameyo/ | https://prtimes.jp/main/html/rd/p/000000013.000080651.html | https://sakufuri.jp/media/retirement-agency-union/ | https://gold-career.co.jp/media/retirement-agency-union/ | https://career-buddy.co.jp/taishoku/retirement-agent/recommend-labor-union-daiko/ | https://logsfix.com/blog/union/,discovered_services_batch_comparison.csv | discovered_services_batch_launches.csv | discovered_services_batch_union_lawyer.csv,false,false,true,,
SVC002,,退職代行ガーディアン,,https://taisyokudaiko.jp/,taisyokudaiko.jp,東京労働経済組合 | 労働組合法人「東京労働経済組合」,労働組合 | 労働組合型 | 労働組合が運営,true,"19,800円 | 24,800円 | 19800円(税込) | 24,800円(税込)",11,11,https://chuokaikei.co.jp/shigoto-nayami/taishoku-daikou-osusume/ | https://gold-career.co.jp/media/retirement-agency/ | https://goal4864.com/taisyokudaikou/osusume-ranking/ | https://jobs1.jp/media/columns/5674/ | https://taishokudaikou.tng-marketing.com/ | https://b-pos.jp/g044/ | https://sakufuri.jp/media/retirement-agency-union/ | https://gold-career.co.jp/media/retirement-agency-union/ | https://sakucareer-up.jp/retirement-agency-union/ | https://career-buddy.co.jp/taishoku/retirement-agent/recommend-labor-union-daiko/ | https://logsfix.com/blog/union/,discovered_services_batch_comparison.csv | discovered_services_batch_union_lawyer.csv,false,false,true,,
SVC003,,退職代行SARABA,,https://taisyokudaikou.com/,taisyokudaikou.com,退職代行SARABAユニオン | 株式会社スムリエ | 株式会社スムリエ / 労働組合「退職代行さらばユニオン」 | 株式会社スムリエ（退職代行SARABAユニオン）,労働組合 | 労働組合型 | 労働組合が運営,true,"24,000円 | 24,000円(税込)",10,10,https://chuokaikei.co.jp/shigoto-nayami/taishoku-daikou-osusume/ | https://gold-career.co.jp/media/retirement-agency/ | https://goal4864.com/taisyokudaikou/osusume-ranking/ | https://jobs1.jp/media/columns/5674/ | https://taishokudaikou.tng-marketing.com/ | https://b-pos.jp/g044/ | https://yasume.org/yameyo/ | https://gold-career.co.jp/media/retirement-agency-union/ | https://sakucareer-up.jp/retirement-agency-union/ | https://logsfix.com/blog/union/,discovered_services_batch_comparison.csv | discovered_services_batch_union_lawyer.csv,false,false,true,,
SVC004,,わたしNEXT,退職代行わたしNEXT | 退職代行 わたしNEXT,https://taishoku.to-next.jp/,to-next.jp,合同労働組合 退職代行toNEXTユニオン | 日本退職代行協会 | 退職代行toNEXTユニオン | 合同労働組合「退職代行toNEXTユニオン」,労働組合 | 労働組合が運営,true,"21,800円(正社員)/18,800円(アルバイト) | 29,800円（正社員）/19,800円（パート・アルバイト） | 18,800円～21,800円 | 21,800円（税込） | 21,800円 | 正社員 29,800円、アルバイト 19,800円 | 正社員29,800円、アルバイト/パート19,800円 | 29,800円(正社員等) / 19,800円(アルバイト・パート) | アルバイト・パート 18,800円 / 正社員 21,800円 + 組合費1,000円別途",9,9,https://chuokaikei.co.jp/shigoto-nayami/taishoku-daikou-osusume/ | https://gold-career.co.jp/media/retirement-agency/ | https://goal4864.com/taisyokudaikou/osusume-ranking/ | https://jobs1.jp/media/columns/5674/ | https://taishokudaikou.tng-marketing.com/ | https://sakufuri.jp/media/retirement-agency-union/ | https://gold-career.co.jp/media/retirement-agency-union/ | https://sakucareer-up.jp/retirement-agency-union/ | https://logsfix.com/blog/union/,discovered_services_batch_comparison.csv | discovered_services_batch_union_lawyer.csv,false,false,true,,
SVC005,,退職代行Jobs,退職代行jobs,jobs1.jp,jobs1.jp,株式会社アレス | 株式会社アレス / 合同労働組合ユニオンジャパン | 株式会社アレス(合同労働組合ユニオンジャパンと提携),民間企業 | 労働組合 | 民間企業（労働組合提携） | 弁護士監修・労働組合連携 | 民間（弁護士監修・労働組合連携） | 民間企業型 | 労働組合と提携,true,"27,000円 | 22,000円～24,000円 | 23,000円（税込） | 24,000円～26,000円 | 29,000円 | 【安心パックプラン】27,000円+労働組合費2,000円【シンプルプラン】27,000円 | シンプルプラン 27,000円 / 安心パックプラン 29,000円",9,9,https://chuokaikei.co.jp/shigoto-nayami/taishoku-daikou-osusume/ | https://gold-career.co.jp/media/retirement-agency/ | https://goal4864.com/taisyokudaikou/osusume-ranking/ | https://jobs1.jp/media/columns/5674/ | https://taishokudaikou.tng-marketing.com/ | https://b-pos.jp/g044/ | https://yasume.org/yameyo/ | https://gold-career.co.jp/media/retirement-agency-union/ | https://career-buddy.co.jp/taishoku/retirement-agent/recommend-labor-union-daiko/,discovered_services_batch_comparison.csv | discovered_services_batch_union_lawyer.csv,false,false,true,,
SVC006,,退職代行ネルサポ,,https://newlife-support.com/,newlife-support.com,ネルサポート株式会社 | 合同労働組合ユニオンネルサポート,民間企業 | 労働組合 | 労働組合型 | 労働組合が運営,true,"15,000円 | 22,000円 | 22,000円(税込)",9,9,https://chuokaikei.co.jp/shigoto-nayami/taishoku-daikou-osusume/ | https://gold-career.co.jp/media/retirement-agency/ | https://jobs1.jp/media/columns/5674/ | https://taishokudaikou.tng-marketing.com/ | https://b-pos.jp/g044/ | https://yasume.org/yameyo/ | https://gold-career.co.jp/media/retirement-agency-union/ | https://sakucareer-up.jp/retirement-agency-union/ | https://logsfix.com/blog/union/,discovered_services_batch_comparison.csv | discovered_services_batch_union_lawyer.csv,false,false,true,,
SVC007,,男の退職代行,,https://taishoku.to-next.jp/otoko/,to-next.jp | otoko-next.jp,合同労働組合 退職代行toNEXTユニオン | 日本退職代行協会 | 退職代行toNEXTユニオン | 合同労働組合「退職代行toNEXTユニオン」,労働組合 | 労働組合が運営,true,"26,800円 | 26,800円（正社員）/19,800円（パート・アルバイト） | 18,800円～21,800円 | 21,800円（税込） | 21,800円 | 正社員/派遣社員 26,800円、アルバイト/パート 19,800円 | 正社員26,800円、アルバイト/パート19,800円 | 26,800円(正社員等) / 19,800円(アルバイト・パート) | アルバイト・パート 18,800円 / 正社員 21,800円 + 組合費1,000円別途",9,9,https://chuokaikei.co.jp/shigoto-nayami/taishoku-daikou-osusume/ | https://gold-career.co.jp/media/retirement-agency/ | https://goal4864.com/taisyokudaikou/osusume-ranking/ | https://jobs1.jp/media/columns/5674/ | https://taishokudaikou.tng-marketing.com/ | https://sakufuri.jp/media/retirement-agency-union/ | https://gold-career.co.jp/media/retirement-agency-union/ | https://sakucareer-up.jp/retirement-agency-union/ | https://logsfix.com/blog/union/,discovered_services_batch_comparison.csv | discovered_services_batch_union_lawyer.csv,false,false,true,,
SVC008,,フォーゲル綜合法律事務所,フォーゲル,https://enman-taishokudaikou.com/,enman-taishokudaikou.com,フォーゲル綜合法律事務所 | 弁護士法人フォーゲル綜合法律事務所,弁護士法人 | 弁護士 | 法律事務所型 | 弁護士法人（届出番号：H-381） | 弁護士事務所,true,"22,000円〜110,000円 | 22,000円～ | 22,000円～55,000円 | 33,000円~ | 33,000円 | ライト22,000円、スタンダード25,000円～55,000円、110,000円（成功報酬なし） | 円満退職スタンダード 25,000円、円満退職あんしんプラス 55,000円（税込）",7,7,https://chuokaikei.co.jp/shigoto-nayami/taishoku-daikou-osusume/ | https://goal4864.com/taisyokudaikou/osusume-ranking/ | https://taishokudaikou.tng-marketing.com/ | https://b-pos.jp/g044/ | https://yasume.org/yameyo/ | https://career-buddy.co.jp/taishoku/retirement-agent/recommend-bengoshi-daiko/ | https://topcourt-law.com/roudou/067,discovered_services_batch_comparison.csv | discovered_services_batch_union_lawyer.csv,false,false,true,,
SVC009,,退職代行ニコイチ,,,,株式会社ニコイチ,民間企業 | 民間（弁護士監修） | 民間企業型 | 民間,true,"27,000円",7,7,https://chuokaikei.co.jp/shigoto-nayami/taishoku-daikou-osusume/ | https://gold-career.co.jp/media/retirement-agency/ | https://goal4864.com/taisyokudaikou/osusume-ranking/ | https://jobs1.jp/media/columns/5674/ | https://taishokudaikou.tng-marketing.com/ | https://b-pos.jp/g044/ | https://yasume.org/yameyo/,discovered_services_batch_comparison.csv,false,true,true,,
SVC010,,退職代行モームリ,,https://momuri.com/,momuri.com,株式会社アルバトロス | 株式会社アルバトロス / 労働環境改善組合,民間企業 | 弁護士監修・労働組合提携 | 民間（弁護士監修・労働組合提携） | 労働組合 | 労働組合と提携,true,"22,000円(正社員)/12,000円(アルバイト) | 22,000円（正社員）/12,000円（アルバイト・パート） | 22,000円（税込） | 12,000円～22,000円 | 22,000円（正社員） | 正社員22,000円、アルバイト/パート12,000円 | 22,000円(正社員等) / 12,000円(パート・アルバイト)",7,7,https://chuokaikei.co.jp/shigoto-nayami/taishoku-daikou-osusume/ | https://gold-career.co.jp/media/retirement-agency/ | https://jobs1.jp/media/columns/5674/ | https://taishokudaikou.tng-marketing.com/ | https://yasume.org/yameyo/ | https://gold-career.co.jp/media/retirement-agency-union/ | https://sakucareer-up.jp/retirement-agency-union/,discovered_services_batch_comparison.csv | discovered_services_batch_union_lawyer.csv,false,false,true,,
SVC011,,退職代行ヤメドキ,,yamedoki.co.jp,yamedoki.co.jp,株式会社25H,民間企業 | 民間（労働組合・社労士連携） | 民間企業型,true,"24,000円 | 24,000円（税込）",7,7,https://chuokaikei.co.jp/shigoto-nayami/taishoku-daikou-osusume/ | https://gold-career.co.jp/media/retirement-agency/ | https://goal4864.com/taisyokudaikou/osusume-ranking/ | https://jobs1.jp/media/columns/5674/ | https://taishokudaikou.tng-marketing.com/ | https://b-pos.jp/g044/ | https://gold-career.co.jp/media/retirement-agency-union/,discovered_services_batch_comparison.csv | discovered_services_batch_union_lawyer.csv,false,false,true,,
SVC012,,弁護士法人みやび,弁護士法人みやびの退職代行サービス,https://www.miyabi-law.jp/retirement/,miyabi-law.jp | taishoku-service.com,弁護士法人みやび,弁護士法人 | 弁護士事務所 | 弁護士 | 弁護士が運営,true,"27,500円〜77,000円 | 27,500円/55,000円/77,000円 | 27,500円～77,000円 | 55,000円（金銭請求は回収金額の20%） | 55,000円(税込) + オプション費用(回収額の20%) | 55,000円（税込）＋成功報酬20%",7,7,https://chuokaikei.co.jp/shigoto-nayami/taishoku-daikou-osusume/ | https://gold-career.co.jp/media/retirement-agency/ | https://taishokudaikou.tng-marketing.com/ | https://yasume.org/yameyo/ | https://gold-career.co.jp/media/retirement-agency-union/ | https://sakucareer-up.jp/retirement-agency-union/ | https://topcourt-law.com/roudou/067,discovered_services_batch_comparison.csv | discovered_services_batch_union_lawyer.csv,false,false,true,,
SVC013,,アディーレ法律事務所,アディーレ | 退職代行サービス ライトプラン（アディーレ法律事務所）,https://www.adire-roudou.jp/daikou/lp_1907_a.html,adire-roudou.jp,弁護士法人アディーレ法律事務所 | アディーレ法律事務所,弁護士法人 | 弁護士 | 法律事務所型 | 弁護士事務所,true,"19,800円〜77,000円 | 19,800円～77,000円 | 33,000円~ | 77,000円 | 33,000円",6,6,https://chuokaikei.co.jp/shigoto-nayami/taishoku-daikou-osusume/ | https://taishokudaikou.tng-marketing.com/ | https://b-pos.jp/g044/ | https://yasume.org/yameyo/ | https://prtimes.jp/main/html/rd/p/000000159.000004491.html | https://topcourt-law.com/roudou/067,discovered_services_batch_comparison.csv | discovered_services_batch_launches.csv | discovered_services_batch_union_lawyer.csv,false,false,true,,
SVC014,,辞めるんです,退職代行辞めるんです,,,LENIS Entertainment株式会社 | レニスエンターテイメント,民間企業 | 民間（弁護士監修） | 民間企業型 | 民間,true,"27,000円",6,6,https://chuokaikei.co.jp/shigoto-nayami/taishoku-daikou-osusume/ | https://gold-career.co.jp/media/retirement-agency/ | https://goal4864.com/taisyokudaikou/osusume-ranking/ | https://taishokudaikou.tng-marketing.com/ | https://b-pos.jp/g044/ | https://yasume.org/yameyo/,discovered_services_batch_comparison.csv,false,true,true,,
SVC015,,退職代行EXIT,EXIT,https://www.taishokudaikou.com/,taishokudaikou.com,ENTRANCE株式会社 | EXIT株式会社,民間企業 | 民間（弁護士監修） | 民間企業型,true,"15,000円 | 20,000円",6,6,https://chuokaikei.co.jp/shigoto-nayami/taishoku-daikou-osusume/ | https://gold-career.co.jp/media/retirement-agency/ | https://goal4864.com/taisyokudaikou/osusume-ranking/ | https://jobs1.jp/media/columns/5674/ | https://taishokudaikou.tng-marketing.com/ | https://b-pos.jp/g044/,discovered_services_batch_comparison.csv,false,false,true,,
SVC016,,退職代行辞スル,退職代行 辞スル,https://jisuru.com/,jisuru.com,株式会社シーズ,民間企業 | 労働組合提携,true,"22,000円(正社員)/18,000円(アルバイト) | 22,000円 | 18,000円～22,000円 | 21,000円 | 22,000円（割引クーポンで19,500円）",6,6,https://chuokaikei.co.jp/shigoto-nayami/taishoku-daikou-osusume/ | https://gold-career.co.jp/media/retirement-agency/ | https://goal4864.com/taisyokudaikou/osusume-ranking/ | https://jobs1.jp/media/columns/5674/ | https://prtimes.jp/main/html/rd/p/000000002.000151907.html | https://gold-career.co.jp/media/retirement-agency-union/,discovered_services_batch_comparison.csv | discovered_services_batch_launches.csv | discovered_services_batch_union_lawyer.csv,false,false,true,,
SVC017,,弁護士法人ガイアの退職代行サービス,弁護士法人ガイア総合法律事務所 | 弁護士法人ガイア | 弁護士法人ガイアの退職代行 | ガイア法律事務所,https://www.gaia-law-office.jp/taisyoku/,gaia-law-office.jp,弁護士法人ガイア総合法律事務所 | 弁護士法人 ガイア総合法律事務所 | ガイア法律事務所,弁護士事務所 | 法律事務所型 | 弁護士が運営 | 弁護士法人（届出番号：H-868）,true,"25,300円/55,000円/77,000円 | 55,000円 | 退職意思伝達のみ 25,300円、アフターフォロー完備 55,000円、全雇用形態対応 77,000円 | 25,300円～77,000円（別途成功報酬：回収額の20%～30％） | 25,300円～、55,000円プラン",6,6,https://gold-career.co.jp/media/retirement-agency/ | https://b-pos.jp/g044/ | https://sakufuri.jp/media/retirement-agency-union/ | https://gold-career.co.jp/media/retirement-agency-union/ | https://career-buddy.co.jp/taishoku/retirement-agent/recommend-bengoshi-daiko/ | https://topcourt-law.com/roudou/067,discovered_services_batch_comparison.csv | discovered_services_batch_union_lawyer.csv,false,false,true,,
SVC018,,退職110番,,https://aoba.lawyer/taishoku110/,aoba.lawyer,弁護士法人あおば,弁護士法人 | 弁護士が運営 | 弁護士法人（届出番号：H-1325）,true,"43,800円 | 43,800円(税込) | 43,800円（別途費用必要な場合あり） | 43,800円（一律）",5,5,https://chuokaikei.co.jp/shigoto-nayami/taishoku-daikou-osusume/ | https://sakufuri.jp/media/retirement-agency-union/ | https://sakucareer-up.jp/retirement-agency-union/ | https://career-buddy.co.jp/taishoku/retirement-agent/recommend-bengoshi-daiko/ | https://topcourt-law.com/roudou/067,discovered_services_batch_comparison.csv | discovered_services_batch_union_lawyer.csv,false,false,true,,
SVC019,,リーガルジャパン,退職代行リーガルジャパン,lp.legal-japan.net,legal-japan.net,日本労働産業ユニオン,労働組合 | 労働組合が運営,true,"19,800円 | 27,000円(税込)",4,4,https://gold-career.co.jp/media/retirement-agency/ | https://gold-career.co.jp/media/retirement-agency-union/ | https://sakucareer-up.jp/retirement-agency-union/ | https://logsfix.com/blog/union/,discovered_services_batch_comparison.csv | discovered_services_batch_union_lawyer.csv,false,false,true,,
SVC020,,退職代行イマスグヤメタイ,,https://maimo-inc.co.jp/,maimo-inc.co.jp,株式会社Maimo | 株式会社Maimo（労働組合も運営に参画）,民間企業 | 労働組合 | 民間企業型 | 労働組合と提携,true,"18,000円～19,000円 | 19,000円 | 22,000円 | 正社員/契約社員/派遣社員 22,000円、アルバイト 12,000円、業務委託 30,000円、公務員 40,000円",4,4,https://goal4864.com/taisyokudaikou/osusume-ranking/ | https://jobs1.jp/media/columns/5674/ | https://b-pos.jp/g044/ | https://sakufuri.jp/media/retirement-agency-union/,discovered_services_batch_comparison.csv | discovered_services_batch_union_lawyer.csv,false,false,true,,
SVC021,,退職代行トリケシ,TORIKESHI（トリケシ）,lp.torikeshi.jp,torikeshi.jp,日本労働産業ユニオン,労働組合 | 労働組合型 | 労働組合が運営,true,"19,800円 | 25,000円 | 25,000円(税込)",4,4,https://gold-career.co.jp/media/retirement-agency/ | https://b-pos.jp/g044/ | https://gold-career.co.jp/media/retirement-agency-union/ | https://sakucareer-up.jp/retirement-agency-union/,discovered_services_batch_comparison.csv | discovered_services_batch_union_lawyer.csv,false,false,true,,
SVC022,,退職代行ローキ,,https://rouki.help/,rouki.help,労働基準調査組合,労働組合 | 労働組合型 | 労働組合が運営,true,"19,800円 | 弁護士保障プラン 19,800円",4,4,https://chuokaikei.co.jp/shigoto-nayami/taishoku-daikou-osusume/ | https://jobs1.jp/media/columns/5674/ | https://b-pos.jp/g044/ | https://career-buddy.co.jp/taishoku/retirement-agent/recommend-labor-union-daiko/,discovered_services_batch_comparison.csv | discovered_services_batch_union_lawyer.csv,false,false,true,,
SVC023,,弁護士ビーノ,,law-mamori.jp,law-mamori.jp,弁護士法人mamori,弁護士事務所 | 弁護士法人（届出番号：H-1491） | 弁護士,true,"66,000円 | ライト33,000円、スタンダード66,000円、フル110,000円 | 66,000円（税込）",4,4,https://gold-career.co.jp/media/retirement-agency/ | https://gold-career.co.jp/media/retirement-agency-union/ | https://career-buddy.co.jp/taishoku/retirement-agent/recommend-bengoshi-daiko/ | https://topcourt-law.com/roudou/067,discovered_services_batch_comparison.csv | discovered_services_batch_union_lawyer.csv,false,false,true,,
SVC024,,ITJ法律事務所,弁護士法人ITJ法律事務所,itjlaw.com,itjlaw.com | japanlaw.net,弁護士法人ITJ法律事務所 | ITJ法律事務所,法律事務所型 | 弁護士法人（届出番号：H-145） | 弁護士事務所,true,"19,900円 | 19,900円～39,900円 | 退職代行プラン 19,900円、退職代理プラン 29,900円、損害賠償請求プラン 39,900円",3,3,https://b-pos.jp/g044/ | https://career-buddy.co.jp/taishoku/retirement-agent/recommend-bengoshi-daiko/ | https://topcourt-law.com/roudou/067,discovered_services_batch_comparison.csv | discovered_services_batch_union_lawyer.csv,false,false,true,,
SVC025,,あおぞら退職代行サービス,,https://aozora-union.com/resignation/,aozora-union.com,あおぞらユニオン | 労働組合あおぞらユニオン,労働組合,false,"12,000円〜 | 15,000円",3,3,https://chuokaikei.co.jp/shigoto-nayami/taishoku-daikou-osusume/ | https://goal4864.com/taisyokudaikou/osusume-ranking/ | https://jobs1.jp/media/columns/5674/,discovered_services_batch_comparison.csv,false,false,true,,
SVC026,,ベンゴシNOW,,https://bengoshinow.app/taishokudaikou,bengoshinow.app,トップコート国際法律事務所 | 株式会社マチベン,法律事務所型 | 弁護士事務所,true,"19,800円~ | ライトプラン 19,800円、スタンダードプラン 39,800円、プレミアムプラン 59,800円（税込）",3,3,https://b-pos.jp/g044/ | https://prtimes.jp/main/html/rd/p/000000008.000089788.html | https://topcourt-law.com/roudou/067,discovered_services_batch_comparison.csv | discovered_services_batch_launches.csv | discovered_services_batch_union_lawyer.csv,false,false,true,,
SVC027,,退職代行サービスのretry,退職代行retry,https://office-kakeru.jp/retry/lp3/,office-kakeru.jp,行政書士翔事務所,行政書士事務所 | 行政書士 | 行政書士運営,true,"30,000円（正社員）/20,000円（パート・アルバイト） | 20,000円～30,000円 | 33,000円（税込）",3,3,https://gold-career.co.jp/media/retirement-agency/ | https://goal4864.com/taisyokudaikou/osusume-ranking/ | https://jobs1.jp/media/columns/5674/,discovered_services_batch_comparison.csv,false,false,true,,
SVC028,,退職代行ヒトヤスミ,,https://www.taisyokudaikouhitoyasumi.com/,taisyokudaikouhitoyasumi.com,PULLBACK | 株式会社PULLBACK,民間企業 | 弁護士監修 | 民間企業型,true,"22,000円",3,3,https://goal4864.com/taisyokudaikou/osusume-ranking/ | https://jobs1.jp/media/columns/5674/ | https://b-pos.jp/g044/,discovered_services_batch_comparison.csv,false,false,true,,
SVC029,,退職代行プラスサービス,,https://plus3-service.com/,plus3-service.com,株式会社スリープラス,民間企業 | 行政書士運営,true,"21,780円(正社員)/16,280円(アルバイト) | 16,280円～21,780円 | 21,780円（税込）",3,3,https://chuokaikei.co.jp/shigoto-nayami/taishoku-daikou-osusume/ | https://goal4864.com/taisyokudaikou/osusume-ranking/ | https://jobs1.jp/media/columns/5674/,discovered_services_batch_comparison.csv,false,false,true,,
SVC030,,退職代行やめたらええねん,やめたらええねん,https://yametaraeenen.com/,yametaraeenen.com,株式会社熱狂スタイル,民間企業 | 民間（弁護士・社労士監修・労働組合提携）,true,"19,800円",3,3,https://jobs1.jp/media/columns/5674/ | https://taishokudaikou.tng-marketing.com/ | https://prtimes.jp/main/html/rd/p/000000005.000093189.html,discovered_services_batch_comparison.csv | discovered_services_batch_launches.csv,false,false,true,,
SVC031,,退職代行スマートヤメマス,退職代行スマートヤメマス 法人向けサービス,https://smartyamemasu.co.jp/taishokudaiko,smartyamemasu.co.jp,株式会社スマートヤメマス,,false,,2,2,https://prtimes.jp/main/html/rd/p/000000010.000157021.html | https://www.tsr-net.co.jp/news/tsr/detail/1202701_1521.html,discovered_services_batch_launches.csv | discovered_services_batch_manual.csv,false,false,true,,
SVC032,,退職代行の窓口,,taishoku.me,taishoku.me,日本経済合同労働組合,労働組合,false,"28,800円",2,2,https://gold-career.co.jp/media/retirement-agency/ | https://gold-career.co.jp/media/retirement-agency-union/,discovered_services_batch_comparison.csv | discovered_services_batch_union_lawyer.csv,false,false,true,,
SVC033,,退職代行ピンチヒッター,円満退職のピンチヒッター,,,株式会社Pino,民間企業 | 民間,true,"25,000円 | 27,500円",2,2,https://gold-career.co.jp/media/retirement-agency/ | https://yasume.org/yameyo/,discovered_services_batch_comparison.csv,false,true,true,,
SVC034,,弁護士法人川越みずほ法律会計,,lawyer-taishokudaikou.com,lawyer-taishokudaikou.com,弁護士法人川越みずほ法律会計,弁護士法人 | 弁護士法人（届出番号：H-1216）,true,"22,000円〜 | 17,000円～55,000円",2,2,https://chuokaikei.co.jp/shigoto-nayami/taishoku-daikou-osusume/ | https://career-buddy.co.jp/taishoku/retirement-agent/recommend-bengoshi-daiko/,discovered_services_batch_comparison.csv | discovered_services_batch_union_lawyer.csv,false,false,true,,
SVC035,,AI退職代行 by 行政書士,,https://ai-taishoku.sg-gss.com/,sg-gss.com,SG株式会社（SG行政書士法務事務所）,,false,,1,1,https://prtimes.jp/main/html/rd/p/000000003.000131994.html,discovered_services_batch_launches.csv,true,false,true,,
SVC036,,AI退職適正診断,,https://taishoku-anshin-daiko.com/,taishoku-anshin-daiko.com,株式会社エヌアンドエス,,false,,1,1,https://prtimes.jp/main/html/rd/p/000000007.000155176.html,discovered_services_batch_launches.csv,true,false,false,退職代行ではなく退職の適性を測る診断ツール,DIAGNOSTIC_TOOL
SVC037,,MOMURI+（モームリプラス）,,https://momuriplus.com/,momuriplus.com,株式会社アルバトロス,,false,,1,1,https://prtimes.jp/main/html/rd/p/000000021.000103965.html,discovered_services_batch_launches.csv,true,false,false,退職代行本体ではなく法人向けコンサルティングの派生,DERIVATIVE_OFFERING
SVC038,,SAYONARA CONCIERGE（サヨナラコンシェルジュ）,,https://sayonaraconcierge.com/,sayonaraconcierge.com,株式会社NexusAdvisors,,false,,1,1,https://prtimes.jp/main/html/rd/p/000000007.000153411.html,discovered_services_batch_launches.csv,true,false,true,,
SVC039,,YELL!!,,https://www.pif-yell.com/,pif-yell.com,合同会社Pay It Forward,,false,,1,1,https://prtimes.jp/main/html/rd/p/000000001.000161673.html,discovered_services_batch_launches.csv,true,false,true,,
SVC040,,イテクレヤ,,,,株式会社おくりバント,,false,,1,1,https://prtimes.jp/main/html/rd/p/000000010.000090563.html,discovered_services_batch_launches.csv,true,true,false,退職代行ではなく企業側の引き留め支援サービス。対抗サービスとして記録のみ,COUNTER_SERVICE
SVC041,,グリーンリーフ法律事務所,,https://www.saitama-bengoshi.com/taisyokudaikou/,saitama-bengoshi.com,グリーンリーフ法律事務所,弁護士事務所,false,"88,000円",1,1,https://topcourt-law.com/roudou/067,discovered_services_batch_union_lawyer.csv,true,false,true,,
SVC042,,スイスイ退職代行,,https://suisui-daikou.com/,suisui-daikou.com,株式会社スマートテック,,false,,1,1,https://prtimes.jp/main/html/rd/p/000000206.000057398.html,discovered_services_batch_launches.csv,true,false,true,,
SVC043,,モープリ,,https://ms-store.jp/,ms-store.jp,株式会社アルバトロス,,false,,1,1,https://prtimes.jp/main/html/rd/p/000000025.000103965.html,discovered_services_batch_launches.csv,true,false,false,退職代行ではなく退職者向けのサプリメント商品,NOT_A_SERVICE
SVC044,,引継ぎ代行プラス,,https://hikitsugi-daiko.com/,hikitsugi-daiko.com,inovie株式会社,,false,,1,1,https://prtimes.jp/main/html/rd/p/000000006.000184916.html,discovered_services_batch_launches.csv,true,false,false,退職代行ではなく業務引継ぎの代行サービス。隣接市場として記録のみ,ADJACENT_MARKET
SVC045,,若井綜合法律事務所,,https://wakailaw.com/taisyokudaiko/,wakailaw.com,若井綜合法律事務所,弁護士事務所,false,"55,000円（税込）",1,1,https://topcourt-law.com/roudou/067,discovered_services_batch_union_lawyer.csv,true,false,true,,
SVC046,,小澤・竹内弁護士の退職代行,,https://taisyoku-daikou.com/,taisyoku-daikou.com,小澤亜季子弁護士・竹内瑞穂弁護士,弁護士,false,"管理職以外 71,500円、役員 110,000円",1,1,https://topcourt-law.com/roudou/067,discovered_services_batch_union_lawyer.csv,true,false,true,,
SVC047,,退職.com,,,,株式会社SAMURAIマーケティング,,false,,1,1,https://www.mapion.co.jp/news/release/000000002.000152317/,discovered_services_batch_launches.csv,true,true,true,,
SVC048,,退職あんしん代行,,https://taishoku-anshin-daiko.com/,taishoku-anshin-daiko.com,株式会社エヌアンドエス,,false,,1,1,https://prtimes.jp/main/html/rd/p/000000004.000155176.html,discovered_services_batch_launches.csv,true,false,true,,
SVC049,,退職サポート（私のユニオン）,,,,合同労働組合 私のユニオン,労働組合,false,"22,000円",1,1,https://chuokaikei.co.jp/shigoto-nayami/taishoku-daikou-osusume/,discovered_services_batch_comparison.csv,true,true,true,,
SVC050,,退職代行J-NEXT,,,,J-NEXT株式会社,民間,false,"20,000円",1,1,https://yasume.org/yameyo/,discovered_services_batch_comparison.csv,true,true,true,,
SVC051,,退職代行JITAI,,https://taishoku-jitai.com/,taishoku-jitai.com,退職代行JITAI株式会社,,false,,1,1,https://prtimes.jp/main/html/rd/p/000000001.000151451.html,discovered_services_batch_launches.csv,true,false,true,,
SVC052,,退職代行MIRAI,,,,株式会社NFJ,民間企業,false,"14,800円",1,1,https://goal4864.com/taisyokudaikou/osusume-ranking/,discovered_services_batch_comparison.csv,true,true,true,,
SVC053,,退職代行エージェント,,,,株式会社RHコンサルティング,民間企業型,false,"22,000円~",1,1,https://b-pos.jp/g044/,discovered_services_batch_comparison.csv,true,true,true,,
SVC054,,退職代行スタイリード,,,,株式会社スタイリード,民間企業が運営,false,"20,000円(正社員) / 15,000円(契約・派遣社員) / 10,000円(パート・アルバイト)",1,1,https://sakucareer-up.jp/retirement-agency-union/,discovered_services_batch_union_lawyer.csv,true,true,true,,
SVC055,,退職代行ゼロユニオン,,,,,労働組合が運営,false,"正社員23,980円から",1,1,WebSearch:退職代行 ユニオン 運営,discovered_services_batch_union_lawyer.csv,true,true,true,,
SVC056,,退職代行だいじょうぶ,,https://daijoubu.jp,daijoubu.jp,株式会社Wandering Seagull,,false,,1,1,https://prtimes.jp/main/html/rd/p/000000001.000149471.html,discovered_services_batch_launches.csv,true,false,true,,
SVC057,,退職代行ニチロー,,,,労働組合法人 日本労働調査組合,労働組合,false,"28,000円",1,1,https://yasume.org/yameyo/,discovered_services_batch_comparison.csv,true,true,true,,
SVC058,,退職代行のABAYO,,,,株式会社アクロサポート,民間企業,false,"22,000円",1,1,https://gold-career.co.jp/media/retirement-agency/,discovered_services_batch_comparison.csv,true,true,true,,
SVC059,,退職代行みらい,,https://mirai-restart.com/,mirai-restart.com,株式会社あいゆめ,労働組合連携,false,"27,500円（税込）",1,1,https://jobs1.jp/media/columns/5674/,discovered_services_batch_comparison.csv,true,false,true,,
SVC060,,退職代行ヤメルート,,https://yame-route.com/,yame-route.com,ミックスナッツ,,false,,1,1,https://prtimes.jp/main/html/rd/p/000000002.000187609.html,discovered_services_batch_launches.csv,true,false,true,,
SVC061,,退職代行即ヤメ,,,,ネルサポート株式会社,労働組合,false,"24,000円",1,1,https://gold-career.co.jp/media/retirement-agency/,discovered_services_batch_comparison.csv,true,true,true,,
SVC062,,弁護士法人エース,,https://xn--ace-ns9dl08t02jl8m.jp/,xn--ace-ns9dl08t02jl8m.jp,弁護士法人エース,弁護士法人,false,"65,000円（55,000円＋事務手数料10,000円）",1,1,https://topcourt-law.com/roudou/067,discovered_services_batch_union_lawyer.csv,true,false,true,,
SVC063,,弁護士法人サリュ,,https://xn--m1q29bh7cv7etyjht3e70s.jp/retirement-agency/,xn--m1q29bh7cv7etyjht3e70s.jp,弁護士法人サリュ,弁護士法人,false,"退職代行プラン 20,000円、退職交渉プラン 60,000円（税込）",1,1,https://topcourt-law.com/roudou/067,discovered_services_batch_union_lawyer.csv,true,false,true,,
