service_id,service_name,name_variants,operator_name,operator_address,operator_representative,corporate_number,operator_type,service_url,tokusho_url,first_seen_date,service_launch_date,corporation_established_date,corporate_number_assigned_date,status_2024,status_2025,status_2026,status_detail,price_2024,price_2025,price_2026,price_last_observed,price_last_observed_year,price_last_observed_source,normal_price_2026,campaign_price_2026,price_notes,lawyer_supervised_claim,lawyer_operated,labor_union_operated,labor_union_partnered,union_or_firm_name,additional_fee_claim_raw,refund_guarantee,support_24h,line_support,phone_support,negotiation_claim,paid_leave_claim,unpaid_wage_claim,documents_claim,career_support_type,career_support_claim,job_placement_claim,career_counseling_claim,agent_referral_claim,resume_support_claim,interview_support_claim,unemployment_support_claim,post_resignation_support_claim,targets_20s,targets_new_grad,targets_second_new_grad,targets_early_leavers,targets_first_resignation,application_available,website_alive,http_status_2026,fetch_error_2026,apex_fallback_from,corporate_status,corporate_closed_date,shutdown_announced,shutdown_date,bankruptcy,bankruptcy_date,legal_action_count,archive_2024_url,archive_2025_url,archive_scope,current_url,mention_count,source_count,last_verified_at,confidence,review_required,review_reasons,notes,fields_batch
SVC001,退職代行OITOMA,退職代行オイトマ | 退職代行OITOMA(オイトマ),株式会社H4,〒491-0831 愛知県一宮市森本4丁目13-8,堀 世至臣,6180001105741,PRIVATE,https://o-itoma.jp/,https://o-itoma.jp/law/,2026-10-07,,,2015-10-05,UNKNOWN,LIKELY_ACTIVE,ACTIVE,2026-10-07 時点でサイトが200応答し、申込または相談の経路を確認,,"24,000円",24000円,24000円,2026,OFFICIAL_2026,24000円,20000円(税込),"特商法ページは販売価格24,000円、WEB限定料金20,000円(税込)と表記。トップページは「一律20,000円（税込）」。後払いオプション手数料9,000円(税込)。雇用形態別の価格差はなし",false,false,true,false,労働組合日本通信ユニオン,true,true,true,true,true,true,,,,UNKNOWN,true,,,,,,true,true,false,false,false,false,false,true,true,200,,,REGISTERED,,,,,,,,http://web.archive.org/web/20250622212423/https://o-itoma.jp/,,https://o-itoma.jp/,12,12,2026-10-07,HIGH,true,比較サイト間で運営形態の記述が矛盾 / サイトは労働組合運営と表示するが特商法の販売業者は民間企業,弁護士監修ではなく「行政書士東京中央法務オフィス様と提携」「行政書士監修」表記。転職サポートは比較表と見出しに記載があるのみで、内容・提携先・専用ページは確認できず、career_support_typeはUNKNOWN。有給消化・未払い給与・離職票の個別クレームはトップ/特商法ページでは明示されておらず空欄。unemployment_support_claimは失業保険ではなく給付金（社会保険給付金）サポートを根拠にtrue,service_fields_batch1.csv
SVC002,退職代行ガーディアン,,東京労働経済組合（略称:TRK）,〒160-0004 東京都新宿区四谷1-15 アーバンビルサカス8 B棟1階3号室,執行委員長 長谷川義人,8011305000569,LABOR_UNION,https://taisyokudaiko.jp/,,2026-10-07,,,2015-10-05,UNKNOWN,LIKELY_ACTIVE,ACTIVE,2026-10-07 時点でサイトが200応答し、申込または相談の経路を確認,,"19,800円",19800円,19800円,2026,OFFICIAL_2026,19800円,,"正社員・契約社員・派遣社員・アルバイト一律19,800円。「組合費に消費税はかかりません。表示額以外の消費税は加算されません」と表記（税込/税別表記ではなく不課税扱い）。加入費＋組合費のみ",false,false,true,false,東京労働経済組合,true,false,,true,true,true,true,true,true,NONE,false,false,false,false,false,false,false,false,false,false,false,false,false,true,true,200,,,REGISTERED,,,,,,,http://web.archive.org/web/20240602063404/https://taisyokudaiko.jp/,http://web.archive.org/web/20250715162412/https://taisyokudaiko.jp/,,https://taisyokudaiko.jp/,11,11,2026-10-07,HIGH,true,比較サイト間で運営形態の記述が矛盾,特定商取引法に基づく表記ページは発見できず（/law/ と /tokushoho/ はいずれも404、トップ・利用規約・運営組合概要のフッターにもリンクなし）。労働組合自身が事業者のため特商法表記が存在しない可能性。利用規約には「組合費の返金は行いません」とあり返金保証なし。24時間対応の明示表記は確認できず空欄（「ご相談当日からスピード対応」のみ）。転職支援・求人紹介・キャリア相談・失業保険サポートの記載はトップ/運営組合概要/利用規約を確認した範囲で一切なし。法人番号8011305000569、設立1999年9月27日,service_fields_batch1.csv
SVC003,退職代行SARABA,,株式会社スムリエ,〒810-0001 福岡県福岡市中央区天神3丁目10-32 ロゼ天神303,上谷美幸樹（代表取締役）,4290001088234,PRIVATE,https://taisyokudaikou.com/,https://taisyokudaikou.com/%e7%89%b9%e5%ae%9a%e5%95%86%e5%8f%96%e5%bc%95%e6%b3%95%e3%81%ab%e5%9f%ba%e3%81%a5%e3%81%8f%e8%a1%a8%e8%a8%98%e2%80%8b%e3%83%bb%e5%85%8d%e8%b2%ac%e4%ba%8b%e9%a0%85/,2026-10-07,,,2020-03-04,UNKNOWN,UNKNOWN,ACTIVE,2026-10-07 時点でサイトが200応答し、申込または相談の経路を確認,,,24000円,24000円,2026,OFFICIAL_2026,24000円,,「申込み価格は雇用形態に関わらず料金一律24000円となっています」「入会費と代行費用合わせて24000円」。税込/税別の表記なし。同一ページ内に「職業関係なく一律30000円です」という旧価格と思われる不整合記述あり。期間限定2大特典の表記あり（内容は画像のため未取得）,false,false,true,false,退職代行SARABAユニオン,true,true,false,true,true,true,true,true,true,UNKNOWN,true,,,,,,false,true,false,false,false,false,false,true,true,200,,,REGISTERED,,,,,,,,http://web.archive.org/web/20250514022736/https://taisyokudaikou.com/,,https://taisyokudaikou.com/,10,10,2026-10-07,HIGH,true,比較サイト間で運営形態の記述が矛盾 / サイトは労働組合運営と表示するが特商法の販売業者は民間企業 / 特商法の所在地と法人番号公表サイトの所在地が不一致,特商法の販売事業者は株式会社スムリエのためoperator_typeはPRIVATE。サービス実施主体として「退職代行SARABAユニオン」が特商法ページに記載。24時間対応の明示はなく「休日や深夜でも可能な限り、対応しております」との表記のためsupport_24hはfalse。転職サポートは「無料転職サポート付き」「転職を無料サポート」の一文のみで、提携先・求人紹介・キャリア相談のいずれとも特定できずcareer_support_typeはUNKNOWN。給付金・失業保険の記載なし,service_fields_batch1.csv
SVC004,わたしNEXT,退職代行わたしNEXT | 退職代行 わたしNEXT,toNEXTドットジェイピー（to-NEXT.jp）／合同労働組合「退職代行toNEXTユニオン」,〒107-0062 東京都港区南青山2-2-15,鈴木 良典（運営統括責任者）,,OTHER,https://taishoku.to-next.jp/,https://taishoku.to-next.jp/law/,2026-10-07,,,,UNKNOWN,UNKNOWN,ACTIVE,2026-10-07 時点でサイトが200応答し、申込または相談の経路を確認,,,21800円(税込),21800円(税込),2026,OFFICIAL_2026,21800円(税込),,"正社員・契約社員・派遣社員・内定辞退・休職代行：21,800円(税込)＋組合費別途1,000円。アルバイト・パート（社会保険未加入）：18,800円(税込)＋組合費別途1,000円。サブスクプラン月額3,300円(税別)で年2回まで利用可",false,false,true,false,合同労働組合「退職代行toNEXTユニオン」,true,true,true,true,true,false,true,true,true,PARTNER_REFERRAL,true,false,,true,,,true,true,false,false,false,,,true,true,200,,,,,,,,,,http://web.archive.org/web/20240601010257/https://taishoku.to-next.jp/,,,https://taishoku.to-next.jp/,9,9,2026-10-07,HIGH,true,比較サイト間で運営形態の記述が矛盾,特商法の販売事業者は「toNEXTドットジェイピー（to-NEXT.jp）」で法人格表記がなく、実施主体は合同労働組合「退職代行toNEXTユニオン」。株式会社でも弁護士法人でもないためoperator_typeはOTHER。弁護士監修ではなく「弁護士からの指導も受け、業務範囲や内容の適正化を行っております」との表記のためlawyer_supervised_claimはfalse。交渉については「交渉には応じておりません」と明記されているためnegotiation_claimはfalse（有給消化・給与・離職票は会社へ伝達する形）。転職サポートはUZUZ・みらい人事・JHR転職エージェント等の提携企業紹介型。ターゲットは女性特化で、第二新卒・新卒への訴求は確認できず。初めての退職・早期離職への明示的訴求は確認できず空欄,service_fields_batch1.csv
SVC005,退職代行Jobs,退職代行jobs,株式会社アレス,〒533-0006 大阪市東淀川区上新庄3-14-12-1202,佐藤 英一郎,8120001234503,PRIVATE,https://jobs1.jp,https://jobs1.jp/law/,2026-10-07,,,2021-01-13,LIKELY_ACTIVE,LIKELY_ACTIVE,ACTIVE,2026-10-07 時点でサイトが200応答し、申込または相談の経路を確認,"27,000円（税込）","27,000円（税込）",27000円(税込),27000円(税込),2026,OFFICIAL_2026,27000円(税込),19800円(税込),"通常27,000円(税込)。労働組合連携の「安心パックプラン」29,000円(税込)＋組合費（新規加入金2,000円＋2ヶ月組合費2,000円＝計4,000円）。2名以上同時申込または入社辞退・入社3日以内退職の場合19,800円(税込)",true,false,false,true,合同労働組合ユニオンジャパン,true,true,true,true,true,false,true,true,true,PARTNER_REFERRAL,true,true,,true,,,true,true,,,false,true,,true,true,200,,,REGISTERED,,,,,,,http://web.archive.org/web/20240417050330/https://jobs1.jp/,http://web.archive.org/web/20250723111610/https://jobs1.jp/,,https://jobs1.jp,9,9,2026-10-07,HIGH,true,比較サイト間で運営形態の記述が矛盾,運営は株式会社アレスで、交渉が必要な場合は合同労働組合ユニオンジャパンと連携する提携型。比較表では「会社との交渉」が×（Jobs単独では交渉不可、組合プラン利用時に対応）のためnegotiation_claimはfalse。退職後サポートは提携型で転職支援（みらい人事、UZUZ等）、引っ越しサポート（アパマンショップ、サカイ引越センター等）、給付金サポート、スキルアップ、クリニック紹介。/support/ は404。20代・新卒・第二新卒の明示的訴求は確認できず（入社3日以内割引のみ）,service_fields_batch1.csv
SVC006,退職代行ネルサポ,,ネルサポート株式会社,〒614-8001 京都府八幡市八幡科手7-10 科手ビル2B,野中 優馬,4130003006267,PRIVATE,https://newlife-support.com/,https://newlife-support.com/law,2026-10-07,,,2019-11-11,LIKELY_ACTIVE,LIKELY_ACTIVE,ACTIVE,2026-10-07 時点でサイトが200応答し、申込または相談の経路を確認,"22,000円","22,000円",15000円(税込),15000円(税込),2026,OFFICIAL_2026,15000円(税込),,"トップページ表示は「利用料金¥15,000（税込）」。一方で「リピーター様限定。正社員もアルバイトも通常24000円が一律20000円」という別表記があり、通常料金の表記に不整合あり。特商法ページは価格を記載せずトップページ参照と案内",true,false,false,false,,true,true,,true,true,false,true,false,true,CAREER_COUNSELING,true,false,true,false,,,false,true,false,false,false,false,false,true,true,200,,,REGISTERED,,,,,,,http://web.archive.org/web/20240527094211/https://newlife-support.com/,http://web.archive.org/web/20250622114321/https://newlife-support.com/,,https://newlife-support.com/,9,9,2026-10-07,HIGH,true,比較サイト間で運営形態の記述が矛盾,労働組合の名称・提携の記載はトップページ/特商法ページのいずれにもなし。「交渉」という語は出現せず「弊社スタッフが退職の意思を代行し会社へ連絡します」との表記のためnegotiation_claimはfalse。転職支援は相談受付の案内のみで求人紹介・提携エージェントの記載はなくCAREER_COUNSELINGと判定。24時間対応の明示表記は確認できず空欄（「即日対応可能」のみ）。給付金・失業保険サポートの記載なし,service_fields_batch1.csv
SVC007,男の退職代行,,合同労働組合「退職代行toNEXTユニオン」／toNEXTドットジェイピー（to-NEXT.jp）,〒107-0062 東京都港区南青山2-2-15,鈴木 良典（運営統括責任者）,,OTHER,https://taishoku.to-next.jp/otoko/,https://taishoku.to-next.jp/otoko/law,2026-10-07,,,,UNKNOWN,UNKNOWN,ACTIVE,2026-10-07 時点でサイトが200応答し、申込または相談の経路を確認,,,21800円(税込),21800円(税込),2026,OFFICIAL_2026,21800円(税込),,"正社員・契約社員・派遣社員等：21,800円(税込)＋組合費別途1,000円。アルバイト・パート：18,800円(税込)＋組合費別途1,000円",false,false,true,false,合同労働組合「退職代行toNEXTユニオン」,true,true,true,true,true,,true,true,true,PARTNER_REFERRAL,true,false,,true,,,true,true,true,false,false,,,true,true,200,,,,,,,,,,http://web.archive.org/web/20240601010257/https://taishoku.to-next.jp/,,,https://taishoku.to-next.jp/otoko/,9,9,2026-10-07,HIGH,true,比較サイト間で運営形態の記述が矛盾,わたしNEXTと同一運営（toNEXTドットジェイピー＋合同労働組合「退職代行toNEXTユニオン」）。法人格表記がなく株式会社でも弁護士法人でもないためoperator_typeはOTHER。「弁護士からの指導も受けておりますので安心してご利用いただくことができます」との表記で「弁護士監修」文言ではないためlawyer_supervised_claimはfalse。交渉可否の明示表記はこのページでは確認できず空欄（姉妹サイトわたしNEXTでは交渉に応じないと明記）。男性専門サービスで20代30代を明示的に訴求、ただし第二新卒・新卒への訴求はなし,service_fields_batch1.csv
SVC008,フォーゲル綜合法律事務所,フォーゲル,弁護士法人フォーゲル綜合法律事務所,〒530-0041 大阪府大阪市北区天神橋2-4-17 千代田第一ビル5F,嵩原安三郎（代表弁護士）,6120005011644,LAW_FIRM,https://enman-taishokudaikou.com/,,2026-10-07,,,2015-10-05,UNKNOWN,LIKELY_ACTIVE,ACTIVE,2026-10-07 時点でサイトが200応答し、申込または相談の経路を確認,,"25,000円 税込",25000円(消費税込),25000円(消費税込),2026,OFFICIAL_2026,25000円(消費税込),,"円満退職スタンダード25,000円(消費税込)。ライトプラン22,000円(税込)、円満退職あんしんプラス55,000円(消費税込)、業務委託解消スタンダード55,000円(消費税込)、業務委託解消あんしんプラス110,000円(税込)、公務員退職あんしんプラス55,000円(税込)、傷病手当サポート33,000円(税込)、役員退任代行着手金165,000円(消費税込)。雇用形態別ではなくプラン別の価格体系",false,true,false,false,弁護士法人フォーゲル綜合法律事務所,true,true,true,true,true,true,true,true,true,NONE,false,false,false,false,false,false,false,false,false,false,false,false,false,true,true,200,,,REGISTERED,,,,,,,http://web.archive.org/web/20240601014103/https://enman-taishokudaikou.com/,http://web.archive.org/web/20250521204550/https://enman-taishokudaikou.com/,,https://enman-taishokudaikou.com/,7,7,2026-10-07,HIGH,true,比較サイト間で運営形態の記述が矛盾,特定商取引法に基づく表記ページは発見できず（/tokusho/、/law/、/tokushoho/ すべて404。フッターは利用規約（./terms_of_service.php）とプライバシーポリシー（./privacy_policy.php）のみ）。弁護士法人自身が提供主体のためlawyer_operated=true、「弁護士監修」文言は使用せず代表弁護士が直接対応と訴求するためlawyer_supervised_claim=false。転職支援・求人紹介・キャリア相談・人材紹介の記載はトップページ・利用規約を確認した範囲で一切なし。FAQに「失業給付の金額・期間も増え、国保も減免となる場合が多い」との会社都合退職の説明はあるが失業保険申請サポートサービスではないためunemployment_support_claim=false。60日間弁護士がアフターフォローは退職手続に関するフォロー。LINE相談は24時間、電話受付10:00〜19:00,service_fields_batch1.csv
SVC009,退職代行ニコイチ,,株式会社ニコイチ,,,,UNKNOWN,https://www.g-j.jp/lp04/,,2026-10-07,,,,UNKNOWN,UNKNOWN,LIKELY_ACTIVE,2026-10-07 時点でサイトは200応答するが、申込機能の稼働まで確認できていない,,,,,,,,,,,,,,,,,,,,,,,,UNKNOWN,,,,,,,,,,,,,,,true,200,,,,,,,,,,,,,https://www.g-j.jp/lp04/,7,7,2026-10-07,MEDIUM,true,比較サイト間で運営形態の記述が矛盾,運営元ドメインは g-j.jp（コーポレートタイトルは「電話代行専門 株式会社ニコイチ」）。特定商取引法に基づく表記は https://www.g-j.jp/specific-quotient/ に存在し200で到達（タイトル「特定商取引法 | 電話代行ニコイチ」）。退職代行LPは同一ドメイン配下,
SVC010,退職代行モームリ,,株式会社アルバトロス,神奈川県横浜市中区本町1丁目5-2 ロワレール横浜本町県庁前304,浜田 優花,3020001145095,PRIVATE,https://momuri.com/,https://momuri.com/tokusho/,2026-10-07,,,2022-02-03,LIKELY_ACTIVE,UNKNOWN,ACTIVE,2026-10-07 時点でサイトが200応答し、申込または相談の経路を確認,"22,000円",,22000円,22000円,2026,OFFICIAL_2026,22000円,12000円,"正社員・契約社員・派遣社員22,000円、パート・アルバイト12,000円（特商法ページ・トップページともに税込/税別の明示なし）。campaign_price_2026欄の12,000円はキャンペーンではなくアルバイト・パート料金。学割の記載は確認できず",true,false,false,false,,true,true,true,true,true,false,true,,,JOB_PLACEMENT,true,true,,false,,,false,true,false,false,false,false,false,true,true,200,,,REGISTERED,,,,,,6,http://web.archive.org/web/20240601040450/https://momuri.com/,,,https://momuri.com/,7,7,2026-10-07,HIGH,true,比較サイト間で運営形態の記述が矛盾,転職支援は同じ株式会社アルバトロスが運営する自社サービス「アルバトロス転職」（https://www.alba-tross.jp/job-change/）へ誘導する形のためJOB_PLACEMENTと判定、外部エージェントへの紹介ではないためagent_referral_claim=false。「退職に『交渉』は一切必要ありません」と明記されているためnegotiation_claim=false。労働組合の記載はトップページ・特商法ページのいずれにもなし。未払い給与請求・離職票等書類のクレームは確認できず空欄。年代ターゲットの明示表現はなく、著書「Z世代が辞めたい会社」への言及のみ。給付金・失業保険サポートの記載なし,service_fields_batch1.csv
SVC011,退職代行ヤメドキ,,株式会社25H,群馬県伊勢崎市田中島町1420-1 BIZ-STYLE-C,早川 大騎,2012301013529,PRIVATE,https://yamedoki.co.jp,https://yamedoki.co.jp/tokusho/index.php,2026-10-07,,,2023-07-19,LIKELY_ACTIVE,LIKELY_ACTIVE,ACTIVE,2026-10-07 時点でサイトが200応答し、申込または相談の経路を確認,"￥24,000（税込）","24,000円（税込）",24000円(税込),24000円(税込),2026,OFFICIAL_2026,24000円(税込),,"特商法表記では通常30,000円(税込)、特別価格24,000円(税込)、紹介利用者20,000円(税込)の3段階。トップページ表示は24,000円(税込)",false,false,false,false,,true,true,true,true,true,false,true,true,true,NONE,false,false,false,false,false,false,false,false,false,false,false,true,false,true,true,200,,,REGISTERED,,,,,,,http://web.archive.org/web/20240505232306/http://yamedoki.co.jp/,http://web.archive.org/web/20250516075203/https://yamedoki.co.jp/,,https://yamedoki.co.jp,7,7,2026-10-07,HIGH,true,比較サイト間で運営形態の記述が矛盾,トップページ・特商法ページの両方を確認したが、転職・求人・キャリア・再就職・失業保険に関する記載は一切なし。弁護士監修/弁護士運営/労働組合の運営・提携の記載もなし(他社比較文中に『弁護士さんが運営する退職代行』への言及があるのみ)。20代は利用者の声の属性表記であり訴求対象の明示ではないためtargets_20sはfalse。targets_early_leaversはFAQ『入社1年以内でも辞められるの？』を根拠にtrue。返金保証は特商法ページの『万が一、退職できなければ全額返金致します』を根拠,service_fields_batch2.csv
SVC012,弁護士法人みやび,弁護士法人みやびの退職代行サービス,弁護士法人みやび,〒105-0021 東京都港区東新橋1-1-21 今朝ビル5階,,8010405012012,LAW_FIRM,https://www.miyabi-law.jp/retirement/,,2026-10-07,,,2015-10-05,LIKELY_ACTIVE,LIKELY_ACTIVE,ACTIVE,2026-10-07 時点でサイトが200応答し、申込または相談の経路を確認,,,27500〜77000円(税込),27500〜77000円(税込),2026,OFFICIAL_2026,27500〜77000円(税込),,オプション費用は『回収額の20%（残業代・退職金請求など）※ただし、会社が支払いを拒否し、弁護士が交渉を行った場合にのみ発生』。雇用形態別の価格区分は記載なし,false,true,false,false,弁護士法人みやび,false,false,true,true,true,true,true,true,false,NONE,false,false,false,false,false,false,false,false,false,false,false,false,false,true,true,200,,,REGISTERED,,,,,,,http://web.archive.org/web/20240601232323/https://www.miyabi-law.jp/,http://web.archive.org/web/20250619185842/https://www.miyabi-law.jp/,APEX_HOMEPAGE,https://www.miyabi-law.jp/retirement/,7,7,2026-10-07,HIGH,true,比較サイト間で運営形態の記述が矛盾 / 特商法の所在地と法人番号公表サイトの所在地が不一致,特定商取引法に基づく表記ページはトップページ・退職代行ページのいずれからも発見できず、tokusho_urlは空。代表弁護士名も両ページに記載なしのため空。弁護士法人自身が運営するため lawyer_operated=true、『弁護士監修』という表現は使っていないため lawyer_supervised_claim=false。転職・求人・キャリア相談・再就職支援の記載はなし。追加料金なしの明示はなく逆にオプション費用を明記しているため additional_fee_claim=false。離職票等の書類請求の記載は確認できず false,service_fields_batch2.csv
SVC013,アディーレ法律事務所,アディーレ | 退職代行サービス ライトプラン（アディーレ法律事務所）,弁護士法人AdIre法律事務所,〒170-6033 東京都豊島区東池袋3-1-1 サンシャイン60,,9013305003294,LAW_FIRM,https://www.adire-roudou.jp/daikou/lp_1907_a.html,,2026-10-07,,,2022-01-12,UNKNOWN,LIKELY_ACTIVE,ACTIVE,2026-10-07 時点でサイトが200応答し、申込または相談の経路を確認,,,19800円(ライトプラン),19800円(ライトプラン),2026,OFFICIAL_2026,19800円(ライトプラン),"2回目以降の方は、5,500円（税込）OFF","フルサポートプランは77,000円。『退職に付随する事項を超えた交渉や、退職後に発生したトラブル等の対応には、別途弁護士費用が発生します』",false,true,false,false,弁護士法人AdIre法律事務所,false,true,true,true,true,true,true,true,true,NONE,false,false,false,false,false,false,false,false,false,false,false,false,false,true,true,200,,,REGISTERED,,,,,,,http://web.archive.org/web/20240526124722/https://www.adire-roudou.jp/,http://web.archive.org/web/20250526161659/https://www.adire-roudou.jp/,APEX_HOMEPAGE,https://www.adire-roudou.jp/taishokudaikou/,6,6,2026-10-07,HIGH,true,比較サイト間で運営形態の記述が矛盾,LPおよび adire-roudou.jp トップを確認。特定商取引法に基づく表記ページへのリンクは発見できずtokusho_urlは空。代表弁護士名の記載なし。転職支援・求人紹介・キャリア相談・再就職支援・失業保険の記載は一切なし。弁護士法人運営のため lawyer_operated=true、『弁護士監修』表現はなし。24時間はLINE/Web相談予約の受付時間(電話は9:00〜22:00),service_fields_batch2.csv
SVC014,辞めるんです,退職代行辞めるんです,LENIS Entertainment株式会社,,,,UNKNOWN,https://yamerundesu.com/,,2026-10-07,,,,UNKNOWN,UNKNOWN,LIKELY_ACTIVE,2026-10-07 時点でサイトは200応答するが、申込機能の稼働まで確認できていない,,,,,,,,,,,,,,,,,,,,,,,,UNKNOWN,,,,,,,,,,,,,,,true,200,,,,,,,,,,http://web.archive.org/web/20240530091323/https://yamerundesu.com/,,,https://yamerundesu.com/,6,6,2026-10-07,MEDIUM,true,比較サイト間で運営形態の記述が矛盾,一部比較サイト（asiro.co.jp）は見出しに「【運営停止】」と付けているが、2026-10-07時点で公式サイトは200で稼働し、サービス終了・運営停止の告知はページ内に無い。フッター振込口座名義に「レニスエンターテイメント」表記あり,
SVC015,退職代行EXIT,EXIT,ENTRANCE株式会社,〒150-0041 東京都渋谷区神南1-11-4 FPGリンクス神南5階,新野俊幸,5011001141769,PRIVATE,https://www.taishokudaikou.com/,https://www.taishokudaikou.com/law/,2026-10-07,,,2021-07-15,LIKELY_ACTIVE,UNKNOWN,ACTIVE,2026-10-07 時点でサイトが200応答し、申込または相談の経路を確認,"20,000円（税込）",,15000円,15000円,2026,OFFICIAL_2026,15000円,,"『業界最安値 15,000円』。2回目以降は『何度でも 10,000円』。『もちろん、追加料金は一切かかりません』",true,false,false,false,,true,true,false,true,false,false,true,true,false,JOB_PLACEMENT,true,true,false,false,true,false,false,true,false,false,false,false,false,true,true,200,,,REGISTERED,,,,,,,http://web.archive.org/web/20240528013029/https://www.taishokudaikou.com/,,,https://www.taishokudaikou.com/,6,6,2026-10-07,HIGH,true,比較サイト間で運営形態の記述が矛盾,特商法ページの事業者名は『ENTRANCE株式会社』だが、サイト本文の運営者表記は『EXIT Inc.』。本CSVでは特商法表記を採用。転職支援は自社が無料で提供する求人検索・書類作成・応募〜面接日程調整の代行であり、提携エージェントへの送客とは書かれていないため agent_referral_claim=false、JOB_PLACEMENTに分類。『転職に必要な作業（面接以外）を全て代行』とあり面接対策そのものの記載はないため interview_support_claim=false。交渉は『あくまで通知・連絡に徹する』として否定しているため negotiation_claim=false。24時間対応・電話番号の記載は両ページとも確認できずfalse。第二新卒/20代などの年代訴求は記載なし,service_fields_batch2.csv
SVC016,退職代行辞スル,退職代行 辞スル,株式会社シーズ,東京都大田区蒲田5丁目49-10-101号,伊藤 敏之,8010801017663,PRIVATE,https://jisuru.com/,https://jisuru.com/tokusyo/,2026-10-07,,,2015-10-05,UNKNOWN,LIKELY_ACTIVE,ACTIVE,2026-10-07 時点でサイトが200応答し、申込または相談の経路を確認,,"正社員 22,000円",22000円(税込),22000円(税込),2026,OFFICIAL_2026,22000円(税込),500円クーポン発行中,"正社員・契約社員22,000円(税込)、アルバイト18,000円。特商法記載の別途費用: 書類送料500円〜5,560円、後払い手数料1,000円〜3,000円",true,false,false,false,,true,true,true,true,true,false,true,false,true,NONE,false,false,false,false,false,false,false,false,false,false,false,false,false,true,true,200,,,REGISTERED,,,,,,,http://web.archive.org/web/20240711004639/https://jisuru.com/,http://web.archive.org/web/20250515062846/https://jisuru.com/,,https://jisuru.com/,6,6,2026-10-07,HIGH,true,比較サイト間で運営形態の記述が矛盾,トップページと特商法ページを確認。転職支援・求人紹介・キャリア相談・再就職支援・失業保険の記載は一切なし。運営は株式会社シーズ(民間)で、弁護士は監修のみ(lawyer_operated=false)。労働組合の運営・提携の記載は両ページともなしのため false。交渉可否の明示なし。未払い給与に関する記載も確認できずfalse。20代/新卒/第二新卒などの年代訴求は記載なし,service_fields_batch2.csv
SVC017,弁護士法人ガイアの退職代行サービス,弁護士法人ガイア総合法律事務所 | 弁護士法人ガイア | 弁護士法人ガイアの退職代行 | ガイア法律事務所,弁護士法人ガイア総合法律事務所,〒105-0005 東京都港区新橋3丁目2番3 千代川ビル6階,安沢 尚志,4010405013393,LAW_FIRM,https://www.gaia-law-office.jp/taisyoku/,https://www.gaia-law-office.jp/taisyoku/tokusyo.html,2026-10-07,,,2015-10-05,LIKELY_ACTIVE,UNKNOWN,ACTIVE,2026-10-07 時点でサイトが200応答し、申込または相談の経路を確認,,,,,,,,,料金は両ページとも具体額の記載なし。特商法ページは『当ホームページ上に記載。その他弁護士報酬は弊所報酬基準によります。』、銀行振込手数料は顧客負担,false,true,false,false,弁護士法人ガイア総合法律事務所,false,false,false,true,true,true,true,true,true,NONE,false,false,false,false,false,false,false,false,false,false,false,false,false,true,true,200,,,REGISTERED,,,,,,,http://web.archive.org/web/20240525201245/https://www.gaia-law-office.jp/,,APEX_HOMEPAGE,https://www.gaia-law-office.jp/taisyoku/,6,6,2026-10-07,HIGH,true,比較サイト間で運営形態の記述が矛盾,サービスページと特商法ページを確認。転職支援・求人紹介・キャリア相談・再就職支援・失業保険の記載は一切なし。価格はどちらのページにも具体的な金額が表示されておらず normal_price_2026 は空。返金保証・24時間対応・追加料金なしの明示はいずれも確認できずfalse。サービスページの表記は『ガイア綜合法律事務所』、特商法表記は『ガイア総合法律事務所』で表記ゆれあり(特商法表記を採用)。代表弁護士名は特商法ページの運営責任者『安沢 尚志』を採用,service_fields_batch2.csv
SVC018,退職110番,,弁護士法人あおば,〒550-0012 大阪府大阪市西区立売堀1丁目1-1-4F,相川祐一朗,7120005020735,LAW_FIRM,https://aoba.lawyer/taishoku110/,https://aoba.lawyer/taishoku110/tokusyoho,2026-10-07,,,2019-02-22,UNKNOWN,LIKELY_ACTIVE,ACTIVE,2026-10-07 時点でサイトが200応答し、申込または相談の経路を確認,,,43800円(税込),43800円(税込),2026,OFFICIAL_2026,43800円(税込),,一律税込み43800円(内容証明郵便含む)。特商法ページは『商品ごとに掲示』『表記価格はすべて税込み表記』とのみ記載,false,true,false,false,弁護士法人あおば,false,true,false,false,false,true,true,true,true,NONE,false,false,false,false,false,false,false,false,false,false,false,false,false,true,true,200,,,REGISTERED,,,,,,,http://web.archive.org/web/20240416043735/https://aoba.lawyer/,http://web.archive.org/web/20250618115042/https://aoba.lawyer/,APEX_HOMEPAGE,https://aoba.lawyer/taishoku110/,5,5,2026-10-07,HIGH,true,比較サイト間で運営形態の記述が矛盾,サービスページと特商法ページを確認。転職支援・求人紹介・キャリア相談・再就職支援・失業保険の記載は一切なし。弁護士法人あおば(大阪弁護士会)が直接運営。代表者は弁護士『相川祐一朗』(サービスページ記載、特商法ページには代表者名なし)。LINE・電話・24時間対応の記載は確認できずfalse(問い合わせはフォーム)。『一律』表記はあるが『追加料金なし』の明示はないため additional_fee_claim=false。年代訴求の記載なし,service_fields_batch2.csv
SVC019,リーガルジャパン,退職代行リーガルジャパン,,,,,UNKNOWN,https://lp.legal-japan.net,,2026-10-07,,,,UNKNOWN,UNKNOWN,STOPPED,2026-10-07 時点で公式ドメインが名前解決できない（dns_not_resolved:ENOTFOUND）。倒産の確認ではない,,,,,,,,,,,,,,,,,,,,,,,,UNKNOWN,,,,,,,,,,,,,,,false,,dns_not_resolved:ENOTFOUND,,,,,,,,,,http://web.archive.org/web/20250519055604/https://lp.legal-japan.net/,,https://lp.legal-japan.net,4,4,2026-10-07,MEDIUM,true,比較サイト間で運営形態の記述が矛盾,,
SVC020,退職代行イマスグヤメタイ,,株式会社Maimo,〒541-0056 大阪府大阪市中央区久太郎町1-5-31 リアライズ堺筋本町ビル502,金沢 裕介,8120001238223,PRIVATE,https://maimo-inc.co.jp/,https://maimo-inc.co.jp/docs/tokusho,2026-10-07,,,2021-06-14,UNKNOWN,UNKNOWN,ACTIVE,2026-10-07 時点でサイトが200応答し、申込または相談の経路を確認,,,22000円(税込),22000円(税込),2026,OFFICIAL_2026,22000円(税込),,"正社員・契約社員・派遣社員22,000円(税込)、アルバイト21,000円(税込)。特商法ページには『TOPページに掲載するサービス料金以外に、消費税・お支払いに関する手数料が必要です』",true,false,false,true,合同労働組合はたらく権利サポートユニオン(提携)／久松法律事務所(監修),true,true,true,true,false,true,true,false,true,PARTNER_REFERRAL,true,true,true,true,true,true,false,true,false,false,false,false,false,true,true,200,,,REGISTERED,,,,,,,,,,https://maimo-inc.co.jp/,4,4,2026-10-07,HIGH,true,比較サイト間で運営形態の記述が矛盾,運営は株式会社Maimo(民間)。労働組合は『提携』であり運営ではないため operator_type=PRIVATE、labor_union_operated=false / labor_union_partnered=true。提携組合名は特商法ページ記載の『合同労働組合はたらく権利サポートユニオン』、監修弁護士はトップページ記載の『久松法律事務所』。転職支援は自社ではなく外部サービスへの『おつなぎ』と明記されているため PARTNER_REFERRAL。失業保険・20代/第二新卒などの年代訴求の記載はなし。電話番号の記載なし(LINE・メールのみ),service_fields_batch2.csv
SVC021,退職代行トリケシ,TORIKESHI（トリケシ）,,,,,UNKNOWN,https://lp.torikeshi.jp,,2026-10-07,,,,UNKNOWN,UNKNOWN,STOPPED,2026-10-07 時点で公式ドメインが名前解決できない（dns_not_resolved:ENOTFOUND）。倒産の確認ではない,,,,,,,,,,,,,,,,,,,,,,,,UNKNOWN,,,,,,,,,,,,,,,false,,dns_not_resolved:ENOTFOUND,,,,,,,,,http://web.archive.org/web/20240602213445/https://lp.torikeshi.jp/,,,https://lp.torikeshi.jp,4,4,2026-10-07,MEDIUM,true,比較サイト間で運営形態の記述が矛盾,,
SVC022,退職代行ローキ,,労働基準調査組合,〒550-0013 大阪市西区新町1丁目14番39号日宝立売堀ビル405号室,谷本 祥子(執行委員長),7120005023597,LABOR_UNION,https://rouki.help/,https://rouki.help/raw,2026-10-07,,,2023-05-01,UNKNOWN,UNKNOWN,ACTIVE,2026-10-07 時点でサイトが200応答し、申込または相談の経路を確認,,,19800円(税込),19800円(税込),2026,OFFICIAL_2026,19800円(税込),,"正社員・契約社員・派遣社員・アルバイト・パート共通19,800円(税込)。内訳は『組合加入費 2,800円 ＋ 組合費 17,000円』。『追加料金なし ※後払い手数料を除く』",true,false,true,false,労働基準調査組合,true,true,true,true,true,true,true,true,true,PARTNER_REFERRAL,true,false,true,true,false,false,true,true,false,false,false,false,false,true,true,200,,,REGISTERED,,,,,,,,http://web.archive.org/web/20250618023354/https://rouki.help/,,https://rouki.help/,4,4,2026-10-07,HIGH,true,比較サイト間で運営形態の記述が矛盾,労働組合(労働基準調査組合)自身が運営するため operator_type=LABOR_UNION、labor_union_operated=true。退職届の書式等について『弁護士監修』表現を使用するが弁護士運営ではない。キャリア支援は外部サービス『キャリアバディ』との提携という記載のため PARTNER_REFERRAL。具体的な求人紹介・履歴書添削・面接対策の明示はないため job_placement/resume/interview はfalse。退職後アンケート(2026年、利用者100名)として『転職を実現できた68%』等を掲載。20代/第二新卒などの年代訴求の記載はなし,service_fields_batch2.csv
SVC023,弁護士ビーノ,,弁護士法人mamori,〒150-0021 東京都渋谷区恵比寿西1-3-10 ファイブアネックス8F,日比野 大,5010705003143,LAW_FIRM,https://law-mamori.jp,https://law-mamori.jp/law/,2026-10-07,,,2020-12-02,LIKELY_ACTIVE,UNKNOWN,ACTIVE,2026-10-07 時点でサイトが200応答し、申込または相談の経路を確認,,,"33,000円(税込)","33,000円(税込)",2026,OFFICIAL_2026,"33,000円(税込)",,"ライトプラン33,000円(税込)/スタンダードプラン66,000円(税込)/フルプラン着手金110,000円(税込)+成功報酬22%。雇用形態別の価格区分なし",false,true,false,false,弁護士法人mamori,false,false,false,true,true,true,true,true,true,CAREER_COUNSELING,true,false,true,false,false,false,true,true,false,false,false,false,false,true,true,200,,,REGISTERED,,,,,,,http://web.archive.org/web/20240606072943/https://law-mamori.jp/,http://web.archive.org/web/20250429014954/https://law-mamori.jp/,APEX_HOMEPAGE,https://law-mamori.jp,4,4,2026-10-07,HIGH,true,比較サイト間で運営形態の記述が矛盾,弁護士法人自身が提供者のため「弁護士監修」表記はなし。特商法ページに価格記載なし(価格は/taisyokubino/より)。返金保証・24時間対応の記載なし。20代等のターゲット記載なし(利用者の声に「20代男性」とあるのみ)。additional_fee_claim=「追加料金なし」明示の有無,service_fields_batch3.csv
SVC024,ITJ法律事務所,弁護士法人ITJ法律事務所,弁護士法人ITJ法律事務所,〒108-0023 東京都港区芝浦4-16-23 アクアシティ芝浦9階,戸田泉(第一東京弁護士会),7010405008580,LAW_FIRM,https://itjlaw.com,,2026-10-07,,,2015-10-05,LIKELY_ACTIVE,LIKELY_ACTIVE,ACTIVE,2026-10-07 時点でサイトが200応答し、申込または相談の経路を確認,,,"19,900円","19,900円",2026,OFFICIAL_2026,"19,900円",,"Aプラン(退職通知)19,900円/Bプラン(退職代理)29,900円/Cプラン(損害対応)39,900円。未払い残業代・退職金請求は着手金0円・成功報酬20%(労働審判・訴訟は+5%)。税込/税別の明示なし",false,true,false,false,弁護士法人ITJ法律事務所,false,true,true,true,true,true,true,true,true,NONE,false,false,false,false,false,false,false,false,false,false,false,false,false,true,true,200,,,REGISTERED,,,,,,,http://web.archive.org/web/20240923140603/https://itjlaw.com/,http://web.archive.org/web/20250320174405/https://itjlaw.com/,APEX_HOMEPAGE,https://itjlaw.com,3,3,2026-10-07,HIGH,true,比較サイト間で運営形態の記述が矛盾,特定商取引法に基づく表記ページはサイト内・sitemap.xmlのいずれにも存在せず(tokusho_url空欄)。退職代行ページ(resignation.html)まで確認したが転職支援・キャリア支援の記載は一切なし。ターゲット年代の記載もなし,service_fields_batch3.csv
SVC025,あおぞら退職代行サービス,,労働組合 あおぞらユニオン,〒170-0013 東京都豊島区東池袋1-36-3 池袋陽光ハイツ502,窪田義人(担当者表記。代表者名としての明示なし),,LABOR_UNION,https://aozora-union.com/resignation/,,2026-10-07,,,,LIKELY_ACTIVE,LIKELY_ACTIVE,ACTIVE,2026-10-07 時点でサイトが200応答し、申込または相談の経路を確認,,,"15,000円","15,000円",2026,OFFICIAL_2026,"15,000円",,"「15,000円ぽっきり」「※組合費・諸経費を含む」。雇用形態別の価格区分なし",false,false,true,false,労働組合 あおぞらユニオン,true,true,true,true,true,true,true,true,true,NONE,false,false,false,false,false,false,false,false,false,false,false,false,false,true,true,200,,,,,,,,,,http://web.archive.org/web/20240602071142/http://aozora-union.com/,http://web.archive.org/web/20250524230811/https://aozora-union.com/,APEX_HOMEPAGE,https://aozora-union.com/resignation/,3,3,2026-10-07,HIGH,false,,労働組合自身が運営。弁護士は「弁護士資格を持った執行委員」として関与するが「弁護士監修」表記ではない。特商法ページはトップ・/company/・sitemapのいずれにも存在せず。転職支援の記載は一切なし,service_fields_batch3.csv
SVC026,ベンゴシNOW,,,,,,UNKNOWN,https://bengoshinow.app/taishokudaikou,,2026-10-07,,,,LIKELY_ACTIVE,UNKNOWN,STOPPED,2026-10-07 時点で公式ドメインが名前解決できない（dns_not_resolved:ENOTFOUND）。倒産の確認ではない,,,,,,,,,,,,,,,,,,,,,,,,UNKNOWN,,,,,,,,,,,,,,,false,,dns_not_resolved:ENOTFOUND,,,,,,,,,http://web.archive.org/web/20240527005925/https://bengoshinow.app/,,APEX_HOMEPAGE,https://bengoshinow.app/taishokudaikou,3,3,2026-10-07,MEDIUM,true,比較サイト間で運営形態の記述が矛盾,,
SVC027,退職代行サービスのretry,退職代行retry,,,,,UNKNOWN,https://office-kakeru.jp/retry/lp3/,,2026-10-07,,,,UNKNOWN,UNKNOWN,UNKNOWN,2026-10-07 時点で到達できず（HTTP 403）。営業状態は判断材料不足,,,,,,,,,,,,,,,,,,,,,,,,UNKNOWN,,,,,,,,,,,,,,,false,403,,,,,,,,,,http://web.archive.org/web/20240529145825/https://office-kakeru.jp/,,,https://office-kakeru.jp/retry/lp3/,3,3,2026-10-07,LOW,true,比較サイト間で運営形態の記述が矛盾,,
SVC028,退職代行ヒトヤスミ,,株式会社PULLBACK,東京都渋谷区東二丁目23番14号 白鳳堂ビル 2階,代表取締役社長 長谷川 裕修,1010901033823,PRIVATE,https://www.taisyokudaikouhitoyasumi.com/,,2026-10-07,,,2015-10-05,UNKNOWN,UNKNOWN,ACTIVE,2026-10-07 時点でサイトが200応答し、申込または相談の経路を確認,,,"22,000円(税込)","22,000円(税込)",2026,OFFICIAL_2026,"22,000円(税込)",,"一律22,000円(税込)。正社員・契約社員・派遣社員・アルバイト・パートとも同額",true,false,false,false,,true,false,false,true,true,false,false,false,true,UNKNOWN,true,false,false,false,false,false,false,true,false,false,false,false,false,true,true,200,,,REGISTERED,,,,,,,,,,https://www.taisyokudaikouhitoyasumi.com/,3,3,2026-10-07,HIGH,true,比較サイト間で運営形態の記述が矛盾,LPの大半が画像のためLP価格画像とFAQ画像を直接読み取って記入。「転職支援」は他社比較表の項目に○が付くのみで内容・提供方法の説明がなく、career_support_typeはUNKNOWN。特商法ページはsitemap(トップと/会社のみ)に存在せず。交渉可否の記載なし,service_fields_batch3.csv
SVC029,退職代行プラスサービス,,株式会社スリープラス,東京都墨田区亀沢1丁目27-10ヤマモトビル201,中嶋文子(業務責任者),6010601054553,PRIVATE,https://plus3-service.com/,https://plus3-service.com/wp/wp-content/themes/plus3/pdf/legal-policy.pdf,2026-10-07,,,2018-11-05,UNKNOWN,LIKELY_ACTIVE,ACTIVE,2026-10-07 時点でサイトが200応答し、申込または相談の経路を確認,,"19,800円／正社員（＋税＝21,780円）","19,800円(税込21,780円)","19,800円(税込21,780円)",2026,OFFICIAL_2026,"19,800円(税込21,780円)",,"正社員・派遣社員・契約社員ほか19,800円(税込21,780円)/アルバイト・パート14,800円(税込16,280円)",true,false,false,false,,true,true,true,true,true,false,true,false,true,PARTNER_REFERRAL,true,false,false,true,false,false,false,true,false,false,false,false,false,true,true,200,,,REGISTERED,,,,,,,,http://web.archive.org/web/20250430172814/http://plus3-service.com/,,https://plus3-service.com/,3,3,2026-10-07,HIGH,true,比較サイト間で運営形態の記述が矛盾 / 特商法の所在地と法人番号公表サイトの所在地が不一致,特商法はPDF。トップは「退職ができなかった場合は、全額返金致します」だが特商法PDFは「申込後のお客様都合でのキャンセルは返金不可」。交渉は明確に不可(「弁護士法に抵触する交渉業務は承れません」)。paid_leave_claimは有給消化の「希望を会社に伝える」までで交渉ではない。第二新卒・20代のターゲット記載なし,service_fields_batch3.csv
SVC030,退職代行やめたらええねん,やめたらええねん,株式会社熱狂スタイル,大阪府大阪市北区曽根崎2丁目8-5 お初天神EAST BLDG 3F-C25,内藤 亮,2120001230557,PRIVATE,https://yametaraeenen.com/,https://yametaraeenen.com/wp-content/uploads/2021/12/特定商取引法に基づく表記_211228.pdf,2026-10-07,,,2020-07-22,LIKELY_ACTIVE,LIKELY_ACTIVE,ACTIVE,2026-10-07 時点でサイトが200応答し、申込または相談の経路を確認,"22,000円","19,800円","19,800円","19,800円",2026,OFFICIAL_2026,"19,800円",,"正社員19,800円/アルバイト・パート9,800円/リピート割(2回目以降)15,400円。税込/税別の明示なし",false,false,false,false,,false,true,false,true,true,false,true,false,true,PARTNER_REFERRAL,true,true,false,true,false,false,false,true,true,true,false,true,false,true,true,200,,,REGISTERED,,,,,,,http://web.archive.org/web/20240608211431/https://yametaraeenen.com/,http://web.archive.org/web/20250516043603/https://yametaraeenen.com/,,https://yametaraeenen.com/,3,3,2026-10-07,HIGH,true,比較サイト間で運営形態の記述が矛盾,フッターの特商法リンク先PDFは実際にはトップページHTMLが返りPDF本体を取得できず(tokusho_urlはリンク記載値)。顧問弁護士・顧問社労士の記載はあるが「弁護士監修」の表記はない。運営会社の事業内容は「退職代行/転職支援/コンサルティング」。targets_20sはメディア取材文脈の「主に20代〜30代利用者」、targets_new_grad/early_leaversは「新卒社員の方が入社してすぐに退職代行を利用する」に基づく。第二新卒という語は不使用,service_fields_batch3.csv
SVC031,退職代行スマートヤメマス,退職代行スマートヤメマス 法人向けサービス,,,,,UNKNOWN,https://smartyamemasu.co.jp/taishokudaiko,,2026-10-07,,,,UNKNOWN,LIKELY_ACTIVE,BANKRUPT,破産手続開始決定 2026-03-25（TSR）: 東京地裁から破産手続開始決定を受けた。負債総額は約500万円、破産管財人は大澤一志弁護士。,,,,,,,,,,,,,,,,,,,,,,,,UNKNOWN,,,,,,,,,,,,,,,false,,dns_not_resolved:ENOTFOUND,,,,,,true,2026-03-25,,,http://web.archive.org/web/20250523112157/https://smartyamemasu.co.jp/,APEX_HOMEPAGE,https://smartyamemasu.co.jp/taishokudaiko,2,2,2026-10-07,MEDIUM,false,,,
SVC032,退職代行の窓口,,,,,,UNKNOWN,https://taishoku.me,,2026-10-07,,,,UNKNOWN,UNKNOWN,STOPPED,2026-10-07 時点で公式URLがHTTP 404。倒産の確認ではない,,,,,,,,,,,,,,,,,,,,,,,,UNKNOWN,,,,,,,,,,,,,,,false,404,,,,,,,,,,,,,https://taishoku.me,2,2,2026-10-07,MEDIUM,false,,,
SVC033,退職代行ピンチヒッター,円満退職のピンチヒッター,株式会社Pino,,,,UNKNOWN,https://www.taishokudaikouenman.com/,,2026-10-07,,,,UNKNOWN,UNKNOWN,LIKELY_ACTIVE,2026-10-07 時点でサイトは200応答するが、申込機能の稼働まで確認できていない,,,,,,,,,,,,,,,,,,,,,,,,UNKNOWN,,,,,,,,,,,,,,,true,200,,,,,,,,,,http://web.archive.org/web/20240529200933/https://www.taishokudaikouenman.com/,,,https://www.taishokudaikouenman.com/,2,2,2026-10-07,MEDIUM,true,比較サイト間で運営形態の記述が矛盾,SVC044 円満退職のピンチヒッターと同一。根拠: (1)公式URLが双方 https://www.taishokudaikouenman.com/ で完全一致、(2)運営会社が双方 株式会社Pino で一致（代表取締役 松井政朋、〒604-8242 京都市中京区柳水町84 三洋六角ビル503）、(3)比較サイト taishoku-michelin.com が「正式名称：円満退職のピンチヒッター」と記載し、taisyokudaikou-handbook.com は同一ドメインを「退職代行ピンチヒッター」として掲載。「円満退職の」は同一サービスの名称表記ゆれ。ドメインは200だがメンテナンス表示のみのため is_official_confirmed は空欄,
SVC034,弁護士法人川越みずほ法律会計,,弁護士法人川越みずほ法律会計,〒350-1118 埼玉県川越市豊田本4-3-15,清水隆久(弁護士),2030005018834,LAW_FIRM,https://lawyer-taishokudaikou.com,,2026-10-07,,,2018-01-24,UNKNOWN,LIKELY_ACTIVE,ACTIVE,2026-10-07 時点でサイトが200応答し、申込または相談の経路を確認,,"¥22,000(税込)","22,000円(税込)","22,000円(税込)",2026,OFFICIAL_2026,"22,000円(税込)",,"正社員・契約社員・派遣社員22,000円(税込)/パート・アルバイト12,000円(税込)。4月入社限定割引あり(金額の明示なし)。2回まで分割払い可・1ヶ月以内の後払い可(事前審査あり)",false,true,false,false,弁護士法人川越みずほ法律会計,true,true,true,true,true,true,true,true,true,NONE,false,false,false,false,false,false,true,true,false,true,false,false,false,true,true,200,,,REGISTERED,,,,,,,http://web.archive.org/web/20240602141320/https://www.lawyer-taishokudaikou.com/,http://web.archive.org/web/20250521072753/https://www.lawyer-taishokudaikou.com/,,https://www.lawyer-taishokudaikou.com/,2,2,2026-10-07,HIGH,true,比較サイト間で運営形態の記述が矛盾,https://lawyer-taishokudaikou.com は http://www.lawyer-taishokudaikou.com/ に301リダイレクト。特商法ページはsitemap.xml(24URL)にも存在せず。転職支援・求人紹介・履歴書/面接対策の記載は一切なし(career_support_type=NONE)。失業保険給付コンサルティングは別リンク先での案内。targets_new_gradは内定辞退代行の対象区分「新卒（卒業から３年以内）」に基づく,service_fields_batch3.csv
SVC035,AI退職代行 by 行政書士,,SG行政書士法務事務所,〒460-0003 愛知県名古屋市中区錦3-2-32 錦アクシスビル8階,行政書士 重松 祐達,,OTHER,https://ai-taishoku.sg-gss.com/,https://ai-taishoku.sg-gss.com/legal/tokushoho.html,2026-10-07,,,,UNKNOWN,UNKNOWN,ACTIVE,2026-10-07 時点でサイトが200応答し、申込または相談の経路を確認,,,"2,980円(税込)","2,980円(税込)",2026,OFFICIAL_2026,"2,980円(税込)",,"スタンダードプラン2,980円(税込)。内容証明郵便オプション+9,980円(税込)。雇用形態別の価格区分なし",false,false,false,false,SG行政書士法務事務所,true,true,true,true,false,false,false,false,true,NONE,false,false,false,false,false,false,false,false,false,false,false,false,false,true,true,200,,,,,,,,,,,,,https://ai-taishoku.sg-gss.com/,1,1,2026-10-07,HIGH,false,,行政書士事務所が自ら運営。「法律の専門家である行政書士がサービスを監修・運営」であり弁護士監修の表記ではないためlawyer_supervised_claim=false。交渉は不可と明記(「退職日や条件の交渉」「有給消化を『認めさせる』交渉」「未払い残業代・退職金の請求」はできないと列挙)。返金は「3回架電しても企業が電話に出なかった場合」限定の条件付き。問い合わせはLINE/チャットのみで電話窓口なし。転職支援・ターゲット年代の記載なし,service_fields_batch3.csv
SVC038,SAYONARA CONCIERGE（サヨナラコンシェルジュ）,,,,,,UNKNOWN,https://sayonaraconcierge.com/,,2026-10-07,,,,UNKNOWN,UNKNOWN,UNKNOWN,2026-10-07 時点で到達できず（connection_reset）。営業状態は判断材料不足,,,,,,,,,,,,,,,,,,,,,,,,UNKNOWN,,,,,,,,,,,,,,,false,,connection_reset,,,,,,,,,,http://web.archive.org/web/20250716154917/https://sayonaraconcierge.com/,,https://sayonaraconcierge.com/,1,1,2026-10-07,LOW,true,出典1件のみで公式サイト未確認,,
SVC039,YELL!!,,合同会社Pay It Forward,千葉県千葉市花見川区検見川町3-317-7-101,鎌田大介,1040003027085,PRIVATE,https://www.pif-yell.com/,https://www.pif-yell.com/commercial_transactions.html,2026-10-07,,,2025-03-17,UNKNOWN,LIKELY_ACTIVE,ACTIVE,2026-10-07 時点でサイトが200応答し、申込または相談の経路を確認,,"10,000円＋税","11,000円(税込)","11,000円(税込)",2026,OFFICIAL_2026,"11,000円(税込)",0円(0円チャレンジ退職プラン・条件達成で全額キャッシュバック),"シンプル退職プラン10,000円+税(税込11,000円)/キャッシュバック退職プラン5,000円(税込5,500円)/0円チャレンジ退職プラン0円+税(条件達成で全額キャッシュバック)。雇用形態別の価格区分なし",true,false,false,false,,true,false,true,true,false,false,false,false,true,PARTNER_REFERRAL,true,true,true,true,true,true,true,true,false,false,false,false,false,true,true,200,,,REGISTERED,,,,,,,,http://web.archive.org/web/20250405021101/https://www.pif-yell.com/,,https://www.pif-yell.com/,1,1,2026-10-07,HIGH,false,,career_support_typeは求人提供の主体が「営業職専門のパートナーエージェント」であるためPARTNER_REFERRAL。ただしフローに「失業給付金サポートまたは職業紹介などの追加サービス」の記載があるためjob_placement_claim=true。返金保証は「退職できなければ返金」型ではなく、特商法上は「当社が会社へ連絡を行う前に限り」全額返金のためrefund_guarantee=false。電話窓口なし(特商法は「問い合わせがあった場合に遅滞なく開示」)。交渉は不可と明記。「20代 男性 元営業職」は利用者の声の属性でありターゲット訴求ではないためtargets_20s=false,service_fields_batch3.csv
SVC041,グリーンリーフ法律事務所,,弁護士法人グリーンリーフ法律事務所,埼玉県さいたま市大宮区桜木町1丁目11番地20 大宮JPビルディング14階,,,LAW_FIRM,https://www.saitama-bengoshi.com/taisyokudaikou/,,2026-10-07,,,,UNKNOWN,UNKNOWN,ACTIVE,2026-10-07 時点でサイトが200応答し、申込または相談の経路を確認,,,"80,000円（税込88,000円）","80,000円（税込88,000円）",2026,OFFICIAL_2026,"80,000円（税込88,000円）",,雇用形態別の価格区分なし。基本料金に内容証明郵便費用その他の実費を含む。慰謝料・残業代請求・損害賠償請求は別途費用がかかると明記,false,true,false,false,弁護士法人グリーンリーフ法律事務所,false,false,false,true,true,true,true,true,true,NONE,false,false,false,false,false,false,false,true,false,false,false,false,false,true,true,200,,,,,,,,,,http://web.archive.org/web/20240601075554/https://www.saitama-bengoshi.com/,http://web.archive.org/web/20250524072359/https://www.saitama-bengoshi.com/,,https://www.saitama-bengoshi.com/taisyokudaikou/,1,1,2026-10-07,HIGH,false,,特商法ページは見つからず（弁護士法人のため非該当の可能性）。事務所概要は https://www.saitama-bengoshi.com/company_law/ で確認。転職・キャリア支援の語は事例文中の「取引先へ転職しないことを約束する契約」1箇所のみでサービス提供表記なし。失業保険は事例文中の離職票交付依頼の文脈のみ。post_resignation_support_claimは退職後の書類到着までのサポート表記に限る,service_fields_batch4.csv
SVC042,スイスイ退職代行,,,,,,UNKNOWN,https://suisui-daikou.com/,,2026-10-07,,,,LIKELY_ACTIVE,LIKELY_ACTIVE,UNKNOWN,2026-10-07 時点で到達できず（HTTP 500）。営業状態は判断材料不足,"22,000円（税込）","22,000円(税込)",,"22,000円(税込)",2025,ARCHIVE_2025,,,,,,,,,,,,,,,,,,UNKNOWN,,,,,,,,,,,,,,,false,500,,,,,,,,,,http://web.archive.org/web/20240609131547/https://suisui-daikou.com/,http://web.archive.org/web/20250515185423/https://suisui-daikou.com/,,https://suisui-daikou.com/,1,1,2026-10-07,LOW,true,出典1件のみで公式サイト未確認,,
SVC045,若井綜合法律事務所,,弁護士法人若井綜合法律事務所,〒170-0013 東京都豊島区東池袋4-25-12 サンシャインサイド9階,,,LAW_FIRM,https://wakailaw.com/taisyokudaiko/,,2026-10-07,,,,LIKELY_ACTIVE,LIKELY_ACTIVE,ACTIVE,2026-10-07 時点でサイトが200応答し、申込または相談の経路を確認,,,"50,000円（税抜）","50,000円（税抜）",2026,OFFICIAL_2026,"50,000円（税抜）",,雇用形態別の価格区分なし。有給・残業代の請求等の法律トラブルは「別途ご契約となります」と明記,false,true,false,false,弁護士法人若井綜合法律事務所,true,false,true,true,true,true,true,true,false,NONE,false,false,false,false,false,false,false,false,false,false,false,false,false,true,true,200,,,,,,,,,,http://web.archive.org/web/20240602052859/https://wakailaw.com/,http://web.archive.org/web/20250521020301/https://wakailaw.com/,APEX_HOMEPAGE,https://wakailaw.com/taisyokudaiko/,1,1,2026-10-07,HIGH,false,,特商法ページは見つからず（/tokushoho/は404、フッターはprivacy相当のみ）。support_24hは「メール、LINEは24時間受付しています」に基づく（電話は9:00〜19:00 土日祝除く）。additional_fee_claimは「依頼後、追加は一切なし！」「退職完了まで追加費用は一切ございません。」。documents_claimは「退職届などの、退職手続きに必要な書類はご用意いただきます」と依頼者側準備であり離職票等の対応表記がないためfalse。転職・キャリア・求人・失業保険・20代・新卒・第二新卒の語は本文に出現せず（キーワード走査0件）のためevidence_quotesは空,service_fields_batch4.csv
SVC046,小澤・竹内弁護士の退職代行,,GK総合法律事務所／赤坂山王法律事務所（共同）,〒166-0004 東京都杉並区阿佐谷南1-8-5 OSAWAビル4F（GK総合法律事務所）／〒107-0052 東京都港区赤坂2丁目13番19号 FRAMES AKASAKA3階（赤坂山王法律事務所）,弁護士 小澤亜季子（東京弁護士会）／弁護士 竹内瑞穂（第一東京弁護士会）,,LAW_FIRM,https://taisyoku-daikou.com/,,2026-10-07,,,,LIKELY_ACTIVE,UNKNOWN,ACTIVE,2026-10-07 時点でサイトが200応答し、申込または相談の経路を確認,"71,500円（内税6,500円）",,"71,500円（内税6,500円）","71,500円（内税6,500円）",2026,OFFICIAL_2026,"71,500円（内税6,500円）",,"基本プラン 管理職以外71,500円（内税6,500円）／管理職110,000円（内税10,000円）。事務手数料・内容証明郵便費含む。内定辞退代行は社数加算（例：4社で77,000円）。失業保険受給サポートオプション＋33,000円。未払い金銭請求は「基本プラン＋金銭請求」オプション",false,true,false,false,GK総合法律事務所／赤坂山王法律事務所,true,false,false,true,true,true,true,true,true,NONE,false,false,false,false,false,false,true,true,false,false,false,false,false,true,true,200,,,,,,,,,,http://web.archive.org/web/20240523191241/https://taisyoku-daikou.com/,http://web.archive.org/web/20250521204553/https://taisyoku-daikou.com/,,https://taisyoku-daikou.com/,1,1,2026-10-07,HIGH,false,,特商法ページなし（フッターのリンクはペライチ運営の汎用 https://peraichi.com/landing_pages/view/sitepolicy ）。lawyer_supervised_claimは「弁護士監修」がメディア掲載記事タイトル内のみで自社サービスの表記ではないためfalse。返金の言及は他社非弁業者からの返金回収（退職代行失敗 救済プラン）であり自社の返金保証ではない。転職・キャリアの語はメディア掲載実績・相談事例内のみ。「内定辞退代行プラン」はあるが新卒・第二新卒限定の表記はなく、むしろ「若者ではなく中高年が頼る」等の記事を掲載,service_fields_batch4.csv
SVC047,退職.com,,株式会社SAMURAIマーケティング,,,,UNKNOWN,,,2026-10-07,,,,UNKNOWN,UNKNOWN,UNKNOWN,2026-10-07 時点で到達できず（HTTP not_attempted）。営業状態は判断材料不足,,,,,,,,,,,,,,,,,,,,,,,,UNKNOWN,,,,,,,,,,,,,,,,not_attempted,,,,,,,,,,,,,,1,1,2026-10-07,LOW,true,出典1件のみで公式サイト未確認,信頼できる公式URLを特定できなかった。確認できたのはプレスリリース（https://www.mapion.co.jp/news/release/000000002.000152317/ 、2025-02-01ローンチ、配信2025-01-13）のみで、本文にサービス専用ドメインの記載が無い。PR TIMES原文URL(000000002.000152317)は404。taishoku.com は到達するが「Taishoku.com - Ready for Development」のパーキングページで当サービスとは無関係。運営企業の samurai-marketing.co.jp / www.samurai-marketing.co.jp は2026-10-07時点でDNS解決しない,
SVC048,退職あんしん代行,,株式会社エヌアンドエス,〒520-0025 滋賀県大津市皇子が丘2丁目10-25-3004号,原田賢治,,PRIVATE,https://taishoku-anshin-daiko.com/,,2026-10-07,,,,LIKELY_ACTIVE,LIKELY_ACTIVE,ACTIVE,2026-10-07 時点でサイトが200応答し、申込または相談の経路を確認,"2,980円","2,980円","12,980円（税込）","12,980円（税込）",2026,OFFICIAL_2026,"12,980円（税込）",,"全雇用形態共通の一律料金。「業界最安値12,980円」と表示",true,false,false,false,,true,true,true,true,true,false,false,false,true,JOB_PLACEMENT,true,true,true,true,true,true,true,true,false,false,false,false,false,true,true,200,,,,,,,,,,http://web.archive.org/web/20241115052247/https://taishoku-anshin-daiko.com/,http://web.archive.org/web/20250424040737/https://taishoku-anshin-daiko.com/,,https://taishoku-anshin-daiko.com/,1,1,2026-10-07,HIGH,false,,特商法ページは見つからず（/law・/tokusho・/tokutei は404、nands.tech側も404）。運営者情報は https://nands.tech/about の会社概要から取得。交渉は「当サービスは退職意思の伝達のみを行い、交渉は行いません」「有給消化や残業代の交渉は法的に行うことができません」と明記。退職後支援は専用ページ https://taishoku-anshin-daiko.com/agent （『退職エージェント』）で求人紹介・履歴書職務経歴書の添削・面接対策と模擬面接・条件交渉サポート・入社後キャリア相談を列挙（AI領域特化）。20代・新卒・第二新卒・早期離職の語は本文およびllms-full.txtともに0件（掲載事例は29歳/34歳/41歳）,service_fields_batch4.csv
SVC049,退職サポート（私のユニオン）,,合同労働組合「私のユニオン」,,,,UNKNOWN,https://taishoku-daiko.org/lp/,,2026-10-07,,,,UNKNOWN,UNKNOWN,LIKELY_ACTIVE,2026-10-07 時点でサイトは200応答するが、申込機能の稼働まで確認できていない,,,,,,,,,,,,,,,,,,,,,,,,UNKNOWN,,,,,,,,,,,,,,,true,200,,,,,,,,,,,,,https://taishoku-daiko.org/lp/,1,1,2026-10-07,MEDIUM,true,出典1件のみで公式サイト未確認,"運営者情報ページ https://taishoku-daiko.org/owner に「合同労働組合『私のユニオン』／〒160-0023 東京都新宿区西新宿3-3-13 西新宿水間ビル6階／サービス名 退職代行 退職サポート」と明記。労働組合本体のサイト https://my-union.gr.jp/ も200で稼働（タイトル「合同労働組合「私のユニオン」- 退職代行・労働問題解決」）。料金22,000円（税込）",
SVC050,退職代行J-NEXT,,J-NEXT株式会社,,,,UNKNOWN,https://j-next.biz/,,2026-10-07,,,,UNKNOWN,UNKNOWN,LIKELY_ACTIVE,2026-10-07 時点でサイトは200応答するが、申込機能の稼働まで確認できていない,,,,,,,,,,,,,,,,,,,,,,,,UNKNOWN,,,,,,,,,,,,,,,true,200,,,,,,,,,,,http://web.archive.org/web/20250218040315/http://j-next.biz/,,https://j-next.biz/,1,1,2026-10-07,MEDIUM,true,出典1件のみで公式サイト未確認,j-next.biz は2026-10-07時点でHTTP200・DNS解決(160.16.50.168)するが、配信内容は「コンセプトカフェが人気の理由」という退職代行と無関係な情報サイトで、退職代行・J-NEXT株式会社の記載が一切無い。退職代行サービスとしての公式サイトは現在このドメイン上に存在しない（ドメイン転用と見られる）。比較サイト asiro.co.jp は見出しに「【運営停止】」と付記,
SVC051,退職代行JITAI,,退職代行JITAI株式会社,東京都新宿区新宿5丁目4-1 新宿Qフラットビル611,高橋 健司,,PRIVATE,https://taishoku-jitai.com/,https://taishoku-jitai.com/law/,2026-10-07,,,,UNKNOWN,UNKNOWN,ACTIVE,2026-10-07 時点でサイトが200応答し、申込または相談の経路を確認,,,"22,000円（税込）","22,000円（税込）",2026,OFFICIAL_2026,"22,000円（税込）",,"正社員・契約社員22,000円（税込）、アルバイト12,000円（税込）。再利用サービスは50%OFF",true,false,false,false,,false,true,true,true,true,false,false,false,false,PARTNER_REFERRAL,true,false,false,false,false,false,true,true,false,false,false,false,false,true,true,200,,,,,,,,,,http://web.archive.org/web/20241021081326/https://taishoku-jitai.com/,,,https://taishoku-jitai.com/,1,1,2026-10-07,HIGH,false,,返金保証は特商法ページの「退職不可の場合は全額返金いたします」に基づく（トップページには表記なし）。support_24hは「24時間相談対応」表記だが2024.10.22付で「電話でのご対応は、現在【10時～17時】」と告知。negotiationは自社では行わず「交渉が必要になるケースが発生した際には、スムーズに弁護士へと連係」。有給はFAQの一般解説（「退職の意思を伝えてからでも消化可能」）のみでサービス提供表記ではないためfalse。離職票等の書類対応表記はなし。退職後支援は「再就職支援への連携」「再就職・職業訓練支援」「住居・引っ越しサポート（提携不動産会社）」「失業保険・社会保険給付のサポート」。求人紹介・提携エージェント名・履歴書・面接対策の具体表記はないため個別フラグはfalse。20代・新卒・第二新卒の語は0件,service_fields_batch4.csv
SVC052,退職代行MIRAI,,株式会社クリエイティブリサーチ,,,,UNKNOWN,https://taishoku-mirai.com/,,2026-10-07,,,,UNKNOWN,UNKNOWN,STOPPED,2026-10-07 時点で公式ドメインが名前解決できない（dns_not_resolved:ENOTFOUND）。倒産の確認ではない,,,,,,,,,,,,,,,,,,,,,,,,UNKNOWN,,,,,,,,,,,,,,,false,dns_not_resolved,dns_not_resolved:ENOTFOUND,,,,,,,,,,,,https://taishoku-mirai.com/,1,1,2026-10-07,MEDIUM,true,出典1件のみで公式サイト未確認,taishoku-mirai.com は2026-10-07時点でDNS解決しない（dns.google: Non-existent domain、curl: Could not resolve host）。ページ未確認のため is_official_confirmed は空欄。運営会社の記載は情報源間で不一致（retire-agency.com は株式会社クリエイティブリサーチ・代表 赤澤嘉彦・東京都渋谷区代々木2-11-5／本プロジェクトの discovered_services では株式会社NFJ）。別候補 mirai2020.sakura.ne.jp（「退職代行 未来 ( MIRAI )」）もDNS解決しない。SVC052は mirai-restart.com の退職代行みらいとは別サービス,
SVC053,退職代行エージェント,,株式会社RHコンサルティング,,,,UNKNOWN,https://rh-consulting.tokyo/agent/,,2026-10-07,,,,UNKNOWN,UNKNOWN,LIKELY_ACTIVE,2026-10-07 時点でサイトは200応答するが、申込機能の稼働まで確認できていない,,,,,,,,,,,,,,,,,,,,,,,,UNKNOWN,,,,,,,,,,,,,,,true,200,,,,,,,,,,,,,https://rh-consulting.tokyo/agent/,1,1,2026-10-07,MEDIUM,true,出典1件のみで公式サイト未確認,"比較サイト・mynavi・b-pos いずれも公式リンクを tr.slvrbullet.com 経由にしていたため直接のURLが不明だった。リダイレクタの最終到達先が https://rh-consulting.tokyo/agent/ （運営企業ドメイン配下のサービスページ）であることを確認。代表取締役 穂積理恵、法人番号4370001044278、宮城県名取市。料金は正社員33,000円/アルバイト22,000円（税込）との記載",
SVC054,退職代行スタイリード,,株式会社スタイリード,,,,UNKNOWN,https://www.taisyoku-stylead.com/,,2026-10-07,,,,UNKNOWN,UNKNOWN,LIKELY_ACTIVE,2026-10-07 時点でサイトは200応答するが、申込機能の稼働まで確認できていない,,,,,,,,,,,,,,,,,,,,,,,,UNKNOWN,,,,,,,,,,,,,,,true,200,,,,,,,,,,,,,https://www.taisyoku-stylead.com/,1,1,2026-10-07,MEDIUM,true,出典1件のみで公式サイト未確認,"discovered_services_batch_union_lawyer.csv に記録されていた asplay.biz リダイレクタの最終到達先が https://www.taisyoku-stylead.com/ であることをcurlで確認。所在地 大阪府大阪市西区新町3-4-19 6F。料金 正社員・契約社員22,000円／アルバイト12,000円",
SVC055,退職代行ゼロユニオン,,ゼロユニオン（労働組合）,,,,UNKNOWN,https://www.zero-union.jp/,,2026-10-07,,,,UNKNOWN,UNKNOWN,LIKELY_ACTIVE,2026-10-07 時点でサイトは200応答するが、申込機能の稼働まで確認できていない,,,,,,,,,,,,,,,,,,,,,,,,UNKNOWN,,,,,,,,,,,,,,,true,200,,,,,,,,,,http://web.archive.org/web/20240522041605/https://www.zero-union.jp/,http://web.archive.org/web/20250712183146/https://www.zero-union.jp/,,https://www.zero-union.jp/,1,1,2026-10-07,MEDIUM,true,出典1件のみで公式サイト未確認,ドメインは稼働中（sitemap.xml最終更新2026-05、トップページlastmod 2025-09-17）。現在はサイト全体が「転職のゼロユニオン」として転職支援を前面に出す構成に変わっているが、同一ページ内に「退職代行 ゼロユニオン」のロゴ・画像alt・「退職代行 ゼロユニオンは、退職したくても出来ない…労働組合だからこそ出来る迅速な対応」という説明と退職代行への導線が残存しており、退職代行ゼロユニオンの公式サイトと確認。contactページ記載の住所は〒618-0011 大阪府三島郡島本町広瀬1-29-1（比較サイトが載せる東京都港区高輪の住所とは不一致）。運営労働組合の正式名称はサイト上に明記されていない,
SVC056,退職代行だいじょうぶ,,,,,,UNKNOWN,https://daijoubu.jp,,2026-10-07,,,,LIKELY_ACTIVE,LIKELY_ACTIVE,STOPPED,2026-10-07 時点で公式ドメインが名前解決できない（dns_not_resolved:ENOTFOUND）。倒産の確認ではない,"14,800円","19,800円(税込)",,"19,800円(税込)",2025,ARCHIVE_2025,,,,,,,,,,,,,,,,,,UNKNOWN,,,,,,,,,,,,,,,false,,dns_not_resolved:ENOTFOUND,,,,,,,,,http://web.archive.org/web/20240925070237/https://daijoubu.jp/,http://web.archive.org/web/20250522150725/https://daijoubu.jp/,,https://daijoubu.jp,1,1,2026-10-07,MEDIUM,true,出典1件のみで公式サイト未確認,,
SVC057,退職代行ニチロー,,日本労働調査組合,,,,UNKNOWN,https://nichirou.com/taisyoku,,2026-10-07,,,,UNKNOWN,UNKNOWN,STOPPED,2026-10-07 時点で公式URLがHTTP 404。倒産の確認ではない,,,,,,,,,,,,,,,,,,,,,,,,UNKNOWN,,,,,,,,,,,,,,,false,404,,,,,,,,,,http://web.archive.org/web/20240523071656/https://nichirou.com/,,,https://nichirou.com/taisyoku,1,1,2026-10-07,MEDIUM,true,出典1件のみで公式サイト未確認,開始時（2021-04-07）の公式URL https://nichirou.com/taisyoku は2026-10-07時点でHTTP404。nichirou.com ルートは200で到達するが、配信内容はオンラインカジノ情報サイト「フリースピン完全ガイド｜おすすめカジノ・獲得方法を徹底解説」（運営表記は「nichirou.com 編集チーム」）で、退職代行・日本労働調査組合の記載が一切無い。退職代行サービスとしての公式サイトは現在このドメイン上に存在しない。PR TIMESリリース上の所在地は東京都足立区千住1-4-1 東京芸術センター10階。比較サイト career-change-navi.jp も見出しに「【サービス終了？】」と付記（当該ページ自体は現在404）,
SVC058,退職代行のABAYO,,株式会社アクロサポート,,,,UNKNOWN,https://acro-support.com/,,2026-10-07,,,,UNKNOWN,UNKNOWN,STOPPED,2026-10-07 時点で公式ドメインが名前解決できない（dns_not_resolved:ENOTFOUND）。倒産の確認ではない,,,,,,,,,,,,,,,,,,,,,,,,UNKNOWN,,,,,,,,,,,,,,,false,dns_not_resolved,dns_not_resolved:ENOTFOUND,,,,,,,,,,http://web.archive.org/web/20250601073127/https://acro-support.com/,,https://acro-support.com/,1,1,2026-10-07,MEDIUM,true,出典1件のみで公式サイト未確認,acro-support.com は2026-10-07時点でAレコードが無くDNS解決しない（curl: Could not resolve host／WebFetch: ENOTFOUND）。ドメイン自体は登録されており、ネームサーバは ns1.regery.net / ns2.regery.net / ns3.regery.net を返す。ページ未確認のため is_official_confirmed は空欄。旧サービス名はアクロサポート。2024-07にPR TIMESで新料金プランを発表（prtimes.jp/main/html/rd/p/000000001.000146199.html）。所在地は東京都千代田区飯田橋1-7-10 山京ビル本館2F、設立2022-09-22。比較サイト taisyokudaiko-hikaku.com および life-need.co.jp は「公式サイト閉鎖」「サービス終了」と記載,
SVC059,退職代行みらい,,株式会社あいゆめ,〒534-0023 大阪府大阪市都島区都島南通2丁目6-21 グレースハイツ京橋302号室,,,PRIVATE,https://mirai-restart.com/,,2026-10-07,,,,UNKNOWN,LIKELY_ACTIVE,ACTIVE,2026-10-07 時点でサイトが200応答し、申込または相談の経路を確認,,"27,500円(税込)","27,500円（税込）","27,500円（税込）",2026,OFFICIAL_2026,"27,500円（税込）",,"正社員・契約社員・派遣社員27,500円（税込）、パート・アルバイト15,400円（税込）。オープニング割引は終了告知あり",true,false,false,true,労働環境改善組合,false,false,false,true,false,true,false,false,true,CAREER_COUNSELING,true,false,true,false,false,false,true,true,false,false,false,false,false,true,true,200,,,,,,,,,,,http://web.archive.org/web/20250515165014/https://mirai-restart.com/,,https://mirai-restart.com/,1,1,2026-10-07,HIGH,false,,特商法ページは見つからず（/tokushoho/・/law・/tokusho・/company は404）。/policy/ はプライバシーポリシーと会社名・所在地のみで代表者名・料金・返金規定の記載なし。転職支援は専用ページ https://mirai-restart.com/tenshoku/ があるが内容は「Coming soon・・・」のためjob_placement_claimはfalse。キャリアカウンセリングは提携先「むすびメンタルクリニック」の国家資格カウンセラーが担当と明記。労働組合は「労働環境改善組合」との提携であり自社運営ではない。phone_supportはフッター掲載が「TEL. 03-1234-5678」（ダミー番号と思われる）のみで実質的な電話相談窓口の表記がないためfalse。20代・新卒・第二新卒・早期離職の語は0件,service_fields_batch4.csv
SVC060,退職代行ヤメルート,,ミックスナッツ,〒421-0121 静岡県静岡市駿河区広野3-7-4,柏原 寛慈,,PRIVATE,https://yame-route.com/,https://yame-route.com/tokushoho/,2026-10-07,,,,UNKNOWN,UNKNOWN,ACTIVE,2026-10-07 時点でサイトが200応答し、申込または相談の経路を確認,,,"一律15,000円（税込）","一律15,000円（税込）",2026,OFFICIAL_2026,"一律15,000円（税込）",,雇用形態別の区分なしの一律料金。「上記以外の追加費用・オプション料金は一切かかりません」と記載する一方、特商法ページには商品代金以外に必要となる費用として勤務先への書類郵送費・貸与物返却時の送料・銀行振込手数料・通信費・後払い決済手数料を列挙,true,false,false,false,,true,true,true,true,false,false,false,false,true,NONE,false,false,false,false,false,false,false,true,false,false,false,false,false,true,true,200,,,,,,,,,,,,,https://yame-route.com/,1,1,2026-10-07,HIGH,false,,特商法ページはJavaScript生成のためHTMLバンドルを展開して取得（制定日2026年6月1日）。特商法ページ記載のホームページURLは「https://yame-loute.jp/」で実サイトのドメイン（yame-route.com）と不一致。代表者・所在地はトップページのフッターから取得（特商法ページには代表者名・所在地の記載なし）。labor_union_partneredは比較表の「労働組合」行および自社区分「（民間・弁護士監修）」の文脈のみで提携表記はないためfalse。support_24hは「LINEは24時間365日受付」に基づく（受付は月〜金12:00〜17:00、電話番号の掲載なし）。転職・求人・キャリア・失業保険・20代・新卒・第二新卒の語は0件。post_resignation_support_claimは退職完了後のLINE相談可の表記に限る,service_fields_batch4.csv
SVC061,退職代行即ヤメ,,ネルサポート株式会社,,,4130003006267,UNKNOWN,https://taishokudaikou-sokuyame.com/,,2026-10-07,,,2019-11-11,UNKNOWN,UNKNOWN,LIKELY_ACTIVE,2026-10-07 時点でサイトは200応答するが、申込機能の稼働まで確認できていない,,,,,,,,,,,,,,,,,,,,,,,,UNKNOWN,,,,,,,,,,,,,,,true,200,,,REGISTERED,,,,,,,,,,https://taishokudaikou-sokuyame.com/,1,1,2026-10-07,MEDIUM,true,出典1件のみで公式サイト未確認,会社概要ページ https://taishokudaikou-sokuyame.com/company/ に「ネルサポート株式会社／〒614-8001 京都府八幡市八幡科手7-10 科手ビル2B／代表者 菱田匡樹」と明記。比較サイトが載せる所在地（京都市中京区御池通東洞院東入笹屋町436 永和御池ビル6階）とは不一致で、公式ページ記載を採用。労働組合連携型、後払い専門,
SVC062,弁護士法人エース,,,,,,UNKNOWN,https://xn--ace-ns9dl08t02jl8m.jp/,,2026-10-07,,,,LIKELY_ACTIVE,LIKELY_ACTIVE,UNKNOWN,2026-10-07 時点で到達できず（tls_error:ERR_SSL_TLSV1_ALERT_INTERNAL_ERROR）。営業状態は判断材料不足,5万円,5万円,,5万円,2025,ARCHIVE_2025,,,,,,,,,,,,,,,,,,UNKNOWN,,,,,,,,,,,,,,,false,,tls_error:ERR_SSL_TLSV1_ALERT_INTERNAL_ERROR,,,,,,,,,http://web.archive.org/web/20240518033356/https://xn--ace-ns9dl08t02jl8m.jp/,http://web.archive.org/web/20250617135817/https://xn--ace-ns9dl08t02jl8m.jp/,,https://xn--ace-ns9dl08t02jl8m.jp/,1,1,2026-10-07,LOW,true,出典1件のみで公式サイト未確認,,
SVC063,弁護士法人サリュ,,弁護士法人サリュ,〒260-0028 千葉県千葉市中央区新町1番地17 JPR千葉ビル9階（他 銀座・横浜・大宮・静岡・名古屋・大阪・神戸・萩・福岡）,,,LAW_FIRM,https://xn--m1q29bh7cv7etyjht3e70s.jp/retirement-agency/,,2026-10-07,,,,UNKNOWN,LIKELY_ACTIVE,ACTIVE,2026-10-07 時点でサイトが200応答し、申込または相談の経路を確認,,,"20,000円（税込）","20,000円（税込）",2026,OFFICIAL_2026,"20,000円（税込）",,"退職代行プラン20,000円（税込）、退職交渉プラン60,000円（税込）、退職交渉プラン＋金銭請求は着手金60,000円（税込）＋回収額の27.5%（税込）。相談料無料。雇用形態別の価格区分なし",false,true,false,false,弁護士法人サリュ,false,false,false,false,true,true,true,true,true,NONE,false,false,false,false,false,false,false,false,false,false,false,false,false,true,true,200,,,,,,,,,,http://web.archive.org/web/20240529173111/https://xn--m1q29bh7cv7etyjht3e70s.jp/,http://web.archive.org/web/20250519114539/https://xn--m1q29bh7cv7etyjht3e70s.jp/,APEX_HOMEPAGE,https://xn--m1q29bh7cv7etyjht3e70s.jp/retirement-agency/,1,1,2026-10-07,HIGH,false,,特商法ページは見つからず（フッターはaccess/privacy/sitemap/lawyer等のみ、弁護士法人のため非該当の可能性）。事務所所在地は https://xn--m1q29bh7cv7etyjht3e70s.jp/access/ から取得、代表弁護士名の記載は見つからず。失業保険の言及は9箇所あるがいずれも退職後手続きの解説コンテンツで申請代行・サポートサービスの提供表記ではないためunemployment_support_claimはfalse。転職の言及2箇所も雇用保険被保険者証・源泉徴収票の解説文脈のみ。20代・新卒・第二新卒・早期離職の語は0件。LINE相談の表記なし（電話0120-181-398 平日10時-18時）,service_fields_batch4.csv
