name_key,service_id
oitoma,SVC001
オイトマ,SVC001
ガーディアン,SVC002
saraba,SVC003
わたしnext,SVC004
jobs,SVC005
ネルサポ,SVC006
男,SVC007
フォーゲル,SVC008
フォーゲル綜合法律事務所,SVC008
ニコイチ,SVC009
モームリ,SVC010
ヤメドキ,SVC011
弁護士法人みやび,SVC012
アディーレ,SVC013
アディーレ法律事務所,SVC013
ライトプラン,SVC013
辞めるんです,SVC014
exit,SVC015
辞スル,SVC016
ガイア法律事務所,SVC017
弁護士法人ガイア,SVC017
弁護士法人ガイア総合法律事務所,SVC017
退職110番,SVC018
リーガルジャパン,SVC019
イマスグヤメタイ,SVC020
torikeshi,SVC021
トリケシ,SVC021
ローキ,SVC022
弁護士ビーノ,SVC023
itj法律事務所,SVC024
弁護士法人itj法律事務所,SVC024
あおぞら,SVC025
ベンゴシnow,SVC026
retry,SVC027
のretry,SVC027
ヒトヤスミ,SVC028
プラス,SVC029
やめたらええねん,SVC030
スマートヤメマス,SVC031
スマートヤメマス法人向け,SVC031
の窓口,SVC032
ピンチヒッター,SVC033
円満退職のピンチヒッター,SVC033
弁護士法人川越みずほ法律会計,SVC034
aiby行政書士,SVC035
ai退職適正診断,SVC036
momuri+,SVC037
sayonaraconcierge,SVC038
yell!!,SVC039
イテクレヤ,SVC040
グリーンリーフ法律事務所,SVC041
スイスイ,SVC042
モープリ,SVC043
引継ぎ代行プラス,SVC044
若井綜合法律事務所,SVC045
小澤竹内弁護士,SVC046
退職.com,SVC047
退職あんしん代行,SVC048
退職サポート,SVC049
jnext,SVC050
jitai,SVC051
mirai,SVC052
エージェント,SVC053
スタイリード,SVC054
ゼロユニオン,SVC055
だいじょうぶ,SVC056
ニチロー,SVC057
のabayo,SVC058
みらい,SVC059
ヤメルート,SVC060
即ヤメ,SVC061
弁護士法人エース,SVC062
弁護士法人サリュ,SVC063
