dimension,group,services,continuing,not_continuing,unknown,determined,continuation_rate_among_determined,continuation_rate_if_all_unknown_continued,continuation_rate_if_all_unknown_stopped
運営形態 × 継続,PRIVATE,17,17,0,0,17,1,1,1
運営形態 × 継続,LABOR_UNION,3,3,0,0,3,1,1,1
運営形態 × 継続,OTHER,3,3,0,0,3,1,1,1
運営形態 × 継続,LAW_FIRM,12,12,0,0,12,1,1,1
運営形態 × 継続,UNKNOWN,23,9,9,5,18,0.5,0.6087,0.3913
価格帯 × 継続,20000_24999,13,12,0,1,12,1,1,0.9231
価格帯 × 継続,UNDER_20000,14,13,1,0,14,0.9286,0.9286,0.9286
価格帯 × 継続,25000_29999,3,3,0,0,3,1,1,1
価格帯 × 継続,UNKNOWN,21,10,8,3,18,0.5556,0.619,0.4762
価格帯 × 継続,30000_PLUS,7,6,0,1,6,1,1,0.8571
参入年(代理指標) × 継続,2015(法人番号指定年・設立年ではない),8,8,0,0,8,1,1,1
参入年(代理指標) × 継続,2020(法人番号指定年・設立年ではない),3,3,0,0,3,1,1,1
参入年(代理指標) × 継続,UNKNOWN,34,20,9,5,29,0.6897,0.7353,0.5882
参入年(代理指標) × 継続,2021(法人番号指定年・設立年ではない),3,3,0,0,3,1,1,1
参入年(代理指標) × 継続,2019(法人番号指定年・設立年ではない),3,3,0,0,3,1,1,1
参入年(代理指標) × 継続,2022(法人番号指定年・設立年ではない),2,2,0,0,2,1,1,1
参入年(代理指標) × 継続,2023(法人番号指定年・設立年ではない),2,2,0,0,2,1,1,1
参入年(代理指標) × 継続,2018(法人番号指定年・設立年ではない),2,2,0,0,2,1,1,1
参入年(代理指標) × 継続,2025(法人番号指定年・設立年ではない),1,1,0,0,1,1,1,1
転職支援あり × 継続,career_support あり(NONE以外かつ判定済),15,15,0,0,15,1,1,1
転職支援なし × 継続,career_support = NONE,17,17,0,0,17,1,1,1
第二新卒訴求 × 継続,targets_second_new_grad = false,35,35,0,0,35,1,1,1
運営形態 × 転職支援,PRIVATE,17,11,3,3,14,0.7857,,
運営形態 × 転職支援,LABOR_UNION,3,1,2,0,3,0.3333,,
運営形態 × 転職支援,OTHER,3,2,1,0,3,0.6667,,
運営形態 × 転職支援,LAW_FIRM,12,1,11,0,12,0.0833,,
運営形態 × 転職支援,UNKNOWN,23,0,0,23,0,,,
