service_id,service_name,price_2024_shown,price_2025_shown,price_2026_shown,yen_2024,yen_2025,yen_2026,change_2024_to_2026,change_2025_to_2026,comparable,archive_scope,status_2026
SVC001,退職代行OITOMA,,"24,000円",24000円,,24000,24000,,0,false,,ACTIVE
SVC002,退職代行ガーディアン,,"19,800円",19800円,,19800,19800,,0,false,,ACTIVE
SVC003,退職代行SARABA,,,24000円,,,24000,,,false,,ACTIVE
SVC004,わたしNEXT,,,21800円(税込),,,21800,,,false,,ACTIVE
SVC005,退職代行Jobs,"27,000円（税込）","27,000円（税込）",27000円(税込),27000,27000,27000,0,0,true,,ACTIVE
SVC006,退職代行ネルサポ,"22,000円","22,000円",15000円(税込),22000,22000,15000,-7000,-7000,true,,ACTIVE
SVC007,男の退職代行,,,21800円(税込),,,21800,,,false,,ACTIVE
SVC008,フォーゲル綜合法律事務所,,"25,000円 税込",25000円(消費税込),,25000,25000,,0,false,,ACTIVE
SVC010,退職代行モームリ,"22,000円",,22000円,22000,,22000,0,,true,,ACTIVE
SVC011,退職代行ヤメドキ,"￥24,000（税込）","24,000円（税込）",24000円(税込),,24000,24000,,0,false,,ACTIVE
SVC012,弁護士法人みやび,,,27500〜77000円(税込),,,77000,,,false,APEX_HOMEPAGE,ACTIVE
SVC013,アディーレ法律事務所,,,19800円(ライトプラン),,,19800,,,false,APEX_HOMEPAGE,ACTIVE
SVC015,退職代行EXIT,"20,000円（税込）",,15000円,20000,,15000,-5000,,true,,ACTIVE
SVC016,退職代行辞スル,,"正社員 22,000円",22000円(税込),,22000,22000,,0,false,,ACTIVE
SVC018,退職110番,,,43800円(税込),,,43800,,,false,APEX_HOMEPAGE,ACTIVE
SVC020,退職代行イマスグヤメタイ,,,22000円(税込),,,22000,,,false,,ACTIVE
SVC022,退職代行ローキ,,,19800円(税込),,,19800,,,false,,ACTIVE
SVC023,弁護士ビーノ,,,"33,000円(税込)",,,33000,,,false,APEX_HOMEPAGE,ACTIVE
SVC024,ITJ法律事務所,,,"19,900円",,,19900,,,false,APEX_HOMEPAGE,ACTIVE
SVC025,あおぞら退職代行サービス,,,"15,000円",,,15000,,,false,APEX_HOMEPAGE,ACTIVE
SVC028,退職代行ヒトヤスミ,,,"22,000円(税込)",,,22000,,,false,,ACTIVE
SVC029,退職代行プラスサービス,,"19,800円／正社員（＋税＝21,780円）","19,800円(税込21,780円)",,19800,19800,,0,false,,ACTIVE
SVC030,退職代行やめたらええねん,"22,000円","19,800円","19,800円",22000,19800,19800,-2200,0,true,,ACTIVE
SVC034,弁護士法人川越みずほ法律会計,,"¥22,000(税込)","22,000円(税込)",,,22000,,,false,,ACTIVE
SVC035,AI退職代行 by 行政書士,,,"2,980円(税込)",,,2980,,,false,,ACTIVE
SVC039,YELL!!,,"10,000円＋税","11,000円(税込)",,10000,11000,,1000,false,,ACTIVE
SVC041,グリーンリーフ法律事務所,,,"80,000円（税込88,000円）",,,80000,,,false,,ACTIVE
SVC042,スイスイ退職代行,"22,000円（税込）","22,000円(税込)",,22000,22000,22000,0,0,true,,UNKNOWN
SVC045,若井綜合法律事務所,,,"50,000円（税抜）",,,50000,,,false,APEX_HOMEPAGE,ACTIVE
SVC046,小澤・竹内弁護士の退職代行,"71,500円（内税6,500円）",,"71,500円（内税6,500円）",71500,,71500,0,,true,,ACTIVE
SVC048,退職あんしん代行,"2,980円","2,980円","12,980円（税込）",2980,2980,12980,10000,10000,true,,ACTIVE
SVC051,退職代行JITAI,,,"22,000円（税込）",,,22000,,,false,,ACTIVE
SVC056,退職代行だいじょうぶ,"14,800円","19,800円(税込)",,14800,19800,19800,5000,0,true,,STOPPED
SVC059,退職代行みらい,,"27,500円(税込)","27,500円（税込）",,27500,27500,,0,false,,ACTIVE
SVC060,退職代行ヤメルート,,,"一律15,000円（税込）",,,15000,,,false,,ACTIVE
SVC062,弁護士法人エース,5万円,5万円,,50000,50000,50000,0,0,true,,UNKNOWN
SVC063,弁護士法人サリュ,,,"20,000円（税込）",,,20000,,,false,APEX_HOMEPAGE,ACTIVE
