field,rows,true,false,not_checked,determined,rate_among_determined,true_service_names
targets_second_new_grad,58,0,35,23,35,0,
targets_new_grad,58,2,32,24,34,0.0588,退職代行やめたらええねん | 弁護士法人川越みずほ法律会計
targets_20s,58,2,32,24,34,0.0588,男の退職代行 | 退職代行やめたらええねん
targets_early_leavers,58,3,30,25,33,0.0909,退職代行Jobs | 退職代行ヤメドキ | 退職代行やめたらええねん
targets_first_resignation,58,0,32,26,32,0,
resume_support_claim,58,4,24,30,28,0.1429,退職代行EXIT | 退職代行イマスグヤメタイ | YELL!! | 退職あんしん代行
interview_support_claim,58,3,25,30,28,0.1071,退職代行イマスグヤメタイ | YELL!! | 退職あんしん代行
career_counseling_claim,58,7,22,29,29,0.2414,退職代行ネルサポ | 退職代行イマスグヤメタイ | 退職代行ローキ | 弁護士ビーノ | YELL!! | 退職あんしん代行 | 退職代行みらい
agent_referral_claim,58,9,24,25,33,0.2727,わたしNEXT | 退職代行Jobs | 男の退職代行 | 退職代行イマスグヤメタイ | 退職代行ローキ | 退職代行プラスサービス | 退職代行やめたらええねん | YELL!! | 退職あんしん代行
job_placement_claim,58,7,26,25,33,0.2121,退職代行Jobs | 退職代行モームリ | 退職代行EXIT | 退職代行イマスグヤメタイ | 退職代行やめたらええねん | YELL!! | 退職あんしん代行
unemployment_support_claim,58,12,23,23,35,0.3429,退職代行OITOMA | わたしNEXT | 退職代行Jobs | 男の退職代行 | 退職代行ローキ | 弁護士ビーノ | 弁護士法人川越みずほ法律会計 | YELL!! | 小澤・竹内弁護士の退職代行 | 退職あんしん代行 | 退職代行JITAI | 退職代行みらい
post_resignation_support_claim,58,22,13,23,35,0.6286,退職代行OITOMA | 退職代行SARABA | わたしNEXT | 退職代行Jobs | 退職代行ネルサポ | 男の退職代行 | 退職代行モームリ | 退職代行EXIT | 退職代行イマスグヤメタイ | 退職代行ローキ | 弁護士ビーノ | 退職代行ヒトヤスミ | 退職代行プラスサービス | 退職代行やめたらええねん | 弁護士法人川越みずほ法律会計 | YELL!! | グリーンリーフ法律事務所 | 小澤・竹内弁護士の退職代行 | 退職あんしん代行 | 退職代行JITAI | 退職代行みらい | 退職代行ヤメルート
