corporateNumber,company,prefecture,companySize,stratum,stratumPopulation,stratumSampled,populationWeight,homepageUrl,shokubaRecruitmentUrl
1010001022850,ＡＳロカス株式会社,12:千葉県,52人,30-99人 / 主要都市圏,188,14,13.4286,https://www.as-locus.jp/,https://www.as-locus.jp/recruit/
1010001126197,三菱ＵＦＪインフォメーションテクノロジー株式会社,13:東京都,2416人,1000人以上 / 東京,147,15,9.8,http://www.it.mufg.jp/,
1010001141097,ＭＸモバイリング株式会社,13:東京都,4413人,1000人以上 / 東京,147,15,9.8,https://www.mxmobiling.co.jp/index.html,
1010001226609,株式会社ＴｏｃｏＮａｎａ,13:東京都,20人,10-29人 / 東京,299,15,19.9333,https://toconana.com/,
1010401016295,株式会社ＳＯＦＴＧ,13:東京都,85人,30-99人 / 東京,352,14,25.1429,https://www.softg.co.jp,https://www.softg.co.jp/#recruit
1010401144773,株式会社ＫｉｔｅＲａ,13:東京都,139人,100-299人 / 東京,432,15,28.8,https://www.kitera.co.jp/,
1010401178557,株式会社ピクセルグロー,13:東京都,1人,1-4人 / 東京,189,15,12.6,https://pixel-grow.com,
1010401179613,株式会社Ｂａｃｋｌｉｎｋ,13:東京都,2人,1-4人 / 東京,189,15,12.6,https://backlink.co.jp/initiatives/,
1010601050631,株式会社ヘーゼルエンジニアリング,13:東京都,9人,5-9人 / 東京,157,14,11.2143,https://www.hazel-engineering.com/home,
1011001038424,株式会社ニックス,13:東京都,48人,30-99人 / 東京,352,14,25.1429,https://www.nics.co.jp/,
1011001067480,株式会社キーワーズ・インターナショナル,13:東京都,386人,300-999人 / 東京,277,14,19.7857,http://www.keywordsstudios.com/,
1011001115413,株式会社ＶＡＳＥ　ＫＵＪＵ,44:大分県,35人,30-99人 / その他,169,15,11.2667,https://shogo.co.jp/,
1011001144981,株式会社ライフ,13:東京都,4人,1-4人 / 東京,189,15,12.6,https://life-enterprise.net/,
1011101045361,株式会社フリーウェイジャパン,13:東京都,9人,5-9人 / 東京,157,14,11.2143,http://freeway-japan.com/,
1020001038458,株式会社アナザーウェア,14:神奈川県,110人,100-299人 / 主要都市圏,186,15,12.4,http://www.another-ware.co.jp/index.html,
1021001013186,株式会社ＴＥＳ,14:神奈川県,65人,30-99人 / 主要都市圏,188,14,13.4286,https://www.tes.co.jp/,
1070001001056,ぐんぎんシステムサービス株式会社,10:群馬県,122人,100-299人 / その他,170,15,11.3333,http://www.gss.co.jp,http://www.gss.co.jp/recruit/index.html
1080401019564,株式会社アロック,22:静岡県,5人,5-9人 / その他,65,14,4.6429,http://alloc.co.jp/,
1120001056193,スミセイ情報システム株式会社,27:大阪府,1567人,1000人以上 / 主要都市圏,54,15,3.6,https://www.slcs.co.jp/,
1120001110280,パナソニックデジタル株式会社,27:大阪府,2200人,1000人以上 / 主要都市圏,54,15,3.6,https://panasonic.co.jp/is-c/,
1120001145277,カコムスホールディングス株式会社,27:大阪府,35人,30-99人 / 主要都市圏,188,14,13.4286,https://www.kacoms-hd.co.jp/,
1120001170300,株式会社アクセスブリッジ,27:大阪府,193人,100-299人 / 主要都市圏,186,15,12.4,http://www.access-bridge.co.jp/,
1120003026855,税理士おすすめ比較ナビ合同会社,27:大阪府,4人,1-4人 / 主要都市圏,119,15,7.9333,https://tax0us.co.jp/company/,
1122001027926,株式会社イメディア,27:大阪府,2人,1-4人 / 主要都市圏,119,15,7.9333,https://sns-support.com/,
1140001068336,株式会社関電システムズ,27:大阪府,800人,300-999人 / 主要都市圏,86,14,6.1429,https://kanden-sys.jp/,
1180001059645,株式会社テクニカルアンサー,23:愛知県,28人,10-29人 / 主要都市圏,189,15,12.6,http://www.t-answer.jp/index.htm,
1290001022781,ペーパレススタジオジャパン株式会社,13:東京都,9人,5-9人 / 東京,157,14,11.2143,http://www.paper-less-studio.com,
1320001005361,Ｓｐａｒｋｌｉｎｇ　Ｌｉｂｅｒｔｙ株式会社,44:大分県,2人,1-4人 / その他,50,15,3.3333,https://www.web-f.net/,
1320001015872,株式会社ＨＡＢ＆Ｃｏ．,44:大分県,34人,30-99人 / その他,169,15,11.2667,https://hab-co.jp,
1340001003487,株式会社ハイパーソフト,46:鹿児島県,43人,30-99人 / その他,169,15,11.2667,https://hypersoft.co.jp/,
1350002006281,有限会社アイネット,45:宮崎県,2人,1-4人 / その他,50,15,3.3333,http://www.iiinet.jp,
1360001014581,トラストコミュニケーション株式会社,47:沖縄県,33人,30-99人 / その他,169,15,11.2667,https://www.tcom.co.jp/,
1360001019977,４７インキュベーション株式会社,13:東京都,28人,10-29人 / 東京,299,15,19.9333,https://47co.jp/about/47incubation,
1370001007295,株式会社ＮＴＴ東日本‐東北,04:宮城県,1103人,1000人以上 / その他,8,8,1,http://www.tohoku.ntt-east.co.jp/,
1370001009911,株式会社日立ソリューションズ東日本,04:宮城県,1259人,1000人以上 / その他,8,8,1,http://www.hitachi-solutions-east.co.jp/index.html,
1370001023334,ＳａｉＳプロダクション株式会社,04:宮城県,21人,10-29人 / その他,129,15,8.6,https://saisproduction.com/,
1430001039456,株式会社ＨｉＳＣ,01:北海道,45人,30-99人 / 主要都市圏,188,14,13.4286,https://hisc.co.jp/,
1500001023023,株式会社オフィス・クラフト,38:愛媛県,8人,5-9人 / その他,65,14,4.6429,https://office-craft.co.jp/,
2010401025923,株式会社文化工房,13:東京都,215人,100-299人 / 東京,432,15,28.8,http://www.bun.co.jp/,
2010401187680,株式会社ＥＮＴＬＡ,13:東京都,4人,1-4人 / 東京,189,15,12.6,https://entla.co.jp/company/,
2010403020897,トゥーサウザンド合同会社,13:東京都,3人,1-4人 / 東京,189,15,12.6,https://www.2-thousand.com,
2010501019247,株式会社ＮＥＳＩ,08:茨城県,364人,300-999人 / その他,76,14,5.4286,http://www.nesi.co.jp/,
2010601038584,日本電子計算株式会社,13:東京都,1577人,1000人以上 / 東京,147,15,9.8,http://www.jip.co.jp/,
2010901030183,アジアクエスト株式会社,13:東京都,461人,300-999人 / 東京,277,14,19.7857,https://www.asia-quest.jp/,
2011001058413,株式会社ビズリーチ,13:東京都,1125人,1000人以上 / 東京,147,15,9.8,http://www.bizreach.co.jp/,
2011001127705,ｈｏｍｉｅ株式会社,13:東京都,110人,100-299人 / 東京,432,15,28.8,https://homie.co.jp/,
2011001149856,アンカーテクノロジーズ株式会社,13:東京都,11人,10-29人 / 東京,299,15,19.9333,http://anchor-u.com/wp-content/uploads/AT_action_plan.pdf,https://open.talentio.com/r/1/c/anchor-u/homes/4042
2012701012725,株式会社ｇｒｉｎｌｅａｐ,13:東京都,26人,10-29人 / 東京,299,15,19.9333,https://grinleap.co.jp/employment/,
2020001087033,株式会社インスパイアリング,14:神奈川県,16人,10-29人 / 主要都市圏,189,15,12.6,https://www.inspiring.co.jp/,
2020001155335,ティアンドエス株式会社,14:神奈川県,292人,100-299人 / 主要都市圏,186,15,12.4,https://www.tecsvc.co.jp/,
2021003011823,アースレーベル合同会社,14:神奈川県,9人,5-9人 / 主要都市圏,77,14,5.5,https://earth-label.com/,
2030001010159,株式会社ＮＴＴ東日本‐関信越,11:埼玉県,1261人,1000人以上 / 主要都市圏,54,15,3.6,http://www.kanshinetsu.ntt-east.co.jp/,
2080001000667,株式会社ＳＤＴエンタープライズ,22:静岡県,90人,30-99人 / その他,169,15,11.2667,https://sdte.co.jp/,
2080001004346,株式会社ＴＯＫＡＩコミュニケーションズ,22:静岡県,1304人,1000人以上 / その他,8,8,1,http://www.tokai-com.co.jp/,
2080101025606,株式会社Ｃａｒｅ　Ｓｅｅｄ,22:静岡県,2人,1-4人 / その他,50,15,3.3333,https://care-seed.jp/,
2080401004029,浜松ケーブルテレビ株式会社,22:静岡県,58人,30-99人 / その他,169,15,11.2667,http://www.winde.jp/,
2080401018664,株式会社ＮＯＫＩＯＯ,22:静岡県,17人,10-29人 / その他,129,15,8.6,https://www.nokioo.jp/,
2120001015669,株式会社ドコモＣＳ関西,27:大阪府,1762人,1000人以上 / 主要都市圏,54,15,3.6,http://www.docomo-cs-kansai.co.jp/sustainability/diversity.html,
2122001018949,センコー情報システム株式会社,27:大阪府,229人,100-299人 / 主要都市圏,186,15,12.4,https://www.sis-recruit.senko.co.jp/,
2180001040422,株式会社プロトコーポレーション,23:愛知県,673人,300-999人 / 主要都市圏,86,14,6.1429,https://www.proto-g.co.jp/,
2180001062094,株式会社シープロジェクト,23:愛知県,2人,1-4人 / 主要都市圏,119,15,7.9333,http://www.cproject.co.jp/,
2180001119910,エンゲージソフト株式会社,23:愛知県,8人,5-9人 / 主要都市圏,77,14,5.5,https://engagesoft.co.jp,
2180301019091,ひまわりネットワーク株式会社,23:愛知県,216人,100-299人 / 主要都市圏,186,15,12.4,https://recruit.himawari.co.jp/,
2240001006697,株式会社エネコム,34:広島県,1074人,1000人以上 / その他,8,8,1,https://www.enecom.co.jp/,
2250001014146,株式会社地域情報新聞しものせき,35:山口県,7人,5-9人 / その他,65,14,4.6429,https://www.hop-s.jp/,
2250001020020,株式会社ラゲッジ,35:山口県,5人,5-9人 / その他,65,14,4.6429,https://ymgfg.co.jp/,
2260001005516,ピコシステム株式会社,33:岡山県,141人,100-299人 / その他,170,15,11.3333,http://www.picosystem.co.jp/,
2290001093888,株式会社リンク,40:福岡県,5人,5-9人 / 主要都市圏,77,14,5.5,https://link-cop.jp/,
2290801009473,株式会社ソルネット,40:福岡県,120人,100-299人 / 主要都市圏,186,15,12.4,https://www.solnet-dot.com/,
2330001007694,株式会社フルスケール,43:熊本県,5人,5-9人 / その他,65,14,4.6429,https://fullscale.jp,
2420001013857,株式会社Ｍ＆Ｃｏ．,02:青森県,5人,5-9人 / その他,65,14,4.6429,https://m-and.co/,
2420002019110,有限会社ヒーローネット,02:青森県,6人,5-9人 / その他,65,14,4.6429,https://heronet.jp/ja/wp-content/pdf/koudoukeikaku.pdf,
3010001058678,株式会社ムサシ・エービーシー,13:東京都,186人,100-299人 / 東京,432,15,28.8,http://www.musashi-abc.co.jp/,
3010001106809,株式会社リベルワークス,13:東京都,61人,30-99人 / 東京,352,14,25.1429,http://www.liberworks.co.jp/,
3010001152563,株式会社インテージ,13:東京都,1067人,1000人以上 / 東京,147,15,9.8,http://www.intage.co.jp/,
3010401014925,鈴与シンワート株式会社,13:東京都,786人,300-999人 / 東京,277,14,19.7857,http://www.shinwart.co.jp/,
3010401064771,サイバートラスト株式会社,13:東京都,238人,100-299人 / 東京,432,15,28.8,https://www.cybertrust.co.jp/,
3010701012661,ブリタニカ・ジャパン株式会社,13:東京都,11人,10-29人 / 東京,299,15,19.9333,https://www.britannica.co.jp/,
3010801027139,パロットビーク株式会社,13:東京都,16人,10-29人 / 東京,299,15,19.9333,https://parrotbeak.co.jp/,
3010903005273,合同会社セイチ,13:東京都,1人,1-4人 / 東京,189,15,12.6,https://seichi.site/,
3011001039098,株式会社インテックソリューションパワー,13:東京都,1228人,1000人以上 / 東京,147,15,9.8,http://www.intec-sp.co.jp,
3011101052934,株式会社スペースリンク,13:東京都,20人,10-29人 / 東京,299,15,19.9333,http://spacelink.co.jp,
3012701011131,アヴァント株式会社,13:東京都,123人,100-299人 / 東京,432,15,28.8,https://avant-sl.com/,
3013301043507,株式会社カナグ,13:東京都,5人,5-9人 / 東京,157,14,11.2143,https://kanagu-inc.jp/,
3013401002461,インフィニティメディカルソフト株式会社,13:東京都,23人,10-29人 / 東京,299,15,19.9333,https://inf-medicalsoft.co.jp/recruit/,
3020001047944,株式会社カールビット,14:神奈川県,118人,100-299人 / 主要都市圏,186,15,12.4,http://www.karbit.co.jp/,
3020001091240,富士ゼロックスアドバンストテクノロジー株式会社,14:神奈川県,1313人,1000人以上 / 主要都市圏,54,15,3.6,http://www.fxat.co.jp/,
3030001012162,ＡＧＳプロサービス株式会社,11:埼玉県,531人,300-999人 / 主要都市圏,86,14,6.1429,http://www.ags-ps.co.jp/index.html,
3080402019322,有限会社フリーライディング,22:静岡県,1人,1-4人 / その他,50,15,3.3333,http://freeriding.jp/,
3120001114726,ＤＩＴ株式会社,13:東京都,8人,5-9人 / 東京,157,14,11.2143,https://www.dolce-it.co.jp/about/,
3140001007886,株式会社さくらケーシーエス,28:兵庫県,1063人,1000人以上 / 主要都市圏,54,15,3.6,http://www.kcs.co.jp/,
3180001018442,株式会社メイテツコム,23:愛知県,408人,300-999人 / 主要都市圏,86,14,6.1429,http://www.meitetsucom.co.jp//,
3180001029803,株式会社カーネル・ソフト・エンジニアリング,23:愛知県,884人,300-999人 / 主要都市圏,86,14,6.1429,https://www.kernel-se.co.jp/,
3180001071689,株式会社ＷＥＢ企画,23:愛知県,43人,30-99人 / 主要都市圏,188,14,13.4286,https://webkikaku.co.jp/homepage/,
3260001024746,株式会社クリエ・ココ,33:岡山県,2人,1-4人 / その他,50,15,3.3333,https://www.crea-coco.com/,
3290001046151,株式会社ネットワークソリューション,40:福岡県,181人,100-299人 / 主要都市圏,186,15,12.4,https://www.nw-solution.co.jp/,
3310001003604,株式会社ディーエスブランド,42:長崎県,305人,300-999人 / その他,76,14,5.4286,https://dsbranch.works/careers/pages/711/,
3330001011092,株式会社テクノミックス,13:東京都,5人,5-9人 / 東京,157,14,11.2143,https://www.tmix.co.jp/,
3360001031385,株式会社オキジモ,47:沖縄県,2人,1-4人 / その他,50,15,3.3333,https://okijimo.jp/,
3390001000230,株式会社ＪｉｍｏＴｅｃ,06:山形県,14人,10-29人 / その他,129,15,8.6,https://www.jimotec.co.jp/,
3430001080854,Ｌｉｂｅｒｔｙ株式会社,01:北海道,5人,5-9人 / 主要都市圏,77,14,5.5,https://libertyinc.jp/,
3470001007556,株式会社シー・キュー,37:香川県,5人,5-9人 / その他,65,14,4.6429,http://kkcq.jp/,
4010001054032,株式会社野村総合研究所,13:東京都,7982人,1000人以上 / 東京,147,15,9.8,https://www.nri.com/jp/,
4010001067331,株式会社エスエイシー総研,13:東京都,15人,10-29人 / 東京,299,15,19.9333,https://www.sacsoken.com/,
4010001115453,株式会社クロノシステム,13:東京都,9人,5-9人 / 東京,157,14,11.2143,http://www.chrono.co.jp,
4010401128187,シルタス株式会社,13:東京都,4人,1-4人 / 東京,189,15,12.6,https://corp.sirutasu.com/news/about/,
4010501025879,株式会社サンシーア,13:東京都,49人,30-99人 / 東京,352,14,25.1429,https://sunseer.co.jp/fringe_benefits/,
4010601028617,株式会社ＮＴＴデータＳＢＣ,27:大阪府,400人,300-999人 / 主要都市圏,86,14,6.1429,https://www.nttdata-sbc.co.jp/,
4011101011096,Ｚｅｎｋｅｎ株式会社,13:東京都,448人,300-999人 / 東京,277,14,19.7857,https://www.zenken.co.jp/,https://recruit.zenken.co.jp/
4011101072114,株式会社ＩＴＡＫＯ,13:東京都,6人,5-9人 / 東京,157,14,11.2143,http://www.itakoh.co.jp/,
4013103000647,合同会社ｂａｓｉｃｍａｔｈ,26:京都府,2人,1-4人 / 主要都市圏,119,15,7.9333,https://basicmath.jp,
4013301025157,日本情報システム株式会社,13:東京都,60人,30-99人 / 東京,352,14,25.1429,http://www.nisweb.co.jp/main/index.html,https://job.mynavi.jp/26/pc/search/corp71669/outline.html
4080001002827,株式会社静岡第一テレビ,22:静岡県,117人,100-299人 / その他,170,15,11.3333,http://www.tv-sdt.co.jp/,
4120001068814,株式会社ノベラック,27:大阪府,14人,10-29人 / 主要都市圏,189,15,12.6,http://www.noveluck.co.jp/index.html,
4120001115673,株式会社Ｂｅｅ,27:大阪府,51人,30-99人 / 主要都市圏,188,14,13.4286,http://www.bee-u.com/,https://job.mynavi.jp/27/pc/search/corp105911/outline.html
4180001017641,株式会社トヨタシステムズ,23:愛知県,3422人,1000人以上 / 主要都市圏,54,15,3.6,https://www.toyotasystems.com/,
4180001034083,株式会社イエス,23:愛知県,36人,30-99人 / 主要都市圏,188,14,13.4286,http://www.ies.jp/iesweb/,
4190001000893,株式会社百五デジタルソリューションズ,24:三重県,112人,100-299人 / その他,170,15,11.3333,https://www.105ds.co.jp/,
4230001000030,株式会社アイドママーケティングコミュニケーション,16:富山県,239人,100-299人 / その他,170,15,11.3333,https://www.e-aidma.co.jp/,
4230001014154,キュアコード株式会社,16:富山県,12人,10-29人 / その他,129,15,8.6,https://curecode.jp/,
4260001027946,株式会社ベネッセインフォシェル,33:岡山県,405人,300-999人 / その他,76,14,5.4286,http://www.benesse-infoshell.co.jp/index.html,
4290801006246,九州システムコンサルティング株式会社,40:福岡県,19人,10-29人 / 主要都市圏,189,15,12.6,http://www.k-s-c.co.jp/,
4370001053015,サイバーコム株式会社,04:宮城県,1305人,1000人以上 / その他,8,8,1,https://www.cy-com.co.jp/,
4430001075259,株式会社イレブンソフト,01:北海道,19人,10-29人 / 主要都市圏,189,15,12.6,http://11-soft.com,
4500001004870,株式会社コモテック,38:愛媛県,11人,10-29人 / その他,129,15,8.6,https://www.comotec.ne.jp/index.shtml,
5010001043934,恒和情報技研株式会社,13:東京都,112人,100-299人 / 東京,432,15,28.8,http://www.kjg.co.jp,
5010001063230,株式会社ビルドシステム,09:栃木県,3人,1-4人 / その他,50,15,3.3333,http://www.buildsystems.jp,
5010001148221,東京インタープレイ株式会社,13:東京都,8人,5-9人 / 東京,157,14,11.2143,http://www.tokyo-ip.co.jp/,
5010401032495,株式会社オープンドア,13:東京都,195人,100-299人 / 東京,432,15,28.8,http://www.opendoor.co.jp/,
5010401068234,株式会社カザン,13:東京都,40人,30-99人 / 東京,352,14,25.1429,http://kazan.co.jp,
5010401110458,株式会社ローカルワークス,13:東京都,10人,10-29人 / 東京,299,15,19.9333,https://localworks.co.jp/,
5010701020150,株式会社リンクアット・ジャパン,13:東京都,112人,100-299人 / 東京,432,15,28.8,https://www.la-j.com/,
5010701024705,株式会社ゆめも,13:東京都,25人,10-29人 / 東京,299,15,19.9333,http://www.yumemo.co.jp/,
5011101037603,クラスメソッド株式会社,13:東京都,562人,300-999人 / 東京,277,14,19.7857,https://classmethod.jp/company/overview/,
5011101042099,兼松グランクス株式会社,13:東京都,61人,30-99人 / 東京,352,14,25.1429,https://www.granks.co.jp/,
5011101060984,株式会社サイバーテック,13:東京都,50人,30-99人 / 東京,352,14,25.1429,http://www.cybertech.co.jp/,https://www.cybertech.co.jp/recruit/
5012702013389,株式会社イングリウッド,13:東京都,356人,300-999人 / 東京,277,14,19.7857,https://inglewood.co.jp,
5020003020162,合同会社Ｌａｎｉ,14:神奈川県,4人,1-4人 / 主要都市圏,119,15,7.9333,https://lani.co.jp/,https://lani.co.jp/recruit
5040001046876,株式会社ジィ・シィ企画,12:千葉県,131人,100-299人 / 主要都市圏,186,15,12.4,https://www.gck.co.jp/,
5050001002358,株式会社ユードム,08:茨城県,429人,300-999人 / その他,76,14,5.4286,https://www.udom.co.jp/,
5070001003684,株式会社リサージュ,10:群馬県,12人,10-29人 / その他,129,15,8.6,http://www.lissaj.com,
5080101019877,株式会社フォレスタ,22:静岡県,4人,1-4人 / その他,50,15,3.3333,https://telwarp.co.jp/corporate/,
5100001005339,使えるねっと株式会社,20:長野県,24人,10-29人 / その他,129,15,8.6,https://www.tsukaeru.net,
5100001018761,株式会社デジタル・スパイス,20:長野県,110人,100-299人 / その他,170,15,11.3333,https://www.digital-spice.co.jp,
5110001000181,株式会社ＩＴスクエア,15:新潟県,24人,10-29人 / その他,129,15,8.6,http://www.itsquare.co.jp,
5120001054177,株式会社テイク－ワン,27:大阪府,100人,100-299人 / 主要都市圏,186,15,12.4,https://www.tk-1.co.jp/,
5120001073169,アイスター株式会社,27:大阪府,341人,300-999人 / 主要都市圏,86,14,6.1429,http://www.i-star.co.jp/,
5120001103719,株式会社ブロードエンタープライズ,13:東京都,157人,100-299人 / 東京,432,15,28.8,https://broad-e.co.jp/,
5120001190113,株式会社トイント,26:京都府,3人,1-4人 / 主要都市圏,119,15,7.9333,https://www.toint.co.jp/,
5190001029692,株式会社ＡＷＡ,23:愛知県,1人,1-4人 / 主要都市圏,119,15,7.9333,https://www.a-w-a.co.jp/,
5240001030554,株式会社コアシステムズ,34:広島県,25人,10-29人 / その他,129,15,8.6,http://www.coasystems.net/,
5290801002046,株式会社ゼンリン,40:福岡県,2441人,1000人以上 / 主要都市圏,54,15,3.6,http://www.zenrin.co.jp/,
5330001001488,株式会社ＫＩＳ,43:熊本県,308人,300-999人 / その他,76,14,5.4286,https://www.kis.co.jp/company_next/,https://www.kis.co.jp/recruit/
5360001017713,株式会社いえらぶ琉球,47:沖縄県,56人,30-99人 / その他,169,15,11.2667,http://www.ielove-ryukyu.co.jp/,
5370001008075,株式会社コンピュータシステム研究所,04:宮城県,523人,300-999人 / その他,76,14,5.4286,https://www.cstnet.co.jp,
5390001002621,株式会社ハイテックシステム,06:山形県,21人,10-29人 / その他,129,15,8.6,https://www.hightech.co.jp,
5430001073807,株式会社シンカリンク,01:北海道,2人,1-4人 / 主要都市圏,119,15,7.9333,https://sinka.link,
6010001121012,ナショナルソフトウェア株式会社,13:東京都,328人,300-999人 / 東京,277,14,19.7857,https://www.nationalsoftware.co.jp/,
6010001127835,ディー・アール・テクノロジー株式会社,13:東京都,56人,30-99人 / 東京,352,14,25.1429,https://www.drtech.jp/,
6010001202415,株式会社イーズライフテクノロジー,13:東京都,1人,1-4人 / 東京,189,15,12.6,https://www.easelifetec.co.jp/,
6010401058119,株式会社キーウォーカー,13:東京都,87人,30-99人 / 東京,352,14,25.1429,https://recruit.keywalker.co.jp/#data,
6010401078785,三井情報株式会社,13:東京都,2020人,1000人以上 / 東京,147,15,9.8,http://www.mki.co.jp/index.html,
6010401188246,株式会社ロクス,13:東京都,5人,5-9人 / 東京,157,14,11.2143,https://roks.co.jp/company/,
6010701025710,株式会社日立システムズ,13:東京都,10285人,1000人以上 / 東京,147,15,9.8,https://www.hitachi-systems.com/,
6011101047015,株式会社フルエナジー,13:東京都,9人,5-9人 / 東京,157,14,11.2143,http://fullenergy.co.jp,
6011101084784,株式会社ＲＵＮＷＡＹＳ,13:東京都,2人,1-4人 / 東京,189,15,12.6,https://runways.co.jp/,
6013301041516,ハーツテクノロジー株式会社,14:神奈川県,31人,30-99人 / 主要都市圏,188,14,13.4286,https://www.hearts-tech.co.jp/hearts-blog/20200219/,
6020001009165,株式会社ネオジャパン,14:神奈川県,170人,100-299人 / 主要都市圏,186,15,12.4,https://www.neo.co.jp/corp/outline/plans.html,
6020001029691,株式会社ＹＳＬソリューション,14:神奈川県,413人,300-999人 / 主要都市圏,86,14,6.1429,https://www.ysl.co.jp/,
6020001036754,株式会社プロスター,14:神奈川県,4人,1-4人 / 主要都市圏,119,15,7.9333,http://www.prostar.co.jp/,
6030001054094,株式会社ＥＭメディア,11:埼玉県,3人,1-4人 / 主要都市圏,119,15,7.9333,https://eigohiroba.jp/,
6030001065018,株式会社アルファプラス,11:埼玉県,29人,10-29人 / 主要都市圏,189,15,12.6,https://www.alphaplus.co.jp/,
6030001094396,株式会社グッドエレファント,45:宮崎県,7人,5-9人 / その他,65,14,4.6429,https://good-elephant.co.jp/,
6050001037106,株式会社茨城新聞社,08:茨城県,207人,100-299人 / その他,170,15,11.3333,https://ibarakinews.jp/top.php,
6070001035719,株式会社ｋａｏｉｒｉ,10:群馬県,13人,10-29人 / その他,129,15,8.6,https://kaoiri.co.jp/,
6080101001198,株式会社コサウェル,22:静岡県,316人,300-999人 / その他,76,14,5.4286,http://www.cosawell.co.jp,
6100001012664,株式会社アドヴァンスト・インフォーメイション・デザイン,20:長野県,645人,300-999人 / その他,76,14,5.4286,https://www.a-i-d.co.jp/company/diversity.html,
6110001018644,アグリノート株式会社,15:新潟県,37人,30-99人 / その他,169,15,11.2667,https://water-cell.jp/,
6120001059605,株式会社朝日新聞社,27:大阪府,3651人,1000人以上 / 主要都市圏,54,15,3.6,https://www.asahi.com/corporate/info/14728559,
6120001126768,フィラーシステムズ株式会社,27:大阪府,117人,100-299人 / 主要都市圏,186,15,12.4,https://www.fsz.co.jp,
6122001025685,株式会社インテリオール,27:大阪府,3人,1-4人 / 主要都市圏,119,15,7.9333,http://interiall.jp/,
6130001021019,株式会社ＪＳＰ,26:京都府,5人,5-9人 / 主要都市圏,77,14,5.5,http://jsp.ne.jp/,
6140001070262,株式会社フルノソフテック,28:兵庫県,64人,30-99人 / 主要都市圏,188,14,13.4286,https://www.furunosoftech.co.jp,
6180001060227,デジタルミックス株式会社,23:愛知県,51人,30-99人 / 主要都市圏,188,14,13.4286,http://www.digitalmix.jp/,
6200001041216,センシア株式会社,21:岐阜県,1人,1-4人 / その他,50,15,3.3333,https://sensia.co.jp/,
6220001002760,株式会社コスモビジネス,17:石川県,45人,30-99人 / その他,169,15,11.2667,http://www.csn.co.jp/cb/,
6220001026074,株式会社システムサポート,17:石川県,1370人,1000人以上 / その他,8,8,1,https://www.sts-inc.co.jp,
6270001004959,株式会社アピオン,31:鳥取県,7人,5-9人 / その他,65,14,4.6429,https://www.apionet.or.jp,
6290001024245,株式会社パーソン,40:福岡県,12人,10-29人 / 主要都市圏,189,15,12.6,http://www.person3.com/,
6320001001562,ＡＩＤＡ　ＬＩＮＫ株式会社,44:大分県,36人,30-99人 / その他,169,15,11.2667,https://aida-link.com/,
6320001005266,株式会社クオックス,44:大分県,9人,5-9人 / その他,65,14,4.6429,https://qox.jp/,
6430001022250,株式会社ＨＤＣ,01:北海道,365人,300-999人 / 主要都市圏,86,14,6.1429,https://hdcweb.lilac.co.jp/company/geap/goapn/,
6500001002963,南海放送株式会社,38:愛媛県,116人,100-299人 / その他,170,15,11.3333,https://www.rnb.co.jp/,
7010001022317,株式会社ダンクソフト,13:東京都,28人,10-29人 / 東京,299,15,19.9333,https://www.dunksoft.com/,
7010001241767,株式会社ありあまる,13:東京都,6人,5-9人 / 東京,157,14,11.2143,https://ariamaru.co.jp/about/,
7010001247946,株式会社マクロミル,13:東京都,1308人,1000人以上 / 東京,147,15,9.8,http://www.macromill.com/,
7010401018749,電通工業株式会社,13:東京都,183人,100-299人 / 東京,432,15,28.8,https://www.dentsu.ne.jp/,
7010401027345,株式会社報知新聞社,13:東京都,531人,300-999人 / 東京,277,14,19.7857,http://www.hochi.co.jp/,
7010401053829,株式会社電通総研,13:東京都,2502人,1000人以上 / 東京,147,15,9.8,https://www.dentsusoken.com/,
7010401089880,エキサイト株式会社,13:東京都,131人,100-299人 / 東京,432,15,28.8,https://www.excite.co.jp/,
7010401098601,株式会社協栄情報,13:東京都,315人,300-999人 / 東京,277,14,19.7857,https://www.cp-info.co.jp/,
7010401173214,株式会社Ｐｈｏｔｉａ,13:東京都,1人,1-4人 / 東京,189,15,12.6,https://photia.co.jp/,
7010701023110,株式会社ＥＳＮＡ,13:東京都,70人,30-99人 / 東京,352,14,25.1429,http://www.esna.jp/,
7011001116975,株式会社Ｕ‐ＮＥＸＴ,13:東京都,659人,300-999人 / 東京,277,14,19.7857,https://www.unext.co.jp/ja,
7011001168604,エデュニア株式会社,13:東京都,2人,1-4人 / 東京,189,15,12.6,https://edunear.com/,
7011101033773,ＳＢテクノロジー株式会社,13:東京都,1165人,1000人以上 / 東京,147,15,9.8,https://www.softbanktech.co.jp/corp/hr/personnel-policies/women-careers/,
7011101071501,株式会社アルビノ,13:東京都,3人,1-4人 / 東京,189,15,12.6,https://www.albino.co.jp/about/,https://www.albino.co.jp/recruit/
7011801027752,株式会社ディリット,14:神奈川県,5人,5-9人 / 主要都市圏,77,14,5.5,https://diritto.co.jp/,
7012701001368,株式会社サンエフ,13:東京都,49人,30-99人 / 東京,352,14,25.1429,http://www.sanefu.com/index.php,
7021001009146,システムワークスジャパン株式会社,14:神奈川県,48人,30-99人 / 主要都市圏,188,14,13.4286,https://swj.co.jp/,
7040001097570,株式会社アリエ,12:千葉県,14人,10-29人 / 主要都市圏,189,15,12.6,https://www.aryeh.co.jp,
7070001035437,ＬＯＣＡＬ　ＰＯＷＥＲ株式会社,10:群馬県,1人,1-4人 / その他,50,15,3.3333,https://local-power.co.jp/actionplan,
7100001035895,株式会社Ｃｒｅａｔｏｐｉａ,47:沖縄県,2人,1-4人 / その他,50,15,3.3333,https://creatopia.jp,
7120001093280,日本ソフトウエア株式会社,27:大阪府,123人,100-299人 / 主要都市圏,186,15,12.4,https://www.nsware.co.jp/,
7130001075856,プロエンジニア株式会社,26:京都府,8人,5-9人 / 主要都市圏,77,14,5.5,https://proengineer.co.jp/,
7140001007718,コベルコシステム株式会社,28:兵庫県,1301人,1000人以上 / 主要都市圏,54,15,3.6,http://www.kobelcosys.co.jp,
7140003013284,株式会社ＩＬＫＳ,28:兵庫県,6人,5-9人 / 主要都市圏,77,14,5.5,https://ilks.jp,
7160001009266,株式会社ナックウェブ,25:滋賀県,7人,5-9人 / その他,65,14,4.6429,https://www.nakweb.com/,
7180001038759,トーテックアメニティ株式会社,23:愛知県,2786人,1000人以上 / 主要都市圏,54,15,3.6,http://www.totec.jp/,
7180001084497,株式会社ケイ・クリエイト,23:愛知県,29人,10-29人 / 主要都市圏,189,15,12.6,http://www.k-create.co.jp,
7180001121985,株式会社スタメン,23:愛知県,161人,100-299人 / 主要都市圏,186,15,12.4,https://biz.tunag.jp/company,
7190001010568,株式会社松阪電子計算センター,24:三重県,310人,300-999人 / その他,76,14,5.4286,https://www.matsusaka.co.jp/effort.html,
7200001012075,株式会社アクシス,21:岐阜県,25人,10-29人 / その他,129,15,8.6,https://www.axis-corp.com/,
7200001030597,株式会社ＬｉｎｋＳｔｏｒｙ,21:岐阜県,3人,1-4人 / その他,50,15,3.3333,https://linkstory.co.jp/,
7230001005373,株式会社高志インテック,16:富山県,531人,300-999人 / その他,76,14,5.4286,https://www.koushi-intec.co.jp/,
7240001010645,平和情報システム株式会社,34:広島県,27人,10-29人 / その他,129,15,8.6,https://www.heiwa-joho.co.jp,
7290001006630,応研株式会社,40:福岡県,380人,300-999人 / 主要都市圏,86,14,6.1429,http://www.ohken.co.jp,
7290001006977,株式会社ＱＴｎｅｔ,40:福岡県,1136人,1000人以上 / 主要都市圏,54,15,3.6,http://www.qtnet.co.jp/,
7290001060000,株式会社ｕｚｕｆａｃｔｏｒｙ,40:福岡県,11人,10-29人 / 主要都市圏,189,15,12.6,http://www.uzuuzu.jp/,
7330001000364,株式会社イノス,43:熊本県,137人,100-299人 / その他,170,15,11.3333,http://www.inos.co.jp,
7370001013734,株式会社アイムワン,04:宮城県,64人,30-99人 / その他,169,15,11.2667,https://www.imone.co.jp/,
7400001000480,株式会社技電工業,03:岩手県,17人,10-29人 / その他,129,15,8.6,http://www.giden.co.jp,
7410001004472,ノリット・ジャポン株式会社,05:秋田県,40人,30-99人 / その他,169,15,11.2667,http://www.norit.jp/,
7430001022225,株式会社ＮＴＴデータ北海道,01:北海道,316人,300-999人 / 主要都市圏,86,14,6.1429,https://www.nttdata-hokkaido.co.jp/,
7470001001910,株式会社四国電子計算センター,37:香川県,54人,30-99人 / その他,169,15,11.2667,https://www.scc21.co.jp/company/plan.html,
8010401084443,ＮＲＩセキュアテクノロジーズ株式会社,13:東京都,658人,300-999人 / 東京,277,14,19.7857,https://www.nri-secure.co.jp/,
8010601024653,ユニアデックス株式会社,13:東京都,2507人,1000人以上 / 東京,147,15,9.8,https://www.uniadex.co.jp/sustainability/,
8010701003350,株式会社ＣＳＭソリューション,13:東京都,250人,100-299人 / 東京,432,15,28.8,https://www.cosmo.co.jp/company/activity/,
8011101045347,株式会社クロスゲームズ,13:東京都,130人,100-299人 / 東京,432,15,28.8,https://www.cross-games.jp/,
8011401023647,株式会社テクノイド,13:東京都,2人,1-4人 / 東京,189,15,12.6,https://technoid.co.jp/,
8012801006761,株式会社テイルウィンドシステム,13:東京都,225人,100-299人 / 東京,432,15,28.8,https://www.tailwind.co.jp/,
8013201010775,株式会社ブイキューブ,13:東京都,344人,300-999人 / 東京,277,14,19.7857,https://contents.xj-storage.jp/xcontents/05997/df7b520d/fb39/454b/bc02/a66b8f1e0d4c/S100Y1NL.pdf,
8013301007853,テラテクノロジー株式会社,13:東京都,357人,300-999人 / 東京,277,14,19.7857,https://www.teratech.co.jp/,
8020001071758,ＮＲＩシステムテクノ株式会社,14:神奈川県,406人,300-999人 / 主要都市圏,86,14,6.1429,http://www.nri-st.co.jp/,
8021001008106,株式会社ＦＶコンサルティング,14:神奈川県,1人,1-4人 / 主要都市圏,119,15,7.9333,https://fv-shonan.com/,
8021001065353,株式会社Ｌｉｂｅｒｔａｄ,14:神奈川県,4人,1-4人 / 主要都市圏,119,15,7.9333,https://libertad-inc.co.jp/wp/company/,
8030001075015,彩ネット株式会社,11:埼玉県,22人,10-29人 / 主要都市圏,189,15,12.6,http://www.sainet.ne.jp/,
8040001063472,株式会社エヌアイデイ,12:千葉県,1148人,1000人以上 / 主要都市圏,54,15,3.6,http://www.nid.co.jp/,
8080102016301,有限会社アイ・プランニング,22:静岡県,9人,5-9人 / その他,65,14,4.6429,http://www.iplan-inc.com,
8080401020581,株式会社ネクサス,22:静岡県,235人,100-299人 / その他,170,15,11.3333,https://www.nexus-nt.co.jp/,
8090001002302,株式会社山梨文化会館,19:山梨県,898人,300-999人 / その他,76,14,5.4286,http://www.sannichi-ybs.co.jp/,
8110001022198,株式会社ＮＳ・コンピュータサービス,15:新潟県,515人,300-999人 / その他,76,14,5.4286,https://nscs.jp/,
8120001123045,株式会社スクラムソフトウェア,27:大阪府,13人,10-29人 / 主要都市圏,189,15,12.6,http://www.scrumsoftware.co.jp/,
8120901048770,株式会社ＶＯＬＴＭＩＮＤ,27:大阪府,6人,5-9人 / 主要都市圏,77,14,5.5,https://voltmind.jp/,
8140001109141,株式会社ＮＯＧＩＣ,13:東京都,5人,5-9人 / 東京,157,14,11.2143,https://www.nogic.co.jp/,
8180001030616,株式会社システムリサーチ,23:愛知県,1548人,1000人以上 / 主要都市圏,54,15,3.6,https://www.sr-net.co.jp/,
8180001142015,株式会社ＡＩＴＣ,23:愛知県,7人,5-9人 / 主要都市圏,77,14,5.5,https://aitc.co.jp/about-us/,
8190001000873,株式会社ビーイング,24:三重県,332人,300-999人 / その他,76,14,5.4286,https://www.beingcorp.co.jp/corporate/,
8190001001070,株式会社アレクシード,24:三重県,106人,100-299人 / その他,170,15,11.3333,http://www.allexceed.co.jp/,
8190001026472,株式会社アスターリンク,24:三重県,4人,1-4人 / その他,50,15,3.3333,https://aster-link.co.jp/,https://www.aster-link.co.jp/recruit/
8200003004359,合同会社Ｃ７,23:愛知県,6人,5-9人 / 主要都市圏,77,14,5.5,https://c7-int.co.jp/,
8220001002008,株式会社金沢エンジニアリングシステムズ,17:石川県,146人,100-299人 / その他,170,15,11.3333,https://kanazawa-es.co.jp/,
8240001008754,株式会社ハイエレコン,34:広島県,266人,100-299人 / その他,170,15,11.3333,https://www.hek.co.jp/,
8260001007077,株式会社両備システムズ,33:岡山県,1966人,1000人以上 / その他,8,8,1,http://www.ryobi.co.jp/,
8320001001478,株式会社スリーエイ・システム,44:大分県,245人,100-299人 / その他,170,15,11.3333,https://www.aaa-system.co.jp/,
8330001017176,株式会社ウディスソフト研究所,43:熊本県,5人,5-9人 / その他,65,14,4.6429,https://www.udissoftlab.com/,
8410001000330,株式会社秋田魁新報社,05:秋田県,238人,100-299人 / その他,170,15,11.3333,https://www.sakigake.jp/company/,
8430001041505,株式会社アイコン,01:北海道,40人,30-99人 / 主要都市圏,188,14,13.4286,https://iconfor.co.jp,
8500001014453,株式会社フロントエンド,38:愛媛県,17人,10-29人 / その他,129,15,8.6,https://www.frontend.co.jp/,
9010001093967,株式会社クロノス,13:東京都,24人,10-29人 / 東京,299,15,19.9333,http://www.cronus.co.jp,
9010001146832,株式会社メディアスクエア,13:東京都,19人,10-29人 / 東京,299,15,19.9333,https://www.media-square.co.jp/,
9010401028746,三菱電機ソフトウエア株式会社,13:東京都,5300人,1000人以上 / 東京,147,15,9.8,https://www.mesw.co.jp,
9010701009710,株式会社メトロ,13:東京都,378人,300-999人 / 東京,277,14,19.7857,https://www.metro.co.jp/,
9011001007669,株式会社光言社,13:東京都,38人,30-99人 / 東京,352,14,25.1429,https://www.kogensha.jp/,
9011001065980,株式会社Ｇｅｎｇｏ,14:神奈川県,30人,30-99人 / 主要都市圏,188,14,13.4286,https://gengo.com/ja/,
9011001073901,株式会社ハニカムラボ,13:東京都,20人,10-29人 / 東京,299,15,19.9333,https://www.honeycomb-lab.co.jp/,
9011001129389,株式会社ＳａｌｅｓＮｏｗ,13:東京都,8人,5-9人 / 東京,157,14,11.2143,https://salesnow.jp/,
9011001144371,株式会社プラウドロード,13:東京都,4人,1-4人 / 東京,189,15,12.6,http://zedia-g.jp,
9011101077216,ＪＮＩアドパートナーズ株式会社,27:大阪府,6人,5-9人 / 主要都市圏,77,14,5.5,http://in-st.co.jp/,
9012401021581,第一ライフテクノクロス株式会社,13:東京都,1499人,1000人以上 / 東京,147,15,9.8,https://www.dl-techx.com/,
9013301035259,株式会社テクノ情報シンク,13:東京都,30人,30-99人 / 東京,352,14,25.1429,http://www.tj-think.co.jp,
9013301044029,株式会社リヤン,13:東京都,4人,1-4人 / 東京,189,15,12.6,https://rise-co.info/,
9020001007959,株式会社日立情報通信エンジニアリング,14:神奈川県,2906人,1000人以上 / 主要都市圏,54,15,3.6,http://www.hitachi-ite.co.jp/,
9020001088561,株式会社エヴァーグリーン,14:神奈川県,24人,10-29人 / 主要都市圏,189,15,12.6,http://www.ever-g.co.jp/,
9021001020308,デジタルプロセス株式会社,14:神奈川県,450人,300-999人 / 主要都市圏,86,14,6.1429,http://www.dipro.co.jp/,
9021001062291,株式会社カブキ,14:神奈川県,5人,5-9人 / 主要都市圏,77,14,5.5,https://kabuki-inc.co.jp/,
9110001016983,ドコドア株式会社,15:新潟県,43人,30-99人 / その他,169,15,11.2667,https://docodoor.com/recruit/,
9120001186660,株式会社アイティジョイン,27:大阪府,20人,10-29人 / 主要都市圏,189,15,12.6,https://www.itjoin.co.jp,
9120001189275,株式会社ＭＳＥＮ,27:大阪府,6人,5-9人 / 主要都市圏,77,14,5.5,https://msen.jp,
9120001237348,株式会社Ｒｅｔｅｒｎｏ,27:大阪府,1人,1-4人 / 主要都市圏,119,15,7.9333,https://reterno.jp/,
9130001000572,株式会社ＫＹＯＳＯ,26:京都府,507人,300-999人 / 主要都市圏,86,14,6.1429,http://www.kyoso.co.jp/,
9210001011363,株式会社Ｉｎｔｅｒｆａｃｅ,18:福井県,3人,1-4人 / その他,50,15,3.3333,https://interface-inc.jp/,
9240001009850,株式会社日立ソリューションズ西日本,34:広島県,1793人,1000人以上 / その他,8,8,1,https://www.hitachi-solutions-west.co.jp/sustainability/workstyle/,
9240001045664,株式会社パプリカ,34:広島県,2人,1-4人 / その他,50,15,3.3333,https://paprica.co.jp/index.html,
9260001000262,株式会社アストロ,33:岡山県,33人,30-99人 / その他,169,15,11.2667,https://www.astroinc.co.jp,
9290001013369,株式会社サンクライム,40:福岡県,34人,30-99人 / 主要都市圏,188,14,13.4286,https://www.sunclimb.co.jp/,
9290001097189,九州朝日放送株式会社,40:福岡県,206人,100-299人 / 主要都市圏,186,15,12.4,https://kbc.co.jp/company/profile/csr.php,
9290003017599,スマートランク合同会社,40:福岡県,1人,1-4人 / 主要都市圏,119,15,7.9333,https://smartrank.co.jp/,
9430001038814,ジャスティン株式会社,01:北海道,28人,10-29人 / 主要都市圏,189,15,12.6,https://www.justin-inc.com/,
9470001001883,株式会社ＳＴＮｅｔ,37:香川県,780人,300-999人 / その他,76,14,5.4286,https://www.stnet.co.jp/,
