corporateNumber,company,recruitmentUrl,homepageUrl,ok,status,finalUrl,title,robots,jobPostingJsonLd,jobPostingTitles,visibleChars,error,secondNewGrad,entryLevel,recentGraduate,potentialHire,training,mentor,remote,fullRemote,engineer,webMarketing,webDirector,portfolio,workExperience,salary
7010001139193,いきいきメディケアサポート株式会社,https://saiyou.doraku-holdings.co.jp/,https://www.ikiikimedicare.co.jp/,True,200,https://saiyou.doraku-holdings.co.jp/,働楽ホールディングス 採用サイト,,False,,1231,,True,True,False,False,True,False,False,False,False,False,False,False,False,False
5011001093779,きびだんご株式会社,https://www.wantedly.com/companies/kibidango,https://kibidango.com/,True,200,https://www.wantedly.com/companies/kibidango,きびだんご株式会社の会社情報 - Wantedly,,False,,1406,,False,False,False,False,False,False,True,False,True,False,False,False,False,False
1070001001056,ぐんぎんシステムサービス株式会社,http://www.gss.co.jp/recruit/index.html,http://www.gss.co.jp,True,200,https://www.gss.co.jp/recruit/index.html,採用情報｜ぐんぎんシステムサービス株式会社,robots_unavailable:HTTPError,False,,2951,,False,False,False,False,True,False,False,False,True,False,False,False,False,False
2050002031210,アイエンジニアリング株式会社,https://iengz.co.jp/recruit/,https://iengz.co.jp/,True,200,https://iengz.co.jp/recruit/,採用情報｜ アイエンジニアリング株式会社,,False,,2137,,False,True,False,False,True,False,False,False,True,False,False,False,False,False
3020001065244,アイシス株式会社,http://www.isis.co.jp/recruit/,http://www.isis.co.jp/,True,200,http://www.isis.co.jp/recruit/,採用情報 | アイシス株式会社,,False,,341,,False,False,False,False,False,False,False,False,True,False,False,False,False,False
3340001000219,アイテップ株式会社,http://itep.jp/recruitment/,https://itep.jp,True,200,https://itep.jp/recruit/,採用情報 | アイテップ株式会社,,False,,2131,,True,True,False,False,False,False,True,False,True,False,False,False,False,True
3180001127920,アルチテック株式会社,https://artitech.co.jp/recruit/,https://artitech.co.jp/,False,,,,robots_unavailable:URLError,,,,URLError:<urlopen error timed out>,False,False,False,False,False,False,False,False,False,False,False,False,False,False
2011001149856,アンカーテクノロジーズ株式会社,https://open.talentio.com/r/1/c/anchor-u/homes/4042,http://anchor-u.com/wp-content/uploads/AT_action_plan.pdf,True,200,https://open.talentio.com/r/1/c/anchor-u/homes/4042,アンカーテクノロジーズ採用ページ / アンカーテクノロジーズ株式会社,,False,,72,,False,False,False,False,False,False,False,False,False,False,False,False,False,False
7011001045654,イサナドットネット株式会社,https://job.career-tasu.jp/corp/00047988/,https://www.isana.net,True,200,https://job.career-tasu.jp/corp/00047988/,イサナドットネット株式会社の企業情報 | インターンシップ・新卒採用情報からES・面接対策まで掲載！キャリタス就活,,False,,8760,,False,True,False,False,True,True,True,False,True,False,False,False,True,True
7010001087351,インタープリズム株式会社,https://www.interprism.co.jp/recruit/,https://www.interprism.co.jp/,True,200,https://www.interprism.co.jp/recruit/,集え! 数学好き 採用サイト｜インタープリズム株式会社,robots_unavailable:HTTPError,False,,871,,False,True,False,False,True,False,False,False,True,False,False,False,False,False
2010001011737,エイ・エス株式会社,http://www.as-c.co.jp/,http://www.as-c.co.jp/,True,200,https://www.as-c.co.jp/,エイ・エス株式会社 ｜ HOME,,False,,1028,,False,False,False,False,False,False,False,False,False,False,False,False,False,False
7010401079196,エヌシーティ株式会社,http://www.nct-corporation.com/page006.html,http://www.nct-corporation.com/,True,200,https://www.nct-corporation.com/saiyo-top/,採用情報 | エヌシーティ株式会社,,False,,1992,,False,False,False,False,True,False,False,False,True,False,False,False,False,False
5180001021618,エムシーシステム株式会社,http://www.mcsystem.co.jp/,http://www.mcsystem.co.jp/,False,,,,robots_unavailable:URLError,,,,URLError:<urlopen error timed out>,False,False,False,False,False,False,False,False,False,False,False,False,False,False
7200001000690,エム・ビー・エス株式会社,https://recruit.mbs-net.co.jp/,https://www.mbs-net.co.jp/,True,200,https://recruit.mbs-net.co.jp/,エム・ビー・エス株式会社 採用 - MBS 岐阜のシステム開発会社,,False,,6095,,False,True,True,False,True,False,False,False,True,False,False,False,False,True
2320001000758,クライム株式会社,https://climb.ne.jp/recruit2024/,http://climb.ne.jp/,True,200,https://climb.ne.jp/recruit2024/,採用情報 | クライム株式会社,,False,,934,,False,True,True,True,False,False,False,False,True,False,False,False,False,False
2060001016517,ケーブルテレビ株式会社,https://www.cc9.jp/recruit/,https://www.cc9.jp/,True,200,https://www.cc9.jp/recruit/,新卒・中途採用サイト｜ケーブルテレビ株式会社,robots_unavailable:HTTPError,False,,1336,,False,False,False,False,False,False,False,False,False,False,False,False,False,False
8011101052087,コンパス株式会社,https://recruit.cmps.jp/?_gl=1*1mroiuv*_gcl_au*MTY3ODM5MjY1OS4xNzQwMTI2Mzk5,https://cmps.jp/,True,200,https://recruit.cmps.jp/?_gl=1*1mroiuv*_gcl_au*MTY3ODM5MjY1OS4xNzQwMTI2Mzk5,コンパス株式会社採用サイト,,False,,1266,,False,True,False,False,False,False,False,False,True,False,False,False,False,False
4120003028907,ザＳＥＯ合同会社,https://the-seo.co.jp/recruit/,https://the-seo.co.jp/,False,,,,robots_unavailable:URLError,,,,URLError:<urlopen error timed out>,False,False,False,False,False,False,False,False,False,False,False,False,False,False
9013301017793,シェアードシステム株式会社,https://www.sharedsys.co.jp/recruit/new-graduate/,https://www.sharedsys.co.jp/,True,200,https://www.sharedsys.co.jp/recruit/new-graduate/,新卒採用 | シェアードシステム株式会社,,False,,1124,,False,False,True,False,True,False,False,False,True,False,False,False,False,False
6010001102581,シスココンサルティング株式会社,https://www.sisco-consulting.co.jp/recruit,https://www.sisco-consulting.co.jp/,False,404,https://www.sisco-consulting.co.jp/recruit,,robots_unavailable:HTTPError,,,,HTTPError:404,False,False,False,False,False,False,False,False,False,False,False,False,False,False
6040001068077,システムスリーテン株式会社,https://www.system310.co.jp/recruit_newface.html,https://www.system310.co.jp,False,404,https://www.system310.co.jp/recruit_newface.html,,robots_unavailable:HTTPError,,,,HTTPError:404,False,False,False,False,False,False,False,False,False,False,False,False,False,False
6180001159754,シンコーＦＸ株式会社,https://www.shinkotoushin.co.jp/recruit/,https://www.shinkotoushin.co.jp/koudou-keikaku/,False,,,,robots_unavailable:URLError,,,,URLError:<urlopen error timed out>,False,False,False,False,False,False,False,False,False,False,False,False,False,False
3120001020882,タイホー通信工業株式会社,https://taiho-tsushin.com/,,False,,,,robots_unavailable:URLError,,,,URLError:<urlopen error timed out>,False,False,False,False,False,False,False,False,False,False,False,False,False,False
1011001112443,テックフライヤーグループ株式会社,https://techflyer.co.jp/recruit,https://techflyer.co.jp/,True,200,https://techflyer.co.jp/recruit/,採用情報 - テックフライヤーグループ株式会社,,False,,616,,False,False,False,False,False,False,False,False,True,False,False,False,False,False
2010401198629,トレカプロ株式会社,https://tcgpro.co.jp/company/recruitment/,https://tcgpro.co.jp/company/,False,,,,robots_unavailable:URLError,,,,URLError:<urlopen error timed out>,False,False,False,False,False,False,False,False,False,False,False,False,False,False
6013301026921,ネットメイク株式会社,https://www.net-make.com/,https://www.net-make.com/,True,200,https://www.net-make.com/,【ITインフラの設計・構築・運用まで｜ネットメイク株式会社】,robots_unavailable:HTTPError,False,,3321,,False,True,False,False,True,False,False,False,True,False,False,False,True,True
7011001119532,ハマナス株式会社,https://www.hermanus.co.jp/,https://www.hermanus.co.jp/,False,,,,robots_unavailable:URLError,,,,URLError:<urlopen error timed out>,False,False,False,False,False,False,False,False,False,False,False,False,False,False
1240001009239,ヒロコン株式会社,https://www.hiro-con.co.jp/recruit/,,False,,,,robots_unavailable:URLError,,,,URLError:<urlopen error timed out>,False,False,False,False,False,False,False,False,False,False,False,False,False,False
9010001129218,ビーパートナーズ株式会社,https://www.bee-partners.co.jp/recruit/,https://www.bee-partners.co.jp/,True,200,https://www.bee-partners.co.jp/recruit/,採用トップ | ビーパートナーズ株式会社,,False,,1009,,False,False,False,False,True,False,False,False,True,False,False,False,False,False
9030001049868,フォーシーズンズ株式会社,https://recruit.0004s.com/,https://www.0004s.com,True,200,https://recruit.0004s.com/,フォーシーズンズ | 採用サイト,,False,,16,,False,False,False,False,False,False,False,False,False,False,False,False,False,False
1011001101603,ブルームストリート株式会社,https://www.bloomstreet.jp/recruit/,https://www.bloomstreet.jp/,False,,,,robots_unavailable:URLError,,,,URLError:<urlopen error timed out>,False,False,False,False,False,False,False,False,False,False,False,False,False,False
7011001091938,プライムナンバーズ株式会社,https://primenumbers.co.jp/recruit/,https://primenumbers.co.jp/,True,200,https://primenumbers.co.jp/recruit/,採用情報｜プライムナンバーズ株式会社 プライムナンバーズ株式会社,,True,,2812,,False,False,False,False,True,False,False,False,True,True,False,False,False,True
9050001017377,ペンギンシステム株式会社,https://www.penguins.co.jp/recruit/,https://www.penguins.co.jp,True,200,https://www.penguins.co.jp/recruit/,採用情報 | ペンギンシステム株式会社,robots_unavailable:HTTPError,False,,2988,,False,False,False,False,False,True,True,False,True,False,False,False,True,True
8020001049721,ボッシュエンジニアリング株式会社,https://en-gage.net/bosch_engineering/,https://www.bosch-engineering.jp/ja/jp/home_4/startpage.html,True,200,https://en-gage.net/bosch_engineering/,ボッシュエンジニアリング株式会社の採用・求人情報-engage,,False,,6333,,False,False,False,False,True,False,True,False,True,False,False,False,False,False
2010801012348,ユニインフォーメーション株式会社,https://www.uni-info.co.jp/recruit,https://www.uni-info.co.jp/,True,200,https://www.uni-info.co.jp/recruit,ユニインフォーメーション株式会社,,False,,16,,False,False,False,False,False,False,False,False,False,False,False,False,False,False
5010401046388,ユニバース情報システム株式会社,https://job.rikunabi.com/2025/company/r236700004/,https://uisnet.co.jp/,True,200,https://job.rikunabi.com/?mode=intern,【就活ならリクナビ】インターンシップ・新卒採用の就職活動情報サイト,,False,,3179,,False,False,False,False,False,False,False,False,False,False,False,False,False,False
2210001019611,ランクアップ株式会社,https://rankup-stage.com/,https://rankup-stage.com/,False,,,,robots_unavailable:URLError,,,,URLError:<urlopen error timed out>,False,False,False,False,False,False,False,False,False,False,False,False,False,False
1490001002318,ワールドビジネスシスコム株式会社,https://www.wbsc.co.jp/recruit/,https://www.wbsc.co.jp,False,,,,robots_unavailable:URLError,,,,URLError:<urlopen error [SSL: SSLV3_ALERT_HANDSHAKE_FAILURE] sslv3 alert handshake failure (_ssl.c:1010)>,False,False,False,False,False,False,False,False,False,False,False,False,False,False
3410001000946,北日本コンピューターサービス株式会社,https://www.kitacom.co.jp/recruit,https://www.kitacom.co.jp/,True,200,https://www.kitacom.co.jp/recruit,リクルート｜北日本コンピューターサービス リクルート | 北日本コンピューターサービス株式会社,,False,,1530,,False,False,False,False,True,False,False,False,True,False,False,False,False,False
1040001004838,千葉テレビ放送株式会社,https://job.mynavi.jp/26/pc/search/corp89868/outline.html,https://www.chiba-tv.com/,True,200,https://job.mynavi.jp/finish/2026/finish26.html,マイナビ - 学生向け就職情報サイト - マイナビ2026終了のお知らせ,,False,,681,,False,False,True,False,False,False,False,False,False,False,False,False,False,False
7230003001098,合同会社アント,https://ant-llc.co.jp/contact/,https://ant-llc.co.jp/,False,,,,robots_unavailable:URLError,,,,URLError:<urlopen error timed out>,False,False,False,False,False,False,False,False,False,False,False,False,False,False
1011503005426,合同会社ラプラス・ディー,https://www.sumaipark.com/recruit/,https://www.sumaipark.com/sdgs-action/,True,200,https://www.sumaipark.com/recruit/,採用 - すまいパーク,,False,,2656,,False,False,False,False,False,False,True,True,True,False,False,False,False,True
5020003020162,合同会社Ｌａｎｉ,https://lani.co.jp/recruit,https://lani.co.jp/,False,,,,robots_unavailable:URLError,,,,URLError:<urlopen error timed out>,False,False,False,False,False,False,False,False,False,False,False,False,False,False
2180001031801,名古屋総合システム株式会社,https://www.nasubi.co.jp/recruit-top/,http://www.nasubi.co.jp/,False,,,,robots_unavailable:URLError,,,,URLError:<urlopen error timed out>,False,False,False,False,False,False,False,False,False,False,False,False,False,False
1050001020289,大栄システム株式会社,https://www.daiei-sys.co.jp/recruit/,http://www.daiei-sys.co.jp/,True,200,https://www.daiei-sys.co.jp/recruit/,大栄システム株式会社 採用サイト,,False,,1695,,False,True,False,False,True,False,False,False,True,False,False,False,True,False
6010001076116,新日本システック株式会社,https://www.snsystec.co.jp/recruit/,https://www.snsystec.co.jp/,True,200,https://www.snsystec.co.jp/recruit/,採用情報 | 新日本システック,,False,,1790,,False,False,False,False,True,False,False,False,True,False,False,False,False,False
5010901008937,日本アルゴリズム株式会社,http://recruit.nalgo.co.jp/,https://www.nalgo.co.jp/company/plan/,True,200,https://recruit.nalgo.co.jp/,TOP - 日本アルゴリズム株式会社 採用サイト,,False,,1270,,False,False,False,False,False,False,False,False,True,False,False,False,False,False
5180001032012,日本システム開発株式会社,https://www.nskint.co.jp/recruitment/,https://www.nskint.co.jp/,True,200,https://recruit.nskint.co.jp/,日本システム開発株式会社 リクルートサイト,,False,,594,,False,False,False,False,False,False,False,False,True,False,False,False,False,False
3011001093731,日本プロジェクトソリューションズ株式会社,https://www.japan-project-solutions.com/recruit,https://www.japan-project-solutions.com/,True,200,https://www.japan-project-solutions.com/recruit,採用情報｜日本プロジェクトソリューションズ,,False,,21019,,False,True,False,False,True,False,True,False,True,False,False,False,True,True
4013301025157,日本情報システム株式会社,https://job.mynavi.jp/26/pc/search/corp71669/outline.html,http://www.nisweb.co.jp/main/index.html,True,200,https://job.mynavi.jp/finish/2026/finish26.html,マイナビ - 学生向け就職情報サイト - マイナビ2026終了のお知らせ,,False,,681,,False,False,True,False,False,False,False,False,False,False,False,False,False,False
7010902025954,有限会社フードページ,https://food-page.com/?page_id=2984,https://food-page.com/,True,200,https://food-page.com/recruitment-info/,採用情報 | 飲食店ホームページ制作のフードページ,,True,,1982,,False,False,False,False,False,False,True,False,True,False,True,False,True,True
1120001206673,未知株式会社,https://www.mchs.co.jp/recruit/,https://www.mchs.co.jp/,True,200,https://www.mchs.co.jp/recruit/,採用ページ｜データドリブンなコンテンツマーケティングなら未知株式会社,,False,,3223,,False,False,False,True,False,True,False,False,True,True,False,False,False,False
2011501011680,株式会社うえじまインベストメント,https://en-gage.net/gva_career/,https://uejimagroup.com/,True,200,https://en-gage.net/gva_career/,株式会社うえじまインベストメントの採用・求人情報-engage,,False,,7041,,True,True,False,False,True,False,True,False,True,False,False,False,False,True
6010001237700,株式会社えんいー,https://yen-e.com/recruit.html,https://yen-e.com/,False,,,,robots_unavailable:URLError,,,,URLError:<urlopen error timed out>,False,False,False,False,False,False,False,False,False,False,False,False,False,False
1010001167456,株式会社さきラボ,https://xn--w8jp02bub.jp/recruit/,https://xn--w8jp02bub.jp,True,200,https://xn--w8jp02bub.jp/recruit/,求人情報 - さきラボ.jp,,True,,4641,,True,True,False,False,True,True,False,False,False,False,False,False,False,True
6110001024799,株式会社アイテック,https://www.itecinc.jp/recruit/,https://www.itecinc.jp/,False,,,,robots_unavailable:URLError,,,,URLError:<urlopen error timed out>,False,False,False,False,False,False,False,False,False,False,False,False,False,False
2430001028796,株式会社アイビーソリューションズ,https://www.ib-s.co.jp/recruit/,https://www.ib-s.co.jp,True,200,https://www.ib-s.co.jp/recruit/,株式会社アイビーソリューションズ採用サイト,robots_unavailable:HTTPError,False,,5488,,True,True,True,False,True,False,True,False,True,False,False,False,True,True
8280001002811,株式会社アキュートシスコム,https://www.acute-sc.co.jp/recruit/index.html,https://www.acute-sc.co.jp/,True,200,https://www.acute-sc.co.jp/recruit/index.html,株式会社アキュートシスコム,robots_unavailable:HTTPError,False,,117,,False,False,False,False,False,False,False,False,False,False,False,False,False,False
9010401044974,株式会社アクシオ,https://www.axio.co.jp/recruit/,https://www.axio.co.jp/,True,200,https://www.axio.co.jp/recruit/,axio リクルートサイト,,False,,1809,,False,True,False,False,True,False,True,False,True,False,False,False,False,False
8190001026472,株式会社アスターリンク,https://www.aster-link.co.jp/recruit/,https://aster-link.co.jp/,False,,,,robots_unavailable:URLError,,,,URLError:<urlopen error timed out>,False,False,False,False,False,False,False,False,False,False,False,False,False,False
6011101044391,株式会社アスネット,https://www.asnet.co.jp/recruit/,https://www.asnet.co.jp/,True,200,https://www.asnet.co.jp/recruit/,株式会社アスネットの採用サイト - 株式会社アスネット,,False,,537,,False,False,False,False,False,False,False,False,True,False,False,False,False,False
3180001033937,株式会社アドテックス,http://www.addtechs.co.jp,http://www.addtechs.co.jp,True,200,http://www.addtechs.co.jp,株式会社アドテックス,robots_unavailable:HTTPError,False,,29,,False,False,False,False,False,False,False,False,True,False,False,False,False,False
2470001004281,株式会社アポロシステム,https://apollosystem.co.jp/recruit,,True,200,https://apollosystem.co.jp/recruit,採用情報｜株式会社アポロシステム,,False,,2318,,False,True,False,False,False,False,True,False,True,False,False,False,False,False
7011101071501,株式会社アルビノ,https://www.albino.co.jp/recruit/,https://www.albino.co.jp/about/,False,,,,robots_unavailable:URLError,,,,URLError:<urlopen error timed out>,False,False,False,False,False,False,False,False,False,False,False,False,False,False
2120001022211,株式会社アレックスマネジメント,https://www.alex.co.jp/recruit/graduate/,https://www.alex.co.jp/,True,200,https://www.alex.co.jp/recruit/graduate/,新卒採用 | 採用情報 | 株式会社アレックスマネジメント ｜ ALEX management,robots_unavailable:HTTPError,False,,2504,,False,True,False,False,True,True,True,False,True,False,False,False,False,True
9260001017546,株式会社イケル,https://ikel.co.jp/recruit,https://ikel.co.jp/,False,,,,robots_unavailable:URLError,,,,URLError:<urlopen error timed out>,False,False,False,False,False,False,False,False,False,False,False,False,False,False
8012401013720,株式会社インターソフト,https://intersoft.co.jp/recruit.html,https://intersoft.co.jp/,True,200,https://intersoft.co.jp/recruit.html,採用情報｜株式会社インターソフト,,False,,683,,True,False,False,True,False,False,True,False,True,False,False,False,False,False
4340001005976,株式会社インパクト,https://www.inpact.co.jp/recruit/,,False,,,,robots_unavailable:URLError,,,,URLError:<urlopen error timed out>,False,False,False,False,False,False,False,False,False,False,False,False,False,False
7380001000161,株式会社インフォメーション・ネットワーク福島,https://www.inf.fukushima.fukushima.jp/recruit/,,True,200,https://www.inf.fukushima.fukushima.jp/recruit/,採用案内 – 株式会社インフォメーション・ネットワーク福島,,False,,3852,,False,False,False,False,True,False,False,False,True,False,False,True,True,True
4430001059170,株式会社インプル,https://recruit.impl.co.jp/,https://www.impl.co.jp/,True,200,https://recruit.impl.co.jp/,TOP – 採用サイト | 株式会社インプル,,False,,2636,,False,False,False,False,False,False,False,False,True,False,False,False,False,False
1400001002185,株式会社イーアールアイ,https://mid-holdings.co.jp/recruit/,https://www.erii.co.jp/,False,,,,robots_unavailable:URLError,,,,URLError:<urlopen error timed out>,False,False,False,False,False,False,False,False,False,False,False,False,False,False
4010001170894,株式会社ウィシェア,https://www.weshare.co.jp/recruit/,https://www.weshare.co.jp/,True,200,https://www.weshare.co.jp/recruit/,株式会社ウィシェア | 採用情報,robots_unavailable:HTTPError,False,,2278,,False,False,False,False,True,False,False,False,True,False,False,False,False,False
4010701001143,株式会社ウィズダム,https://recruit.wisdom-dev.jp/,https://www.wisdom.co.jp/,True,200,https://recruit.wisdom-dev.jp/,株式会社ウィズダム｜採用サイト,,False,,15,,False,False,False,False,False,False,False,False,False,False,False,False,False,False
9011001071087,株式会社ウェブスター,https://www.ws-c.com/recruit/,https://www.ws-c.com/,True,200,https://www.ws-c.com/recruit/,株式会社ウェブスター採用,,False,,1248,,False,False,False,False,False,False,False,False,True,False,False,False,False,False
1011801030670,株式会社エクシトトリニティー,https://exitotrinity.co.jp/recruit/,https://exitotrinity.co.jp/,True,200,https://exitotrinity.co.jp/recruit/,RECRUIT – 株式会社エクシトトリニティー RECRUIT – 株式会社エクシトトリニティー,,False,,1756,,False,True,False,False,False,False,False,False,True,False,False,False,True,False
9040001020282,株式会社エムアールピー,https://www.mrp-net.co.jp/mrp_saiyo/,,False,500,https://mrp-net.co.jp:443/mrp_saiyo/,,,,,,HTTPError:500,False,False,False,False,False,False,False,False,False,False,False,False,False,False
4420001000102,株式会社エービッツ,https://job.mynavi.jp/27/pc/search/corp220683/outline.html,https://www.a-bits.co.jp,True,200,https://job.mynavi.jp/27/pc/search/corp220683/outline.html,(株)エービッツの新卒採用・会社概要 | マイナビ2027,,False,,6440,,True,False,True,False,True,True,False,False,True,False,False,False,False,False
2010001155749,株式会社エーフォース,https://aforce.co.jp/recruit/index.php,https://aforce.co.jp,False,404,https://aforce.co.jp/recruit/index.php,,robots_unavailable:HTTPError,,,,HTTPError:404,False,False,False,False,False,False,False,False,False,False,False,False,False,False
1011401013613,株式会社オンマックス,https://onmax.co.jp/recruit/,https://www.onmax.co.jp,False,,,,robots_unavailable:HTTPError,,,,TimeoutError:The read operation timed out,False,False,False,False,False,False,False,False,False,False,False,False,False,False
4011001159936,株式会社オークス,https://ooaks.co.jp/recruit,https://ooaks.co.jp/,False,,,,robots_unavailable:URLError,,,,URLError:<urlopen error timed out>,False,False,False,False,False,False,False,False,False,False,False,False,False,False
8290001006662,株式会社オートメイション・テクノロジー,https://www.inf9.co.jp/recruit/,https://www.inf9.co.jp/,True,200,https://www.inf9.co.jp/recruit/,採用情報｜採用情報｜株式会社オートメイション・テクノロジー,,False,,1054,,False,False,False,False,False,False,False,False,True,False,False,False,False,False
7011501010257,株式会社オーネスト,https://job.mynavi.jp/27/pc/search/corp283539/outline.html,https://honest2000.co.jp/index.html,True,200,https://job.mynavi.jp/27/pc/search/corp283539/outline.html,(株)オーネストの新卒採用・会社概要 | マイナビ2027,,False,,9920,,True,True,True,False,True,True,True,False,True,False,False,False,False,True
4011501009533,株式会社オープン・システム・ソリューションズ,https://en-gage.net/opensystem/,https://uejimagroup.com/,True,200,https://en-gage.net/opensystem/,株式会社オープン・システム・ソリューションズの採用・求人情報-engage,,False,,9018,,True,True,False,False,True,False,True,False,True,False,False,False,False,True
2180001102230,株式会社カルテットコミュニケーションズ,https://www.wantedly.com/companies/quartetcom,https://quartet-communications.com/,True,200,https://www.wantedly.com/companies/quartetcom,株式会社カルテットコミュニケーションズの会社情報 - Wantedly,,False,,2954,,False,True,False,False,False,False,False,False,False,True,False,True,False,False
1020001022841,株式会社キャッツ,http://www.cats-net.co.jp/,http://www.cats-net.co.jp/,True,200,http://www.cats-net.co.jp/,,,False,,369,,False,False,False,False,False,False,False,False,True,False,False,False,False,False
3011001006354,株式会社キャンドゥコンセプト,https://www.cando.co.jp/recruit/,https://www.cando.co.jp/,True,200,https://www.cando.co.jp/recruit/,キャンドゥコンセプト リクルートサイト,robots_unavailable:HTTPError,False,,1055,,False,False,False,False,False,False,False,False,True,False,False,False,False,False
2290001015735,株式会社クレイトソリューションズ,https://www.creitsol.co.jp/recruit/job-description/#new-graduates,https://www.creitsol.co.jp/,False,403,https://www.creitsol.co.jp/recruit/job-description/#new-graduates,,robots_unavailable:HTTPError,,,,HTTPError:403,False,False,False,False,False,False,False,False,False,False,False,False,False,False
5011001045012,株式会社クーシー,https://coosy.co.jp/recruit/,https://coosy.co.jp/,True,200,https://coosy.co.jp/recruit/,クーシーの採用情報｜東京のWeb制作会社｜株式会社クーシー,,False,,6020,,True,True,False,False,False,False,True,False,True,True,True,False,False,False
1011001156911,株式会社グロースピリット,https://growspirit.jp/,https://growspirit.jp/,True,200,https://growspirit.jp/,株式会社グロースピリット | Wantedly運用代行・戦略人事支援ならグロースピリット,,False,,44,,False,False,False,False,False,False,False,False,False,False,False,False,False,False
7290001030102,株式会社グローバルワークス,https://gwx-recruit.com/,https://gwx.co.jp/,False,,,,robots_unavailable:URLError,,,,URLError:<urlopen error timed out>,False,False,False,False,False,False,False,False,False,False,False,False,False,False
1012801007056,株式会社コスモ・インテリジェンス,https://www.cosmo-intelligence.com/recruit/,https://www.cosmo-intelligence.com,False,,,,robots_unavailable:URLError,,,,URLError:<urlopen error timed out>,False,False,False,False,False,False,False,False,False,False,False,False,False,False
4011101060754,株式会社コンパスジャパン,http://www.compass-japan.com/contact.html,http://www.compass-japan.com/,False,404,http://www.compass-japan.com/contact.html,,,,,,HTTPError:404,False,False,False,False,False,False,False,False,False,False,False,False,False,False
5011101060984,株式会社サイバーテック,https://www.cybertech.co.jp/recruit/,http://www.cybertech.co.jp/,True,200,https://www.cybertech.co.jp/recruit/,サイバーテック求人情報,,False,,3670,,False,True,False,False,False,False,True,False,True,True,False,False,False,False
6010001120410,株式会社サイバーディフェンス研究所,https://www.cyberdefense.jp/career.html,https://www.cyberdefense.jp/,True,200,https://www.cyberdefense.jp/career,採用情報｜サイバーディフェンス研究所,,False,,5216,,False,False,False,False,True,False,True,False,True,False,False,False,False,False
3011001111633,株式会社サムライソード,https://en-gage.net/samuraisword_team/,https://samuraisword.co.jp/,True,200,https://en-gage.net/samuraisword_team/,株式会社サムライソードの採用・求人情報-engage,,False,,4112,,False,True,False,True,True,True,True,False,True,False,False,False,False,True
6420001005917,株式会社サン・コンピュータ,https://www.sancom.co.jp/saiyou/,https://www.sancom.co.jp/,True,200,https://www.sancom.co.jp/saiyou/,株式会社サン・コンピュータ【採用サイト】 | 青森県八戸市のシステム開発会社 株式会社サン・コンピュータの採用サイトです。,,False,,2059,,False,False,False,False,False,False,False,False,True,False,False,False,False,False
2120001064906,株式会社シスコ,https://www.career-map.biz/recruit/page_toray_sysco,http://www.toray-sysco.co.jp/,True,200,https://www.careermap.jp/recruit/page_toray_sysco,株式会社シスコの公式採用サイト | Careermap,robots_unavailable:HTTPError,False,,1639,,False,False,False,False,False,False,True,False,True,False,False,False,False,False
3011101010181,株式会社システム・フジ,https://www.systemfuji.co.jp,https://www.systemfuji.co.jp,True,200,https://www.systemfuji.co.jp,株式会社システム・フジ,robots_unavailable:HTTPError,False,,1202,,False,False,False,False,True,False,False,False,True,False,False,False,False,False
1210001001520,株式会社システム研究所,http://www.sysken.ne.jp/recruit/,http://www.sysken.ne.jp/,True,200,http://www.sysken.ne.jp/recruit/,採用情報 - システム研究所｜シスケン 福井から全国各地のIT活用・DX化の導入をサポート,,False,,2655,,False,False,False,False,True,False,True,False,True,False,False,False,False,False
8010501033325,株式会社シンメトリクス,https://recruit.symmetrix.co.jp,https://symmetrix.co.jp,True,200,https://recruit.symmetrix.co.jp,Recruit,,False,,2459,,False,False,False,False,True,False,True,False,True,False,False,False,False,False
9280001003197,株式会社シーエスエー,https://recruit.raiden.co.jp/,https://recruit.raiden.co.jp,True,200,https://recruit.raiden.co.jp/,株式会社シーエスエー リクルート,robots_unavailable:HTTPError,False,,1025,,False,False,False,False,False,False,False,False,True,False,False,False,False,False
8010501019316,株式会社ジオテック情報システム,https://www.geoteck.co.jp/recruit/,https://www.geoteck.co.jp,True,200,https://www.geoteck.co.jp/recruit/,採用情報 | 株式会社ジオテック情報システム SES（システムエンジニアリングサービス）,,False,,3876,,False,True,False,False,True,False,False,False,True,False,False,False,True,True
9180001071403,株式会社ジー・ソフト,http://www.gsoft.co.jp/recruit,http://www.gsoft.co.jp,True,200,https://gsoft.co.jp/recruit,採用情報 移動しました :: 株式会社ジー・ソフト,robots_unavailable:HTTPError,False,,890,,False,False,False,False,False,False,True,False,True,False,False,False,False,False
4011101039600,株式会社スタッフ・アンド・ブレーン,https://sb-tokyo.jp/recruit/,https://sb-tokyo.jp/,True,200,https://sb-tokyo.jp/recruit/,採用情報 | 株式会社スタッフ・アンド・ブレーン,,False,,2261,,True,False,True,False,False,False,True,False,True,False,False,False,False,False
1010501006766,株式会社セル,https://www.sel-net.co.jp,https://www.sel-net.co.jp,True,200,https://www.sel-net.co.jp,株式会社セル,,False,,857,,False,False,False,False,False,False,False,False,True,False,False,False,False,False
1011001153314,株式会社ゼンビット,https://www.zen-bit.com/recruit/,https://www.zen-bit.com/,True,200,https://www.zen-bit.com/recruit,採用情報 | 株式会社ゼンビット - システム開発支援・受託開発エンジニア募集,,False,,2031,,False,False,False,False,True,False,False,False,True,False,False,False,True,False
6011101025078,株式会社ツリーベル,https://www.treebell.co.jp/recruit/,https://www.treebell.co.jp/index.html,True,200,https://www.treebell.co.jp/recruit/,ツリーベル 採用サイト – ツリーベルの新卒採用、キャリア採用、インターンシップに関する情報をご案内,,False,,1144,,False,True,False,False,False,False,False,False,False,False,False,False,False,False
8370001014194,株式会社ティーダシステム,http://www.teada-system.com,http://www.teada-system.com,True,200,https://www.teada-system.com/,株式会社ティーダシステム,,False,,2394,,False,True,False,False,False,False,False,False,False,False,False,False,False,False
4180001038423,株式会社テクノアスカ,https://www.t-ask.co.jp/recruit.html,https://www.t-ask.co.jp/,True,200,https://www.t-ask.co.jp/recruit.html,株式会社テクノアスカ,robots_unavailable:HTTPError,False,,490,,False,True,False,False,True,False,False,False,True,False,False,False,False,False
4013301007758,株式会社テクノカルチャー,https://recruit.t-next.com/,https://www.t-next.com/,True,200,https://recruit.t-next.com/,トップページ - 株式会社テクノカルチャー 採用情報,,False,,2133,,False,True,False,False,True,False,False,False,True,False,False,False,False,False
1430001095391,株式会社デブログ,https://devlog.co.jp/careers,https://devlog.co.jp/,True,200,https://devlog.co.jp/careers/,採用情報 | 株式会社デブログ,,True,,1524,,False,False,False,False,False,False,True,True,True,False,False,False,True,False
8010001234992,株式会社デンタルコネクト,https://kyosei-guide.co.jp/,https://kyosei-guide.co.jp/,True,200,https://kyosei-guide.co.jp/,矯正歯科クリニック検索・予約 | 全国の矯正歯科が探せる｜矯正歯科ガイド|最適な矯正歯科をオンラインで初診予約できるサイト,,False,,2886,,False,False,False,False,False,False,False,False,True,False,False,False,False,False
9011101042582,株式会社データサービス,https://www.data-service.jp/recruit/,https://www.data-service.jp/,True,200,https://www.data-service.jp/recruit/,Recruit - 株式会社データサービス,,False,,2675,,False,True,False,False,False,False,False,False,True,False,False,False,False,False
2011001015471,株式会社トータルオーエーシステムズ,https://www.totaloa.co.jp/recruit/emp_main.php,https://www.totaloa.co.jp,False,404,https://www.totaloa.co.jp/recruit/emp_main.php,,,,,,HTTPError:404,False,False,False,False,False,False,False,False,False,False,False,False,False,False
5430001025535,株式会社ナスカコンピュータ,https://www.nazcacomputer.com/recruit/,https://www.nazcacomputer.com/,True,200,https://www.nazcacomputer.com/recruit/,採用情報 | 株式会社ナスカコンピュータ,,False,,2964,,True,False,False,False,False,False,False,False,True,False,False,False,False,True
5040001024832,株式会社ネクステージ,https://www.nextage.co.jp/recruit/,https://www.nextage.co.jp/,True,200,https://www.nextage.co.jp/recruit/,採用情報 ｜ 株式会社ネクステージ,robots_unavailable:HTTPError,False,,732,,False,False,False,False,False,False,False,False,True,False,False,False,False,False
6011101031893,株式会社ノア・ソリューション,https://www.noa-sol.co.jp/,https://www.noa-sol.co.jp/,True,200,https://www.noa-sol.co.jp/,システム開発・インフラ設計構築の株式会社ノア・ソリューション,,False,,4245,,True,False,False,False,False,False,False,False,True,False,False,False,False,False
2010001191307,株式会社ハイストリート,https://highstreet.co.jp/recruit/,https://highstreet.co.jp,False,,,,robots_unavailable:URLError,,,,URLError:<urlopen error timed out>,False,False,False,False,False,False,False,False,False,False,False,False,False,False
1050001022756,株式会社ハイファクトリ,https://recruit-hifactory.drecruiting.jp/,http://www.hifactory.co.jp/,True,200,https://recruit-hifactory.drecruiting.jp/,株式会社ハイファクトリ採用サイト｜株式会社ハイファクトリ,,False,,3220,,False,True,False,False,False,False,False,False,True,True,False,False,False,False
1120001207878,株式会社パワートラベラー,https://e-tushin.com/recruit/,https://powertraveler.co.jp,False,,,,robots_unavailable:URLError,,,,URLError:<urlopen error timed out>,False,False,False,False,False,False,False,False,False,False,False,False,False,False
1010001026595,株式会社パーフェクトマニージ,https://www.perfect-m.co.jp,https://www.perfect-m.co.jp,True,200,https://www.perfect-m.co.jp,"システム・ソフトウェア設計,開発業務│株式会社パーフェクトマニージ",robots_unavailable:HTTPError,False,,1547,,False,False,False,False,False,False,False,False,True,False,False,False,False,False
5011101039376,株式会社ビー・エス・アール,https://www.bsr-inc.jp/recruit/,https://www.bsr-inc.jp/,True,200,https://www.bsr-inc.jp/recruit/,採用情報 | 株式会社ビー・エス・アール,robots_unavailable:HTTPError,False,,2326,,True,True,False,False,False,True,False,False,True,False,False,False,False,True
9290001097668,株式会社ピコラボ,https://pico.inc/,https://pico.inc/,False,,,,robots_unavailable:URLError,,,,URLError:<urlopen error timed out>,False,False,False,False,False,False,False,False,False,False,False,False,False,False
6030001048253,株式会社フロッサ,http://www.flossa.co.jp/recruit.html,http://www.flossa.co.jp/,True,200,https://www.flossa.com/recruitment,株式会社フロッサ｜採用情報,,False,,1934,,True,False,False,False,True,False,False,False,True,False,False,False,False,True
9010001100905,株式会社ブレインアーツ,https://brain-arts.net/recruit/,https://brain-arts.net/,True,200,https://brain-arts.net/recruit/,Brain Arts,,False,,377,,False,False,False,False,False,False,False,False,True,False,False,False,False,False
1230001005585,株式会社ブレインファクトリー,https://brain-factory.jp/recruit/,https://www.brain-factory.jp,True,200,https://brain-factory.jp/recruit/,採用情報 | ブレインファクトリー,,False,,1602,,False,True,False,False,True,False,True,False,True,False,False,False,False,False
3180001059486,株式会社プライムソフトサービス,https://www.primesoftservice.com/recruit.html,https://www.primesoftservice.com/,True,200,https://www.primesoftservice.com/recruit.html,採用情報,robots_unavailable:HTTPError,False,,877,,False,False,False,False,False,False,False,False,True,False,False,False,False,False
9130001047762,株式会社プログレス,https://www.kk-progress.co.jp/recruit/,,True,200,https://www.kk-progress.co.jp/recruit/,採用情報｜株式会社Progress（プログレス）,,False,,1744,,False,False,False,False,False,False,False,False,True,True,False,False,True,True
4011101027035,株式会社マイティテクノ,https://www.waretec.co.jp/recruit,,True,200,https://www.waretec.co.jp/recruit,| 株式会社 マイティテクノ,,False,,4962,,True,True,False,False,True,True,True,False,True,False,False,False,False,False
6110001005295,株式会社マルゴシステム,https://job.career-tasu.jp/2024/icorp/00073767/,http://www.marugo-system.co.jp/,False,404,https://job.career-tasu.jp/2024/icorp/00073767/,,,,,,HTTPError:404,False,False,False,False,False,False,False,False,False,False,False,False,False,False
4440001004547,株式会社ミュートネット,https://www.mutenet.co.jp/recruit/,https://www.mutenet.co.jp/,True,200,https://www.mutenet.co.jp/recruit/,RECRUIT INFORMATION 採用情報 – ミュートネット（函館・七飯）,,False,,3047,,False,True,False,False,False,False,False,False,True,False,False,False,False,True
3011001043199,株式会社ミラクルソリューション,http://www.miracle-solution.com/recruit_new/,http://www.miracle-solution.com/,True,200,https://www.miracle-solution.com/recruit_new/,リクルートサイト｜株式会社ミラクルソリューション - Miracle Solution Inc.,robots_unavailable:HTTPError,False,,1178,,False,False,False,False,False,False,False,False,True,False,False,False,False,False
5120001193685,株式会社メイクスビュー,https://www.makes-view.co.jp/recruitment/,https://www.makes-view.co.jp/,True,200,https://makes-view.co.jp/recruit/,株式会社メイクスビュー公式採用サイト,,False,,1693,,False,False,False,False,False,False,False,False,True,False,False,False,False,False
9020001087638,株式会社メタテクノ,https://job.rikunabi.com/2024/company/r384700048/,https://www.meta.co.jp/,True,200,https://job.rikunabi.com/?mode=intern,【就活ならリクナビ】インターンシップ・新卒採用の就職活動情報サイト,,False,,3170,,False,False,False,False,False,False,False,False,False,False,False,False,False,False
4430001030783,株式会社メディアサイエンス,https://media-sci.co.jp/recruit/,https://media-sci.co.jp/,True,200,https://media-sci.co.jp/recruit/,採用情報 – 株式会社メディアサイエンス,,False,,4591,,True,True,True,False,True,False,True,False,True,False,False,False,False,True
3011001024059,株式会社ユリーカ,https://recruit.viva-eureka.com/,http://viva-eureka.com/,True,200,https://recruit.viva-eureka.com/,株式会社ユリーカ キャリア採用サイト,,False,,1264,,False,False,False,False,False,False,False,False,True,False,False,False,False,False
9010701019362,株式会社ライズテック,https://www.risetec.co.jp/recruit/,https://www.risetec.co.jp,True,200,https://www.risetec.co.jp/recruit/,採用情報 | 株式会社ライズテック,robots_unavailable:HTTPError,False,,796,,False,False,False,False,True,False,False,False,True,False,False,False,False,False
7011103006125,株式会社リクエストエージェント,https://request-agent.co.jp/recruit/,https://request-agent.co.jp,False,,,,robots_unavailable:URLError,,,,URLError:<urlopen error timed out>,False,False,False,False,False,False,False,False,False,False,False,False,False,False
5360001009470,株式会社リュウズシステム,https://ryussystem.co.jp/#___page-recruit,http://ryussystem.co.jp/,True,200,https://ryussystem.co.jp/#___page-recruit,株式会社リュウズシステム | 1997年（平成9年）設立の経験と実績｜システム開発のエキスパート,,False,,3926,,False,False,True,False,False,False,False,False,True,False,False,False,False,False
2470001004331,株式会社ロジック,https://www.kagawa-logic.co.jp/recruit/,https://www.kagawa-logic.co.jp/,False,,,,robots_unavailable:URLError,,,,URLError:<urlopen error timed out>,False,False,False,False,False,False,False,False,False,False,False,False,False,False
3360001021386,株式会社ヴィッツ沖縄,https://www.oknw.witz-inc.co.jp/recruit/,https://www.oknw.witz-inc.co.jp,True,200,https://www.oknw.witz-inc.co.jp/recruit/,採用情報TOP | 株式会社ヴィッツ沖縄 公式サイト,,False,,1074,,False,True,False,False,True,False,True,False,True,False,False,False,False,False
5011001027927,株式会社国際協力データサービス,https://job.mynavi.jp/27/pc/search/corp276399/outline.html,https://www.icds.co.jp/,True,200,https://job.mynavi.jp/27/pc/search/corp276399/outline.html,(株)国際協力データサービスの新卒採用・会社概要 | マイナビ2027,,False,,8592,,False,True,False,False,True,True,True,False,True,False,False,False,False,False
1011501012242,株式会社地方総合研究所,https://en-gage.net/lgi_career/,https://uejimagroup.com/,True,200,https://en-gage.net/lgi_career/,株式会社地方総合研究所の採用・求人情報-engage,,False,,14396,,True,True,False,False,True,False,True,False,True,False,False,False,False,True
2280001003187,株式会社島根情報処理センター,https://www.sjc-inc.co.jp/recruit,,True,200,https://www.sjc-inc.co.jp/recruit,採用情報 | 株式会社 島根情報処理センター,robots_unavailable:HTTPError,False,,2249,,False,False,False,False,True,False,False,False,True,False,False,False,True,True
9370001007164,株式会社情通,https://www.jyot.co.jp/recruit/,http://www.jyot.co.jp,True,200,https://www.jyot.co.jp/recruit/,採用情報 - 株式会社情通 - 運送業向け総合管理システムのデシナプス,,False,,2868,,False,False,True,False,True,False,True,False,True,False,False,False,False,False
2380001011337,株式会社日本アドシス,https://www.jadsys.co.jp/,https://www.jadsys.co.jp/,True,200,https://www.jadsys.co.jp/,インフォメーション - 株式会社 日本アドシス,,False,,1992,,False,False,False,False,False,False,False,False,True,False,False,False,False,False
1040001142299,株式会社朝陽ソフトウェア,https://asahisoft.co.jp/recruit.html,https://asahisoft.co.jp/,True,200,https://asahisoft.co.jp/recruit.html,採用情報 | 株式会社朝陽ソフトウェア,,False,,790,,False,False,False,False,False,False,False,False,True,False,False,False,False,True
8020001016291,株式会社横浜電算,https://yokohamadensan.com/recruit-renewal/,https://yokohamadensan.com/,False,,,,robots_unavailable:URLError,,,,URLError:<urlopen error [SSL: CERTIFICATE_VERIFY_FAILED] certificate verify failed: unable to get local issuer certificate (_ssl.c:1010)>,False,False,False,False,False,False,False,False,False,False,False,False,False,False
5040001007746,株式会社融和システム,https://job.rikunabi.com/2025/company/r449791085/,https://www.yuwasystem.co.jp/,True,200,https://job.rikunabi.com/?mode=intern,【就活ならリクナビ】インターンシップ・新卒採用の就職活動情報サイト,,False,,3178,,False,False,False,False,False,False,False,False,False,False,False,False,False,False
7040001049019,株式会社ＡＥＶＩＣ,https://www.aevic.co.jp/recruit-course/,http://www.aevic.co.jp/,True,200,https://www.aevic.co.jp/recruit-course/,株式会社AEVIC | 正社員募集中。未経験からシステムエンジニアに。,robots_unavailable:HTTPError,False,,5050,,False,True,False,False,True,False,False,False,True,False,False,False,False,True
2010001241607,株式会社ＡＰＯＳＴＲＯ,https://apostro.co.jp/recruit/,https://apostro.co.jp/,True,200,https://apostro.co.jp/recruit/,株式会社APOSTRO（アポストロ） 採用サイト,,False,,1994,,False,False,False,True,False,False,False,False,True,False,False,False,False,False
7010801020866,株式会社ＡＰＰＬＩＬＡＢ,https://www.green-japan.com/company/9570/job/291964,,True,200,https://www.green-japan.com/company/9570/job/291964,株式会社APPLILAB | 【IT×飲食】フルスタックエンジニアの求人 | IT/Web業界の転職サイトGreen,,True,,3972,,False,False,False,False,True,False,True,False,True,False,False,False,False,True
2320001004874,株式会社ＡＴＴＳ,https://att-sys.co.jp/recruitlist/,http://www.att-sys.co.jp/,False,404,https://att-sys.co.jp/recruitlist/,,,,,,HTTPError:404,False,False,False,False,False,False,False,False,False,False,False,False,False,False
5011001168589,株式会社Ｂｅｃａｌｍ,https://becalm.co.jp/recruit/,https://becalm.co.jp/,True,200,https://becalm.co.jp/recruit/,採用情報｜株式会社Becalm,,False,,2757,,False,True,False,False,False,False,True,False,True,False,False,False,False,True
4120001115673,株式会社Ｂｅｅ,https://job.mynavi.jp/27/pc/search/corp105911/outline.html,http://www.bee-u.com/,True,200,https://job.mynavi.jp/27/pc/search/corp105911/outline.html,(株)Ｂｅｅの新卒採用・会社概要 | マイナビ2027,,False,,6655,,False,True,False,False,True,True,False,False,True,False,False,False,False,True
8120001210859,株式会社ＣｏｎｔｅｘｔＪａｐａｎ,https://contextneo.jp/recruit,https://contextneo.jp/,False,,,,robots_unavailable:URLError,,,,URLError:<urlopen error timed out>,False,False,False,False,False,False,False,False,False,False,False,False,False,False
7180001149812,株式会社Ｄｅｖｏｔｉｏｎ,https://devotion-co.jp/,,True,200,https://devotion-co.jp/,株式会社Devotion | WEBで利益を上げるための仕組みをワンストップで提供,,False,,2367,,False,False,False,False,False,False,False,False,True,False,False,False,False,False
4040001040715,株式会社ＦＹＦ,https://www.fyf-h.com/recruit.html,https://www.fyf-h.com/,False,,,,robots_unavailable:URLError,,,,URLError:<urlopen error timed out>,False,False,False,False,False,False,False,False,False,False,False,False,False,False
1011001116238,株式会社Ｆｒｏｍ　Ｎｏｒｔｈ,https://from-north.jp/recruit/,https://from-north.jp/,False,,,,robots_unavailable:URLError,,,,URLError:<urlopen error timed out>,False,False,False,False,False,False,False,False,False,False,False,False,False,False
4011201019114,株式会社ＧＥＮＺ,https://www.genz.jp/,,False,,,,robots_unavailable:URLError,,,,URLError:<urlopen error timed out>,False,False,False,False,False,False,False,False,False,False,False,False,False,False
7220001001514,株式会社ＩＣＣデータプラス,https://www.idtp.jp/recruit.html,https://www.idtp.jp/index.html,True,200,https://www.idtp.jp/recruit.html,採用情報∥株式会社ICCデータプラス,robots_unavailable:HTTPError,False,,1026,,False,False,False,False,False,False,False,False,True,False,False,False,False,False
7180001056397,株式会社ＩＴＡＧＥ,https://job.mynavi.jp/27/pc/search/corp214357/outline.html,http://www.itage.co.jp/,True,200,https://job.mynavi.jp/27/pc/search/corp214357/outline.html,(株)ITAGEの新卒採用・会社概要 | マイナビ2027,,False,,6178,,False,False,False,False,True,True,True,False,True,False,False,False,False,True
6010401158496,株式会社Ｊａｐａｎ　Ｔｅｃｈｎｏｌｏｇｙ,https://j-tech.co.jp/recruit/,https://j-tech.co.jp,False,,,,robots_unavailable:URLError,,,,URLError:<urlopen error timed out>,False,False,False,False,False,False,False,False,False,False,False,False,False,False
5330001001488,株式会社ＫＩＳ,https://www.kis.co.jp/recruit/,https://www.kis.co.jp/company_next/,False,,,,robots_unavailable:URLError,,,,URLError:<urlopen error timed out>,False,False,False,False,False,False,False,False,False,False,False,False,False,False
9350001001805,株式会社ＭＪＣ,http://www.mjcnet.co.jp/recruit,http://www.mjcnet.co.jp/,False,,,,robots_unavailable:URLError,,,,URLError:<urlopen error timed out>,False,False,False,False,False,False,False,False,False,False,False,False,False,False
5010401160073,株式会社Ｎｏｄｕｓ　Ｂｌｅｕ,https://nodusbleu.co.jp/recruit/,https://nodusbleu.co.jp/,False,,,,robots_unavailable:URLError,,,,URLError:<urlopen error timed out>,False,False,False,False,False,False,False,False,False,False,False,False,False,False
5011001127108,株式会社Ｏｌｉｖｅ,https://cheercareer.jp/companies/4648/offers,https://olive.style/,True,200,https://cheercareer.jp/companies/4648/offers,株式会社Oliveの採用/求人一覧 - 【26卒必見】営業総合職大大大募集！裁量大アリ&成長率800%の弊社であなたの夢を叶えましょう！ | ベンチャー・成長企業からスカウトが届く就活サイト チアキャリア（CheerCareer）,,False,,2286,,True,True,False,False,True,False,False,False,True,False,False,False,False,False
7050001007537,株式会社ＳＡＹコンピュータ,https://www.saycom.jp/recruit,https://www.saycom.jp/,True,200,https://www.saycom.jp/recruit,採用情報 - SAYコンピュータ,,False,,1642,,False,False,False,False,True,False,True,False,True,False,False,False,False,False
5010002045062,株式会社ＳＣＲＵＭ,https://www.scrum-inc.net/recruit/,https://www.scrum-inc.net/,True,200,https://www.scrum-inc.net/recruit/,採用情報｜株式会社SCRUM｜東京都のシステム構築・監視・エンジニア派遣,,False,,3568,,True,True,True,False,True,False,False,False,True,False,False,False,False,True
1010401016295,株式会社ＳＯＦＴＧ,https://www.softg.co.jp/#recruit,https://www.softg.co.jp,True,200,https://www.softg.co.jp/#recruit,株式会社SOFTG 東京都港区のソフトウェア設計・開発 株式会社SOFTGの企業ロゴ,robots_unavailable:HTTPError,False,,5983,,True,False,True,False,True,False,False,False,True,False,False,False,False,False
7290001092266,株式会社Ｓｏｅｌｕ,https://simple-alpha.com/recruit/,https://simple-alpha.com/,False,,,,robots_unavailable:URLError,,,,URLError:<urlopen error timed out>,False,False,False,False,False,False,False,False,False,False,False,False,False,False
2011001150525,株式会社ＴＦ,https://omosuku.co.jp,https://omosuku.co.jp,False,,,,robots_unavailable:URLError,,,,URLError:<urlopen error timed out>,False,False,False,False,False,False,False,False,False,False,False,False,False,False
7120001203112,株式会社ＴＲＥＶＯ,https://en-gage.net/trevo/,https://www.trevo-web.com/,True,200,https://en-gage.net/trevo/,株式会社 TREVOの採用・求人情報-engage,,False,,304,,False,False,False,False,False,False,False,False,False,False,False,False,False,False
3011001152256,株式会社ＵＣＷＯＲＬＤ,https://jp.indeed.com/cmp/%E6%A0%AA%E5%BC%8F%E4%BC%9A%E7%A4%BEucworld/jobs,https://uc-world.com/,False,403,https://jp.indeed.com/cmp/%E6%A0%AA%E5%BC%8F%E4%BC%9A%E7%A4%BEucworld/jobs,,,,,,HTTPError:403,False,False,False,False,False,False,False,False,False,False,False,False,False,False
3250001001325,株式会社ＹＫプランニング,https://www.yk-planning.com/recruit/index.html,https://www.yk-planning.com/,True,200,https://www.yk-planning.com/recruit/index.html,株式会社YKプランニング 採用サイト,robots_unavailable:HTTPError,False,,1309,,False,False,False,False,False,False,False,False,True,False,False,False,False,False
6011101061486,株式会社ＺＩＴ,https://zit.co.jp/recruit/,https://zit.co.jp/,False,,,,robots_unavailable:URLError,,,,URLError:<urlopen error timed out>,False,False,False,False,False,False,False,False,False,False,False,False,False,False
6010001246296,株式会社ｉｆ,https://itfrontier.co.jp/recruit/,https://itfrontier.co.jp/,True,200,https://itfrontier.co.jp/recruit/,採用情報｜if inc.,,False,,2242,,False,False,False,False,False,False,True,False,True,True,True,False,True,True
5011001145051,株式会社ｒｅｍｅｎｔａｌ,https://kimochi-care.net/,https://kimochi-care.net/,True,200,https://kimochi-mental.com/client/home,オンラインカウンセリング「Kimochi」 心理師による心理カウンセリング,robots_unavailable:HTTPError,False,,4424,,False,False,False,False,False,False,False,False,True,False,False,False,False,False
5360001004983,琉球Ｓｏｆｔｗａｒｅ株式会社,https://job.mynavi.jp/23/pc/search/corp77736/outline.html,https://www.ryukyusoftware.co.jp/,False,404,https://job.mynavi.jp/23/pc/search/corp77736/outline.html,,,,,,HTTPError:404,False,False,False,False,False,False,False,False,False,False,False,False,False,False
7270001004917,鳥取中央有線放送株式会社,https://www.torichu.ne.jp/611/1348/19778.html,https://www.torichu.ne.jp/,False,404,https://www.torichu.ne.jp/611/1348/19778.html,,robots_unavailable:HTTPError,,,,HTTPError:404,False,False,False,False,False,False,False,False,False,False,False,False,False,False
5390001013511,Ａ－Ｓｙｓｔｅｍｓ株式会社,https://www.a-systems.jp/recruit/recruit-sitemap.html,https://www.a-systems.jp/,True,200,https://www.a-systems.jp/recruit/recruit-sitemap.html,採用情報 | A-Systems株式会社｜山形県山形市,robots_unavailable:HTTPError,False,,393,,False,False,False,False,False,False,False,False,False,False,False,False,False,False
7180003029418,ＡＩゲディソン合同会社,https://www.aigedison.co.jp/contact/,https://www.aigedison.co.jp/,False,,,,robots_unavailable:URLError,,,,URLError:<urlopen error timed out>,False,False,False,False,False,False,False,False,False,False,False,False,False,False
1010001022850,ＡＳロカス株式会社,https://www.as-locus.jp/recruit/,https://www.as-locus.jp/,True,200,https://www.as-locus.jp/recruit/,,,False,,366,,False,False,False,False,False,False,False,False,True,False,False,False,False,False
4230001007785,ＡＷＳ株式会社,https://awsnet.co.jp/recruit/,https://awsnet.co.jp/,True,200,https://awsnet.co.jp/recruit/,採用情報 - AWS株式会社,,False,,2323,,False,False,False,False,True,False,False,False,True,False,False,False,False,False
2120901038546,Ａｓｔｅｍ　Ｃｌｏｕｄ株式会社,https://www.astem.com/asteminfo/recruit/,https://www.astem.com/asteminfo/astemcloud/,True,200,https://www.astem.com/asteminfo/recruit/,採用情報 | アステム株式会社,,False,,4695,,False,True,True,False,True,False,True,False,True,False,False,False,False,True
9010001155370,ＣＴＷ株式会社,https://jobs.ctw.inc/ja/,https://ctw.inc/,True,200,https://jobs.ctw.inc/ja/,採用情報 - CTW株式会社,,False,,2423,,False,False,False,False,False,False,False,False,True,False,False,False,False,False
5010401080362,ＭＥＴＡＴＥＡＭ株式会社,https://metateam.co.jp/recruit,,True,200,https://metateam.co.jp/recruit,採用案内 — METATEAM,,False,,522,,False,False,False,False,False,False,False,False,False,False,False,False,False,False
7012401024272,Ｎ’ｓシステム株式会社,http://www.ns-system-corp.sakura.ne.jp/,http://www.ns-system-corp.sakura.ne.jp/,True,200,http://www.ns-system-corp.sakura.ne.jp/,N’ｓシステム株式会社 | N’ｓシステム株式会社は先進的で確かな技術力で社会に貢献する企業です。,robots_unavailable:HTTPError,False,,1156,,False,True,False,False,True,False,False,False,True,False,False,False,False,False
4050001036885,Ｓｍａｒｔ　Ｓｏｌｕｔｉｏｎｓ株式会社,https://smt-sol.jp/recruit/,https://smt-sol.jp/,True,200,https://smt-sol.jp/recruit/,Recruit,robots_unavailable:HTTPError,False,,765,,False,False,False,False,False,False,False,False,True,False,False,False,False,False
2430001024812,ＴＩＳ北海道株式会社,https://recruit.tis-h.co.jp/,https://www.tis-h.co.jp/,False,,,,robots_unavailable:URLError,,,,URLError:<urlopen error timed out>,False,False,False,False,False,False,False,False,False,False,False,False,False,False
3122001036438,Ｖｅｒｔｉｃａｌｌｉｍｉｔ株式会社,https://verticallimit.co.jp/rec_top/,https://verticallimit.co.jp/,False,,,,robots_unavailable:URLError,,,,URLError:<urlopen error timed out>,False,False,False,False,False,False,False,False,False,False,False,False,False,False
4011101011096,Ｚｅｎｋｅｎ株式会社,https://recruit.zenken.co.jp/,https://www.zenken.co.jp/,True,200,https://recruit.zenken.co.jp/,Zenken 新卒・中途採用求人TOP,robots_unavailable:HTTPError,False,,2773,,True,False,False,False,False,False,False,False,True,True,False,False,False,False
4180001138891,ｉ‐ＳＨＯＴ株式会社,https://medifund.jp/jobs/,https://medifund.jp/,False,,,,robots_unavailable:URLError,,,,URLError:<urlopen error timed out>,False,False,False,False,False,False,False,False,False,False,False,False,False,False
4010401145752,ｎａｔ株式会社,https://natinc.notion.site/nat-d812b0cd7be345d3875dea2aaf7471df,https://www.natincs.com/,True,200,https://natinc.notion.site/nat-d812b0cd7be345d3875dea2aaf7471df,Notion,,False,,6,,False,False,False,False,False,False,False,False,False,False,False,False,False,False
