corporateNumber,company,prefecture,companySize,stratum,populationWeight,homepageUrl,homepageStatus,homepageRobotsStatus,homepageError,recruitmentUrl,finalUrl,discoveryMethod,discoveryAnchor,hostCategory,confidence,httpStatus,robotsStatus,pageTitle,verifiedAsRecruitmentPage,candidateCount,sitemapsChecked,jobPostingJsonLdOnRecruitmentPage,shokubaRecruitmentUrl,alreadyInShokuba,fetchedAt
1010001022850,ＡＳロカス株式会社,12:千葉県,52人,30-99人 / 主要都市圏,13.4286,https://www.as-locus.jp/,200,allowed,,https://www.as-locus.jp/recruit/,https://www.as-locus.jp/recruit/,homepageAnchor,採用情報,ownDomain,high,200,allowed,,true,2,0,false,https://www.as-locus.jp/recruit/,true,2026-10-04T14:22:20.112Z
1010001126197,三菱ＵＦＪインフォメーションテクノロジー株式会社,13:東京都,2416人,1000人以上 / 東京,9.8,http://www.it.mufg.jp/,301,unavailable,TypeError:UNABLE_TO_VERIFY_LEAF_SIGNATURE,,,,,,,,,,,0,0,,,false,
1010001141097,ＭＸモバイリング株式会社,13:東京都,4413人,1000人以上 / 東京,9.8,https://www.mxmobiling.co.jp/index.html,200,allowed,,https://www.mxmobiling.co.jp/html/corporate/recruit/index.html,https://www.mxmobiling.co.jp/html/corporate/recruit/index.html,homepageAnchor,採用情報 RECRUIT,ownDomain,high,200,allowed,採用サイト｜MXモバイリング株式会社,true,1,0,false,,false,2026-10-04T14:22:19.657Z
1010001226609,株式会社ＴｏｃｏＮａｎａ,13:東京都,20人,10-29人 / 東京,19.9333,https://toconana.com/,200,allowed,,,,,,,,,,,,0,3,,,false,
1010401016295,株式会社ＳＯＦＴＧ,13:東京都,85人,30-99人 / 東京,25.1429,https://www.softg.co.jp,200,unavailable,,https://www.softg.co.jp/recruit/recruit-form,https://www.softg.co.jp/recruit/recruit-form/,homepageAnchor,既卒・第二新卒・中途応募フォーム,ownDomain,high,200,unavailable,パートナー募集フォーム - 株式会社SOFTG,true,3,0,false,https://www.softg.co.jp/#recruit,true,2026-10-04T14:22:21.128Z
1010401144773,株式会社ＫｉｔｅＲａ,13:東京都,139人,100-299人 / 東京,28.8,https://www.kitera.co.jp/,200,allowed,,https://www.kitera.co.jp/recruit/,https://www.kitera.co.jp/recruit/,homepageAnchor,Recruit,ownDomain,high,200,allowed,KiteRa 採用サイト | 株式会社KiteRa,true,2,0,false,,false,2026-10-04T14:22:19.859Z
1010401178557,株式会社ピクセルグロー,13:東京都,1人,1-4人 / 東京,12.6,https://pixel-grow.com,200,unavailable,,,,,,,,,,,,0,0,,,false,
1010401179613,株式会社Ｂａｃｋｌｉｎｋ,13:東京都,2人,1-4人 / 東京,12.6,https://backlink.co.jp/initiatives/,200,allowed,,,,,,,,,,,,0,3,,,false,
1010601050631,株式会社ヘーゼルエンジニアリング,13:東京都,9人,5-9人 / 東京,11.2143,https://www.hazel-engineering.com/home,200,allowed,,https://www.hazel-engineering.com/about-7-1,https://www.hazel-engineering.com/about-7-1,homepageAnchor,recruit,ownDomain,high,200,allowed,recruit | hazel,true,1,0,false,,false,2026-10-04T14:22:21.730Z
1011001038424,株式会社ニックス,13:東京都,48人,30-99人 / 東京,25.1429,https://www.nics.co.jp/,200,unavailable,,https://www.nics.co.jp/recruit,https://www.nics.co.jp/recruit/,homepageAnchor,採用情報,ownDomain,high,200,unavailable,採用情報 | 株式会社ニックス（NICS）,true,3,0,false,,false,2026-10-04T14:22:24.351Z
1011001067480,株式会社キーワーズ・インターナショナル,13:東京都,386人,300-999人 / 東京,19.7857,http://www.keywordsstudios.com/,200,allowed,,https://www.keywordsstudios.com/en/careers/browse-careers/,https://www.keywordsstudios.com/en/careers/browse-careers/,homepageAnchor,Browse careers,ownDomain,high,200,allowed,Browse careers | Keywords Studios Limited,true,3,0,false,,false,2026-10-04T14:22:28.447Z
1011001115413,株式会社ＶＡＳＥ　ＫＵＪＵ,44:大分県,35人,30-99人 / その他,11.2667,https://shogo.co.jp/,200,allowed,,https://shogo.co.jp/recruit,https://shogo.co.jp/recruit,homepageAnchor,採用情報,ownDomain,high,200,allowed,採用情報 | 笑５株式会社,true,1,0,false,,false,2026-10-04T14:22:23.620Z
1011001144981,株式会社ライフ,13:東京都,4人,1-4人 / 東京,12.6,https://life-enterprise.net/,200,unavailable,,https://life-enterprise.net/recruit/,https://life-enterprise.net/recruit/,homepageAnchor,採用,ownDomain,high,200,unavailable,採用について | 株式会社ライフ,true,3,0,false,,false,2026-10-04T14:22:24.228Z
1011101045361,株式会社フリーウェイジャパン,13:東京都,9人,5-9人 / 東京,11.2143,http://freeway-japan.com/,200,allowed,,https://freeway-japan.com/recruit.html,https://freeway-japan.com/recruit.html,homepageUrlPattern,リクルート,ownDomain,medium,200,allowed,リクルート｜無料クラウドシステムのフリーウェイシリーズを提供 株式会社フリーウェイジャパン,true,1,0,false,,false,2026-10-04T14:22:29.597Z
1020001038458,株式会社アナザーウェア,14:神奈川県,110人,100-299人 / 主要都市圏,12.4,http://www.another-ware.co.jp/index.html,404,allowed,http_404,https://www.another-ware.co.jp/recruit/,https://www.another-ware.co.jp/recruit/,robotsSitemap,,ownDomain,medium,200,allowed,採用情報 – 株式会社 アナザーウェア,true,22,3,false,,false,2026-10-04T14:22:36.988Z
1021001013186,株式会社ＴＥＳ,14:神奈川県,65人,30-99人 / 主要都市圏,13.4286,https://www.tes.co.jp/,200,allowed,,https://www.tes.co.jp/entry/new-graduate,https://www.tes.co.jp/entry/new-graduate,homepageAnchor,新卒採用エントリー,ownDomain,high,200,allowed,New Graduate Entry | TES Inc.,true,4,0,false,,false,2026-10-04T14:22:26.812Z
1070001001056,ぐんぎんシステムサービス株式会社,10:群馬県,122人,100-299人 / その他,11.3333,http://www.gss.co.jp,200,unavailable,,https://www.gss.co.jp/recruit/index.html,https://www.gss.co.jp/recruit/index.html,homepageAnchor,採用情報,ownDomain,high,200,unavailable,採用情報｜ぐんぎんシステムサービス株式会社,true,1,0,false,http://www.gss.co.jp/recruit/index.html,true,2026-10-04T14:22:31.956Z
1080401019564,株式会社アロック,22:静岡県,5人,5-9人 / その他,4.6429,http://alloc.co.jp/,200,allowed,,,,,,,,,,,,0,4,,,false,
1120001056193,スミセイ情報システム株式会社,27:大阪府,1567人,1000人以上 / 主要都市圏,3.6,https://www.slcs.co.jp/,200,allowed,,https://www.slcs.co.jp/recruit/index.html,https://www.slcs.co.jp/recruit/index.html,homepageAnchor,採用情報,ownDomain,high,200,allowed,採用情報 | スミセイ情報システム株式会社（SLC）,true,1,0,false,,false,2026-10-04T14:22:27.896Z
1120001110280,パナソニックデジタル株式会社,27:大阪府,2200人,1000人以上 / 主要都市圏,3.6,https://panasonic.co.jp/is-c/,404,unavailable,http_404,,,,,,,,,,,0,0,,,false,
1120001145277,カコムスホールディングス株式会社,27:大阪府,35人,30-99人 / 主要都市圏,13.4286,https://www.kacoms-hd.co.jp/,200,allowed,,https://www.kacoms-hd.co.jp/recruit/,https://www.kacoms-hd.co.jp/recruit/,homepageAnchor,グループ採用情報,ownDomain,high,200,allowed,グループ採用情報 | カコムスホールディングス株式会社,true,10,0,false,,false,2026-10-04T14:22:29.999Z
1120001170300,株式会社アクセスブリッジ,27:大阪府,193人,100-299人 / 主要都市圏,12.4,http://www.access-bridge.co.jp/,200,unavailable,,https://accessbridge-recruit.com/,,homepageLinkOffDomain,採用,otherDomain,low,,,,,1,0,,,false,
1120003026855,税理士おすすめ比較ナビ合同会社,27:大阪府,4人,1-4人 / 主要都市圏,7.9333,https://tax0us.co.jp/company/,200,allowed,,,,,,,,,,,,0,4,,,false,
1122001027926,株式会社イメディア,27:大阪府,2人,1-4人 / 主要都市圏,7.9333,https://sns-support.com/,,unavailable,TypeError:ENOTFOUND,,,,,,,,,,,0,0,,,false,
1140001068336,株式会社関電システムズ,27:大阪府,800人,300-999人 / 主要都市圏,6.1429,https://kanden-sys.jp/,200,unavailable,,https://kanden-sys.jp/recruit/new_graduate/,https://kanden-sys.jp/recruit/new_graduate/,homepageAnchor,新卒採用,ownDomain,high,200,unavailable,新卒採用｜関電システムズ 採用情報,true,2,0,false,,false,2026-10-04T14:22:32.739Z
1180001059645,株式会社テクニカルアンサー,23:愛知県,28人,10-29人 / 主要都市圏,12.6,http://www.t-answer.jp/index.htm,404,unavailable,http_404,,,,,,,,,,,0,0,,,false,
1290001022781,ペーパレススタジオジャパン株式会社,13:東京都,9人,5-9人 / 東京,11.2143,http://www.paper-less-studio.com,200,unavailable,,,,,,,,,,,,0,0,,,false,
1320001005361,Ｓｐａｒｋｌｉｎｇ　Ｌｉｂｅｒｔｙ株式会社,44:大分県,2人,1-4人 / その他,3.3333,https://www.web-f.net/,200,allowed,,,,,,,,,,,,0,3,,,false,
1320001015872,株式会社ＨＡＢ＆Ｃｏ．,44:大分県,34人,30-99人 / その他,11.2667,https://hab-co.jp,200,allowed,,,,,,,,,,,,0,2,,,false,
1340001003487,株式会社ハイパーソフト,46:鹿児島県,43人,30-99人 / その他,11.2667,https://hypersoft.co.jp/,200,allowed,,,,,,,,,,,,0,3,,,false,
1350002006281,有限会社アイネット,45:宮崎県,2人,1-4人 / その他,3.3333,http://www.iiinet.jp,200,allowed,,https://www.iiinet.jp/recruit,https://www.iiinet.jp/recruit/,homepageAnchor,採用情報 RECRUIT,ownDomain,high,200,allowed,有限会社アイネット,true,1,0,false,,false,2026-10-04T14:22:42.295Z
1360001014581,トラストコミュニケーション株式会社,47:沖縄県,33人,30-99人 / その他,11.2667,https://www.tcom.co.jp/,200,allowed,,https://tcom.co.jp/recruit/,https://tcom.co.jp/recruit/,homepageAnchor,採用情報,ownDomain,high,200,allowed,採用情報 | トラストコミュニケーション株式会社【公式】システムやネットワーク構築・保守のコンサルティング会社,true,1,0,false,,false,2026-10-04T14:22:42.987Z
1360001019977,４７インキュベーション株式会社,13:東京都,28人,10-29人 / 東京,19.9333,https://47co.jp/about/47incubation,404,allowed,http_404,,,,,,,,,,,0,0,,,false,
1370001007295,株式会社ＮＴＴ東日本‐東北,04:宮城県,1103人,1000人以上 / その他,1,http://www.tohoku.ntt-east.co.jp/,200,allowed,,https://recruit.ntt-east.co.jp/,https://recruit.ntt-east.co.jp/,homepageAnchor,採用情報,ownDomain,high,200,unavailable,NTT東日本株式会社・グループ採用情報 | 新卒採用サイト・キャリア採用（転職者向け）サイト,true,1,0,false,,false,2026-10-04T14:22:41.452Z
1370001009911,株式会社日立ソリューションズ東日本,04:宮城県,1259人,1000人以上 / その他,1,http://www.hitachi-solutions-east.co.jp/index.html,200,allowed,,https://www.hitachi-solutions-east.co.jp/recruitment/,https://www.hitachi-solutions-east.co.jp/recruitment/,homepageAnchor,採用サイト,ownDomain,high,200,allowed,日立ソリューションズ東日本とは：採用サイト：日立ソリューションズ東日本,true,2,0,false,,false,2026-10-04T14:22:44.821Z
1370001023334,ＳａｉＳプロダクション株式会社,04:宮城県,21人,10-29人 / その他,8.6,https://saisproduction.com/,200,allowed,,https://saisproduction.com/recruit/,https://saisproduction.com/recruit/,homepageAnchor,－recruit－,ownDomain,high,200,allowed,採用情報－recruit | SaiSproduction,true,1,0,false,,false,2026-10-04T14:22:40.690Z
1430001039456,株式会社ＨｉＳＣ,01:北海道,45人,30-99人 / 主要都市圏,13.4286,https://hisc.co.jp/,,unavailable,TypeError:UNABLE_TO_VERIFY_LEAF_SIGNATURE,,,,,,,,,,,0,0,,,false,
1500001023023,株式会社オフィス・クラフト,38:愛媛県,8人,5-9人 / その他,4.6429,https://office-craft.co.jp/,200,unavailable,,https://office-craft.co.jp/recruit,https://office-craft.co.jp/recruit,homepageAnchor,Recruit,ownDomain,high,200,unavailable,Office Craft Co. Ltd. - 採用情報,true,1,0,false,,false,2026-10-04T14:22:42.106Z
2010401025923,株式会社文化工房,13:東京都,215人,100-299人 / 東京,28.8,http://www.bun.co.jp/,200,allowed,,https://www.bun.co.jp/recruit/,https://www.bun.co.jp/recruit/,homepageAnchor,RECRUIT,ownDomain,high,200,allowed,"RECRUIT – 株式会社 文化工房 bunkaobo,Inc.",true,4,0,false,,false,2026-10-04T14:22:46.178Z
2010401187680,株式会社ＥＮＴＬＡ,13:東京都,4人,1-4人 / 東京,12.6,https://entla.co.jp/company/,200,allowed,,,,,,,,,,,,0,3,,,false,
2010403020897,トゥーサウザンド合同会社,13:東京都,3人,1-4人 / 東京,12.6,https://www.2-thousand.com,200,allowed,,,,,,,,,,,,0,2,,,false,
2010501019247,株式会社ＮＥＳＩ,08:茨城県,364人,300-999人 / その他,5.4286,http://www.nesi.co.jp/,200,unavailable,,https://www.nesi.co.jp/recruit/newgrad/,https://www.nesi.co.jp/recruit/newgrad/,homepageAnchor,新卒採用,ownDomain,high,200,unavailable,新卒採用｜株式会社ＮＥＳＩ,true,6,0,false,,false,2026-10-04T14:22:49.148Z
2010601038584,日本電子計算株式会社,13:東京都,1577人,1000人以上 / 東京,9.8,http://www.jip.co.jp/,200,allowed,,https://www.jip.co.jp/recruitinfo/,https://www.jip.co.jp/recruitinfo/,homepageAnchor,採用情報,ownDomain,high,200,allowed,採用情報｜日本電子計算(JIP)｜お客様とともに、ＩＴで新たな価値を創造する,true,5,0,false,,false,2026-10-04T14:22:49.849Z
2010901030183,アジアクエスト株式会社,13:東京都,461人,300-999人 / 東京,19.7857,https://www.asia-quest.jp/,200,allowed,,https://www.asia-quest.jp/recruit,https://www.asia-quest.jp/recruit,homepageAnchor,採用情報,ownDomain,high,200,allowed,採用情報 │ アジアクエスト株式会社,true,2,0,false,,false,2026-10-04T14:22:45.494Z
2011001058413,株式会社ビズリーチ,13:東京都,1125人,1000人以上 / 東京,9.8,http://www.bizreach.co.jp/,200,unavailable,,https://careers.bizreach.co.jp/?utm_source=bizreach&utm_medium=site&utm_campaign=recruitment,https://careers.bizreach.co.jp/?utm_source=bizreach&utm_medium=site&utm_campaign=recruitment,homepageAnchor,Visionalの採用情報を見る Visional RECRUITMENT,ownDomain,high,200,allowed,株式会社ビズリーチ キャリア採用サイト,true,2,0,false,,false,2026-10-04T14:22:50.782Z
2011001127705,ｈｏｍｉｅ株式会社,13:東京都,110人,100-299人 / 東京,28.8,https://homie.co.jp/,200,allowed,,https://herp.careers/v1/homie,https://herp.careers/v1/homie,homepageLinkToOfficialAts,,atsHosted,medium,200,allowed,homie株式会社 の全ての求人一覧,true,1,0,false,,false,2026-10-04T14:22:48.434Z
2011001149856,アンカーテクノロジーズ株式会社,13:東京都,11人,10-29人 / 東京,19.9333,http://anchor-u.com/wp-content/uploads/AT_action_plan.pdf,200,allowed,non_html_content,,,,,,,,,,,0,3,,https://open.talentio.com/r/1/c/anchor-u/homes/4042,true,
2012701012725,株式会社ｇｒｉｎｌｅａｐ,13:東京都,26人,10-29人 / 東京,19.9333,https://grinleap.co.jp/employment/,200,allowed,,https://recruit.grinleap.co.jp/,https://recruit.grinleap.co.jp/,homepageAnchor,採用情報,ownDomain,high,200,allowed,grinleap 採用,true,4,0,false,,false,2026-10-04T14:22:53.370Z
2020001087033,株式会社インスパイアリング,14:神奈川県,16人,10-29人 / 主要都市圏,12.6,https://www.inspiring.co.jp/,200,allowed,,https://en-gage.net/inspiring_saiyo/,https://en-gage.net/inspiring_saiyo/,homepageLinkToOfficialAts,求人情報：エンゲージ,atsHosted,low,404,allowed,,,1,0,,,false,2026-10-04T14:22:52.313Z
2020001155335,ティアンドエス株式会社,14:神奈川県,292人,100-299人 / 主要都市圏,12.4,https://www.tecsvc.co.jp/,200,allowed,,https://recruit.tecsvc.co.jp/,https://recruit.tecsvc.co.jp/,homepageAnchor,Recruit 採用情報,ownDomain,high,200,allowed,採用情報｜ティアンドエス株式会社,true,3,0,false,,false,2026-10-04T14:22:54.769Z
2021003011823,アースレーベル合同会社,14:神奈川県,9人,5-9人 / 主要都市圏,5.5,https://earth-label.com/,200,allowed,,https://earth-label.com/works/recruiting-branding/,https://earth-label.com/works/recruiting-branding/,homepageAnchor,01 中堅IT企業 ｜ 採用ブランディング × SNS活用 応募3倍。月2名の安定採用へ。 #採用ブランディング #SNS活用 #母集団形成,ownDomain,high,200,allowed,応募3倍。月2名の安定採用へ。｜採用ブランディング事例 — EARTH LABEL,true,4,0,false,,false,2026-10-04T14:22:52.752Z
2030001010159,株式会社ＮＴＴ東日本‐関信越,11:埼玉県,1261人,1000人以上 / 主要都市圏,3.6,http://www.kanshinetsu.ntt-east.co.jp/,200,allowed,,https://recruit.ntt-east.co.jp/,https://recruit.ntt-east.co.jp/,homepageAnchor,採用情報,ownDomain,high,200,unavailable,NTT東日本株式会社・グループ採用情報 | 新卒採用サイト・キャリア採用（転職者向け）サイト,true,1,0,false,,false,2026-10-04T14:22:50.903Z
2080001000667,株式会社ＳＤＴエンタープライズ,22:静岡県,90人,30-99人 / その他,11.2667,https://sdte.co.jp/,200,allowed,,https://sdte.co.jp/recruit/,https://sdte.co.jp/recruit/,homepageAnchor,2026.09.01 お仕事見学「JOBウォッチ」随時受付のお知らせ,ownDomain,high,200,allowed,採用情報｜SDTエンタープライズ - 静岡の映像制作会社,true,3,0,false,,false,2026-10-04T14:22:55.031Z
2080001004346,株式会社ＴＯＫＡＩコミュニケーションズ,22:静岡県,1304人,1000人以上 / その他,1,http://www.tokai-com.co.jp/,200,unavailable,,https://www.recruit.tokaiholdings.co.jp/,,homepageLinkOffDomain,採用情報,otherDomain,low,,,,,1,0,,,false,
2080101025606,株式会社Ｃａｒｅ　Ｓｅｅｄ,22:静岡県,2人,1-4人 / その他,3.3333,https://care-seed.jp/,200,unavailable,,,,,,,,,,,,0,0,,,false,
2080401004029,浜松ケーブルテレビ株式会社,22:静岡県,58人,30-99人 / その他,11.2667,http://www.winde.jp/,200,unavailable,,https://www.winde.jp/recruit/,https://www.winde.jp/recruit/,homepageAnchor,採用情報,ownDomain,high,200,unavailable,採用情報｜ウィンディ - 浜松ケーブルテレビ,true,1,0,false,,false,2026-10-04T14:23:00.154Z
2080401018664,株式会社ＮＯＫＩＯＯ,22:静岡県,17人,10-29人 / その他,8.6,https://www.nokioo.jp/,200,allowed,,https://nokioo.jp/recruit,https://nokioo.jp/recruit,robotsSitemap,,ownDomain,medium,200,allowed,採用情報｜NOKIOO™ 人材開発･組織開発のノキオ,true,6,3,false,,false,2026-10-04T14:23:04.080Z
2120001015669,株式会社ドコモＣＳ関西,27:大阪府,1762人,1000人以上 / 主要都市圏,3.6,http://www.docomo-cs-kansai.co.jp/sustainability/diversity.html,200,allowed,,https://www.docomo-cs-kansai.co.jp/rc/,https://www.docomo-cs-kansai.co.jp/rc/,homepageAnchor,採用情報,ownDomain,high,200,allowed,株式会社ドコモCS関西 新卒採用サイト,true,1,0,false,,false,2026-10-04T14:23:00.582Z
2122001018949,センコー情報システム株式会社,27:大阪府,229人,100-299人 / 主要都市圏,12.4,https://www.sis-recruit.senko.co.jp/,403,unavailable,http_403,,,,,,,,,,,0,0,,,false,
2180001040422,株式会社プロトコーポレーション,23:愛知県,673人,300-999人 / 主要都市圏,6.1429,https://www.proto-g.co.jp/,200,allowed,,https://www.proto-g.co.jp/job/,https://www.proto-g.co.jp/job/,homepageAnchor,採用・カルチャー,ownDomain,high,200,allowed,採用・カルチャー | PROTO CORPORATION – 循環経済を創造する,true,7,0,false,,false,2026-10-04T14:22:57.910Z
2180001062094,株式会社シープロジェクト,23:愛知県,2人,1-4人 / 主要都市圏,7.9333,http://www.cproject.co.jp/,200,unavailable,,https://www.cproject.co.jp/recruit/,https://www.cproject.co.jp/recruit/,homepageAnchor,採用情報,ownDomain,high,200,unavailable,株式会社シープロジェクトでは社員を募集しています | 採用情報 | オフィスの通信機器を一括手配（ビジネスフォン、インターネット回線、携帯電話）,true,3,0,false,,false,2026-10-04T14:23:03.694Z
2180001119910,エンゲージソフト株式会社,23:愛知県,8人,5-9人 / 主要都市圏,5.5,https://engagesoft.co.jp,200,allowed,,,,,,,,,,,,0,0,,,false,
2180301019091,ひまわりネットワーク株式会社,23:愛知県,216人,100-299人 / 主要都市圏,12.4,https://recruit.himawari.co.jp/,200,allowed,,https://recruit.himawari.co.jp/entry/newgrads/,https://recruit.himawari.co.jp/entry/newgrads/,homepageAnchor,新卒向け募集要項,ownDomain,high,200,allowed,新卒採用 募集要項 | ひまわりネットワーク RECRUIT 2028,true,19,0,false,,false,2026-10-04T14:22:59.945Z
2240001006697,株式会社エネコム,34:広島県,1074人,1000人以上 / その他,1,https://www.enecom.co.jp/,200,allowed,,https://www.enecom.co.jp/recruit,https://www.enecom.co.jp/recruit/,homepageAnchor,採用情報,ownDomain,high,200,allowed,採用サイト | 株式会社エネコム,true,2,0,false,,false,2026-10-04T14:23:02.664Z
2250001014146,株式会社地域情報新聞しものせき,35:山口県,7人,5-9人 / その他,4.6429,https://www.hop-s.jp/,200,allowed,,https://www.hop-s.jp/column/recruit,https://www.hop-s.jp/column/recruit,homepageAnchor,求人情報,ownDomain,high,200,allowed,"ほっぷが厳選した下関市の求人・採用情報をご紹介！ – 【公式】ほっぷ下関｜山口県下関市でランチ,テイクアウト,エステ,不動産,イベントを探せるフリーペーパー",true,6,0,false,,false,2026-10-04T14:23:02.444Z
2250001020020,株式会社ラゲッジ,35:山口県,5人,5-9人 / その他,4.6429,https://ymgfg.co.jp/,200,allowed,,,,,,,,,,,,0,0,,,false,
2260001005516,ピコシステム株式会社,33:岡山県,141人,100-299人 / その他,11.3333,http://www.picosystem.co.jp/,200,unavailable,,https://www.picosystem.co.jp/recruit/,https://www.picosystem.co.jp/recruit/,homepageAnchor,採用情報,ownDomain,high,200,unavailable,リクルート TOP | ピコシステム株式会社 採用情報,true,1,0,false,,false,2026-10-04T14:23:07.822Z
2290001093888,株式会社リンク,40:福岡県,5人,5-9人 / 主要都市圏,5.5,https://link-cop.jp/,200,unavailable,,,,,,,,,,,,0,0,,,false,
2290801009473,株式会社ソルネット,40:福岡県,120人,100-299人 / 主要都市圏,12.4,https://www.solnet-dot.com/,200,allowed,,https://www.solnet-dot.com/recruit/index.html,https://www.solnet-dot.com/recruit/,homepageAnchor,採用情報,ownDomain,high,200,allowed,採用情報 | 株式会社ソルネット,true,1,0,false,,false,2026-10-04T14:23:05.409Z
2330001007694,株式会社フルスケール,43:熊本県,5人,5-9人 / その他,4.6429,https://fullscale.jp,200,allowed,,https://fullscale.jp/recruit/,https://fullscale.jp/recruit/,homepageAnchor,採用情報,ownDomain,high,200,allowed,採用情報 | フルスケール（熊本）,true,5,0,false,,false,2026-10-04T14:23:05.165Z
2420001013857,株式会社Ｍ＆Ｃｏ．,02:青森県,5人,5-9人 / その他,4.6429,https://m-and.co/,200,allowed,,,,,,,,,,,,0,1,,,false,
2420002019110,有限会社ヒーローネット,02:青森県,6人,5-9人 / その他,4.6429,https://heronet.jp/ja/wp-content/pdf/koudoukeikaku.pdf,200,allowed,non_html_content,,,,,,,,,,,0,3,,,false,
3010001058678,株式会社ムサシ・エービーシー,13:東京都,186人,100-299人 / 東京,28.8,http://www.musashi-abc.co.jp/,200,allowed,,https://www.musashi-abc.co.jp/recruit,https://www.musashi-abc.co.jp/recruit/,homepageAnchor,採用情報,ownDomain,high,200,allowed,株式会社ムサシ・エービーシー | 東京/つくば/仙台のデータ入力・委託,true,3,0,false,,false,2026-10-04T14:23:10.928Z
3010001106809,株式会社リベルワークス,13:東京都,61人,30-99人 / 東京,25.1429,http://www.liberworks.co.jp/,200,unavailable,,https://www.liberworks.co.jp/recruit/,https://www.liberworks.co.jp/recruit/,homepageAnchor,採用情報,ownDomain,low,404,unavailable,,,3,0,,,false,2026-10-04T14:23:11.479Z
3010001152563,株式会社インテージ,13:東京都,1067人,1000人以上 / 東京,9.8,http://www.intage.co.jp/,200,allowed,,https://www.intage.co.jp/recruit/,https://www.intage.co.jp/recruit/,homepageAnchor,採用情報,ownDomain,high,200,allowed,採用情報｜株式会社インテージ,true,1,0,false,,false,2026-10-04T14:23:11.756Z
3010401014925,鈴与シンワート株式会社,13:東京都,786人,300-999人 / 東京,19.7857,http://www.shinwart.co.jp/,200,unavailable,,https://recruit.shinwart.co.jp/,https://recruit.shinwart.co.jp/,homepageAnchor,新卒採用,ownDomain,high,200,unavailable,鈴与シンワート株式会社新卒採用サイト,true,4,0,false,,false,2026-10-04T14:23:13.010Z
3010401064771,サイバートラスト株式会社,13:東京都,238人,100-299人 / 東京,28.8,https://www.cybertrust.co.jp/,200,allowed,,https://www.cybertrust.co.jp/corporate/recruit/,https://www.cybertrust.co.jp/corporate/recruit/,homepageAnchor,採用情報,ownDomain,high,200,allowed,サイバートラスト 採用情報｜サイバートラスト,true,2,0,false,,false,2026-10-04T14:23:08.341Z
3010701012661,ブリタニカ・ジャパン株式会社,13:東京都,11人,10-29人 / 東京,19.9333,https://www.britannica.co.jp/,200,allowed,,,,,,,,,,,,0,2,,,false,
3010801027139,パロットビーク株式会社,13:東京都,16人,10-29人 / 東京,19.9333,https://parrotbeak.co.jp/,200,unavailable,,,,,,,,,,,,0,0,,,false,
3010903005273,合同会社セイチ,13:東京都,1人,1-4人 / 東京,12.6,https://seichi.site/,200,unavailable,,,,,,,,,,,,0,0,,,false,
3011001039098,株式会社インテックソリューションパワー,13:東京都,1228人,1000人以上 / 東京,9.8,http://www.intec-sp.co.jp,200,allowed,,http://intec-sp.co.jp/recruit/,http://intec-sp.co.jp/recruit/,homepageAnchor,採用情報,ownDomain,high,200,allowed,インテックソリューションパワー採用サイト,true,2,0,false,,false,2026-10-04T14:23:19.063Z
3011101052934,株式会社スペースリンク,13:東京都,20人,10-29人 / 東京,19.9333,http://spacelink.co.jp,200,allowed,,https://spacelink.co.jp/recruit/index.html,https://spacelink.co.jp/recruit/index.html,homepageAnchor,RECRUIT →,ownDomain,high,200,allowed,採用情報｜株式会社スペースリンク,true,2,0,false,,false,2026-10-04T14:23:17.136Z
3012701011131,アヴァント株式会社,13:東京都,123人,100-299人 / 東京,28.8,https://avant-sl.com/,200,allowed,,https://avant-sl.com/recruit,https://avant-sl.com/recruit,robotsSitemap,,ownDomain,low,200,allowed,AVANT｜アヴァント株式会社｜DXでお客様のビジネスを成功に導く,false,1,3,false,,false,2026-10-04T14:23:18.367Z
3013301043507,株式会社カナグ,13:東京都,5人,5-9人 / 東京,11.2143,https://kanagu-inc.jp/,200,allowed,,https://kanagu-inc.jp/recruit/,https://kanagu-inc.jp/recruit/,homepageAnchor,RECRUIT 採用情報,ownDomain,high,200,allowed,RECRUIT - 株式会社カナグ,true,3,0,false,,false,2026-10-04T14:23:14.822Z
3013401002461,インフィニティメディカルソフト株式会社,13:東京都,23人,10-29人 / 東京,19.9333,https://inf-medicalsoft.co.jp/recruit/,200,allowed,,https://inf-medicalsoft.co.jp/recruit/,https://inf-medicalsoft.co.jp/recruit/,homepageAnchor,採用情報,ownDomain,high,200,allowed,採用情報 -,true,1,0,false,,false,2026-10-04T14:23:14.363Z
3020001047944,株式会社カールビット,14:神奈川県,118人,100-299人 / 主要都市圏,12.4,http://www.karbit.co.jp/,200,allowed,,https://www.karbit.co.jp/recruit.html,https://www.karbit.co.jp/recruit.html,homepageUrlPattern,詳しくみる,ownDomain,medium,200,allowed,採用情報 | 株式会社カールビット | 課題に応えるICTパートナー,true,1,0,false,,false,2026-10-04T14:23:19.755Z
3020001091240,富士ゼロックスアドバンストテクノロジー株式会社,14:神奈川県,1313人,1000人以上 / 主要都市圏,3.6,http://www.fxat.co.jp/,,unavailable,TypeError:ENOTFOUND,,,,,,,,,,,0,0,,,false,
3030001012162,ＡＧＳプロサービス株式会社,11:埼玉県,531人,300-999人 / 主要都市圏,6.1429,http://www.ags-ps.co.jp/index.html,200,unavailable,,https://www.ags-ps.co.jp/saiyou/,https://www.ags-ps.co.jp/saiyou/,homepageAnchor,採用情報,ownDomain,high,200,unavailable,採用情報｜ＡＧＳプロサービス株式会社,true,7,0,false,,false,2026-10-04T14:23:22.612Z
3080402019322,有限会社フリーライディング,22:静岡県,1人,1-4人 / その他,3.3333,http://freeriding.jp/,200,allowed,,,,,,,,,,,,0,3,,,false,
3120001114726,ＤＩＴ株式会社,13:東京都,8人,5-9人 / 東京,11.2143,https://www.dolce-it.co.jp/about/,200,allowed,,https://www.dolce-it.co.jp/recruit/,https://www.dolce-it.co.jp/recruit/,homepageAnchor,Recruit 採用情報,ownDomain,high,200,allowed,Recruit｜採用情報について【DIT株式会社】,true,1,0,false,,false,2026-10-04T14:23:18.257Z
3140001007886,株式会社さくらケーシーエス,28:兵庫県,1063人,1000人以上 / 主要都市圏,3.6,http://www.kcs.co.jp/,200,allowed,,https://www.kcs.co.jp/recruit.html,https://www.kcs.co.jp/recruit.html,homepageAnchor,2025年03月01日 2026年度 新卒採用 応募受付を開始しました。,ownDomain,high,200,allowed,新卒採用,true,2,0,false,,false,2026-10-04T14:23:27.374Z
3180001018442,株式会社メイテツコム,23:愛知県,408人,300-999人 / 主要都市圏,6.1429,http://www.meitetsucom.co.jp//,200,unavailable,,https://www.meitetsucom.co.jp/?page_id=1981,https://www.meitetsucom.co.jp/?page_id=1981,homepageAnchor,新卒採用,ownDomain,high,200,unavailable,新卒採用情報｜株式会社メイテツコム,true,3,0,false,,false,2026-10-04T14:23:25.252Z
3180001029803,株式会社カーネル・ソフト・エンジニアリング,23:愛知県,884人,300-999人 / 主要都市圏,6.1429,https://www.kernel-se.co.jp/,200,unavailable,,https://recruit.kernel-se.co.jp/,https://recruit.kernel-se.co.jp/,homepageAnchor,採用情報,ownDomain,high,200,unavailable,カーネル・ソフト・エンジニアリング｜採用サイト,true,1,0,false,,false,2026-10-04T14:23:21.431Z
3180001071689,株式会社ＷＥＢ企画,23:愛知県,43人,30-99人 / 主要都市圏,13.4286,https://webkikaku.co.jp/homepage/,403,allowed,http_403,,,,,,,,,,,0,0,,,false,
3260001024746,株式会社クリエ・ココ,33:岡山県,2人,1-4人 / その他,3.3333,https://www.crea-coco.com/,200,allowed,,https://www.crea-coco.com/recruit/,https://www.crea-coco.com/recruit/,homepageAnchor,採用情報,ownDomain,high,200,allowed,岡山のシステム開発エンジニア（SE）募集| 株式会社クリエ・ココ,true,6,0,false,,false,2026-10-04T14:23:22.819Z
3290001046151,株式会社ネットワークソリューション,40:福岡県,181人,100-299人 / 主要都市圏,12.4,https://www.nw-solution.co.jp/,200,allowed,,https://www.nw-solution.co.jp/recruit/,https://www.nw-solution.co.jp/recruit/,homepageAnchor,RECRUIT 採用情報,ownDomain,high,200,allowed,採用サイト | 株式会社ネットワークソリューション,true,2,0,false,,false,2026-10-04T14:23:23.574Z
3310001003604,株式会社ディーエスブランド,42:長崎県,305人,300-999人 / その他,5.4286,https://dsbranch.works/careers/pages/711/,200,allowed,,https://dsbranch.works/careers,https://dsbranch.works/careers/,homepageAnchor,株式会社ディーエスブランド 採用情報サイト,ownDomain,high,200,allowed,株式会社ディーエスブランド｜求人・採用情報サイト,true,27,0,false,,false,2026-10-04T14:23:26.389Z
3330001011092,株式会社テクノミックス,13:東京都,5人,5-9人 / 東京,11.2143,https://www.tmix.co.jp/,200,allowed,,,,,,,,,,,,0,0,,,false,
3360001031385,株式会社オキジモ,47:沖縄県,2人,1-4人 / その他,3.3333,https://okijimo.jp/,200,allowed,,https://okijimo.jp/business/mid-career,https://okijimo.jp/business/mid-career,homepageAnchor,求人サービス,ownDomain,high,200,allowed,事業領域-求人サービス – オキジモ！,true,3,0,false,,false,2026-10-04T14:23:26.436Z
3390001000230,株式会社ＪｉｍｏＴｅｃ,06:山形県,14人,10-29人 / その他,8.6,https://www.jimotec.co.jp/,200,allowed,,https://www.jimotec.co.jp/recruit,https://www.jimotec.co.jp/recruit,homepageAnchor,採用情報,ownDomain,high,200,allowed,採用情報 | Jimotec,true,2,0,false,,false,2026-10-04T14:23:26.203Z
3430001080854,Ｌｉｂｅｒｔｙ株式会社,01:北海道,5人,5-9人 / 主要都市圏,5.5,https://libertyinc.jp/,200,allowed,,,,,,,,,,,,0,2,,,false,
3470001007556,株式会社シー・キュー,37:香川県,5人,5-9人 / その他,4.6429,http://kkcq.jp/,200,unavailable,,,,,,,,,,,,0,0,,,false,
4010001054032,株式会社野村総合研究所,13:東京都,7982人,1000人以上 / 東京,9.8,https://www.nri.com/jp/,200,allowed,,https://www.nri.com/jp/career.html,https://www.nri.com/jp/career.html,homepageAnchor,採用情報,ownDomain,high,200,allowed,採用情報 | NRIトップ | 野村総合研究所(NRI),true,1,0,false,,false,2026-10-04T14:23:28.511Z
4010001067331,株式会社エスエイシー総研,13:東京都,15人,10-29人 / 東京,19.9333,https://www.sacsoken.com/,200,allowed,,https://recruit.sacsoken.com/,https://recruit.sacsoken.com/,homepageAnchor,採用情報,ownDomain,high,200,allowed,エスエイシー総研の開発実績 | 株式会社エスエイシー総研,true,2,0,false,,false,2026-10-04T14:23:30.041Z
4010001115453,株式会社クロノシステム,13:東京都,9人,5-9人 / 東京,11.2143,http://www.chrono.co.jp,200,allowed,,,,,,,,,,,,0,4,,,false,
4010401128187,シルタス株式会社,13:東京都,4人,1-4人 / 東京,12.6,https://corp.sirutasu.com/news/about/,404,allowed,http_404,https://corp.sirutasu.com/recruit-2,https://corp.sirutasu.com/recruit-2,robotsSitemap,,ownDomain,medium,200,allowed,シルタス株式会社 | RECRUIT,true,3,3,false,,false,2026-10-04T14:23:35.152Z
4010501025879,株式会社サンシーア,13:東京都,49人,30-99人 / 東京,25.1429,https://sunseer.co.jp/fringe_benefits/,200,allowed,,https://sunseer.co.jp/lp/recruit/,https://sunseer.co.jp/lp/recruit/,homepageAnchor,採用情報,ownDomain,high,200,allowed,株式会社サンシーア 新卒採用サイト,true,7,0,false,,false,2026-10-04T14:23:30.421Z
4010601028617,株式会社ＮＴＴデータＳＢＣ,27:大阪府,400人,300-999人 / 主要都市圏,6.1429,https://www.nttdata-sbc.co.jp/,200,unavailable,,https://www.nttdata-sbc.co.jp/recruit,https://www.nttdata-sbc.co.jp/recruit/,homepageAnchor,Recruit NTTデータSBCでは、新卒採用、 キャリア採用、 障がい者採用を行っています。 際立つ技術とスピード感、 フットワークを武器に 社会への価値貢献を目指す当社では、 さまざまな領域でともにチャレンジしていく 人材を募集しています。 READ MORE,ownDomain,high,200,unavailable,採用情報 | 株式会社NTTデータSBC,true,1,0,false,,false,2026-10-04T14:23:32.076Z
4011101011096,Ｚｅｎｋｅｎ株式会社,13:東京都,448人,300-999人 / 東京,19.7857,https://www.zenken.co.jp/,200,allowed,,https://recruit.zenken.co.jp/,https://recruit.zenken.co.jp/,homepageAnchor,新卒採用/キャリア採用 総合,ownDomain,high,200,unavailable,Zenken 新卒・中途採用求人TOP,true,4,0,false,https://recruit.zenken.co.jp/,true,2026-10-04T14:23:31.756Z
4011101072114,株式会社ＩＴＡＫＯ,13:東京都,6人,5-9人 / 東京,11.2143,http://www.itakoh.co.jp/,200,unavailable,,,,,,,,,,,,0,0,,,false,
4013103000647,合同会社ｂａｓｉｃｍａｔｈ,26:京都府,2人,1-4人 / 主要都市圏,7.9333,https://basicmath.jp,200,allowed,,,,,,,,,,,,0,0,,,false,
4013301025157,日本情報システム株式会社,13:東京都,60人,30-99人 / 東京,25.1429,http://www.nisweb.co.jp/main/index.html,404,unavailable,http_404,,,,,,,,,,,0,0,,https://job.mynavi.jp/26/pc/search/corp71669/outline.html,true,
4080001002827,株式会社静岡第一テレビ,22:静岡県,117人,100-299人 / その他,11.3333,http://www.tv-sdt.co.jp/,200,unavailable,,https://www.tv-sdt.co.jp/company/,https://www.tv-sdt.co.jp/company/,homepageAnchor,RECRUIT,ownDomain,high,200,unavailable,Daiichi-TVについて | Daiichi-TV,true,1,0,false,,false,2026-10-04T14:23:39.340Z
4120001068814,株式会社ノベラック,27:大阪府,14人,10-29人 / 主要都市圏,12.6,http://www.noveluck.co.jp/index.html,,unavailable,TypeError:UND_ERR_CONNECT_TIMEOUT,,,,,,,,,,,0,0,,,false,
4120001115673,株式会社Ｂｅｅ,27:大阪府,51人,30-99人 / 主要都市圏,13.4286,http://www.bee-u.com/,200,unavailable,,https://bee-u.com/recruit.html,https://bee-u.com/recruit.html,homepageAnchor,募集要項,ownDomain,high,200,unavailable,採用,true,2,0,false,https://job.mynavi.jp/27/pc/search/corp105911/outline.html,true,2026-10-04T14:23:39.878Z
4180001017641,株式会社トヨタシステムズ,23:愛知県,3422人,1000人以上 / 主要都市圏,3.6,https://www.toyotasystems.com/,200,allowed,,https://www.toyotasystems.com/recruit/,https://www.toyotasystems.com/recruit/,homepageAnchor,採用情報,ownDomain,high,200,allowed,トヨタシステムズ（TS）｜採用サイト,true,1,0,false,,false,2026-10-04T14:23:37.957Z
4180001034083,株式会社イエス,23:愛知県,36人,30-99人 / 主要都市圏,13.4286,http://www.ies.jp/iesweb/,200,unavailable,,https://www.ies.jp/iesweb/guide/,https://www.ies.jp/iesweb/guide/,homepageAnchor,採用情報,ownDomain,high,200,unavailable,募集要項 | 人とシステムをやさしくリンクする,true,2,0,false,,false,2026-10-04T14:23:43.674Z
4190001000893,株式会社百五デジタルソリューションズ,24:三重県,112人,100-299人 / その他,11.3333,https://www.105ds.co.jp/,200,allowed,,https://www.105ds.co.jp/recruit/,https://www.105ds.co.jp/recruit/,homepageAnchor,採用情報,ownDomain,high,200,allowed,採用情報 | 株式会社 百五デジタルソリューションズ,true,3,0,false,,false,2026-10-04T14:23:42.247Z
4230001000030,株式会社アイドママーケティングコミュニケーション,16:富山県,239人,100-299人 / その他,11.3333,https://www.e-aidma.co.jp/,200,allowed,,,,,,,,,,,,0,0,,,false,
4230001014154,キュアコード株式会社,16:富山県,12人,10-29人 / その他,8.6,https://curecode.jp/,200,allowed,,https://curecode.jp/recruit/,https://curecode.jp/recruit/,homepageAnchor,採用情報,ownDomain,high,200,allowed,採用情報 | キュアコード株式会社,true,2,0,false,,false,2026-10-04T14:23:41.550Z
4260001027946,株式会社ベネッセインフォシェル,33:岡山県,405人,300-999人 / その他,5.4286,http://www.benesse-infoshell.co.jp/index.html,403,unavailable,http_403,,,,,,,,,,,0,0,,,false,
4290801006246,九州システムコンサルティング株式会社,40:福岡県,19人,10-29人 / 主要都市圏,12.6,http://www.k-s-c.co.jp/,200,unavailable,,https://k-s-c.co.jp/recruit,https://k-s-c.co.jp/recruit,homepageAnchor,採用情報,ownDomain,high,200,allowed,採用情報 | 【KSC】九州システムコンサルティング株式会社,true,3,0,false,,false,2026-10-04T14:23:53.877Z
4370001053015,サイバーコム株式会社,04:宮城県,1305人,1000人以上 / その他,1,https://www.cy-com.co.jp/,200,allowed,,https://www.cy-com.co.jp/employ/,https://www.cy-com.co.jp/employ/,homepageAnchor,採用情報,ownDomain,high,200,allowed,サイバーコム株式会社｜採用サイト（新卒・キャリア）,true,1,0,false,,false,2026-10-04T14:23:43.523Z
4430001075259,株式会社イレブンソフト,01:北海道,19人,10-29人 / 主要都市圏,12.6,http://11-soft.com,200,allowed,,https://11-soft.com/recruit/,https://11-soft.com/recruit/,homepageAnchor,採用情報,ownDomain,high,200,allowed,採用情報 | 株式会社イレブンソフト,true,2,0,false,,false,2026-10-04T14:23:49.008Z
4500001004870,株式会社コモテック,38:愛媛県,11人,10-29人 / その他,8.6,https://www.comotec.ne.jp/index.shtml,200,allowed,,,,,,,,,,,,0,0,,,false,
5010001043934,恒和情報技研株式会社,13:東京都,112人,100-299人 / 東京,28.8,http://www.kjg.co.jp,200,allowed,,https://www.kjg.co.jp/recruitinfo/,https://www.kjg.co.jp/recruitinfo/,homepageAnchor,採用情報,ownDomain,high,200,allowed,採用情報| 恒和情報技研株式会社,true,5,0,false,,false,2026-10-04T14:23:56.353Z
5010001063230,株式会社ビルドシステム,09:栃木県,3人,1-4人 / その他,3.3333,http://www.buildsystems.jp,200,unavailable,,http://www.buildsystems.jp/Recruit.html,http://www.buildsystems.jp/Recruit.html,homepageAnchor,RECRUIT,ownDomain,high,200,unavailable,株式会社ビルドシステム Recruit,true,1,0,false,,false,2026-10-04T14:23:45.341Z
5010001148221,東京インタープレイ株式会社,13:東京都,8人,5-9人 / 東京,11.2143,http://www.tokyo-ip.co.jp/,200,unavailable,,https://recruit.jobcan.jp/sidebooks/,https://recruit.jobcan.jp/sidebooks/,homepageLinkToOfficialAts,詳細はこちら,atsHosted,medium,200,allowed,採用情報 | 東京インタープレイ株式会社,true,3,0,false,,false,2026-10-04T14:23:50.632Z
5010401032495,株式会社オープンドア,13:東京都,195人,100-299人 / 東京,28.8,http://www.opendoor.co.jp/,200,unavailable,,https://www.opendoor.co.jp/recruit/index.html,https://www.opendoor.co.jp/recruit/index.html,homepageAnchor,採用情報,ownDomain,high,200,unavailable,採用情報｜株式会社オープンドア,true,5,0,false,,false,2026-10-04T14:23:51.360Z
5010401068234,株式会社カザン,13:東京都,40人,30-99人 / 東京,25.1429,http://kazan.co.jp,200,allowed,,https://kazan.co.jp/recruit2/,https://kazan.co.jp/recruit2/,homepageAnchor,採用情報,ownDomain,high,200,allowed,採用情報 | 株式会社カザン,true,1,0,false,,false,2026-10-04T14:23:52.635Z
5010401110458,株式会社ローカルワークス,13:東京都,10人,10-29人 / 東京,19.9333,https://localworks.co.jp/,200,unavailable,,https://localworks.co.jp/recruit/index.html,https://localworks.co.jp/recruit/index.html,homepageAnchor,RECRUIT,ownDomain,high,200,unavailable,RECRUIT - 株式会社ローカルワークス,true,1,0,false,,false,2026-10-04T14:23:48.512Z
5010701020150,株式会社リンクアット・ジャパン,13:東京都,112人,100-299人 / 東京,28.8,https://www.la-j.com/,200,allowed,,https://recruit.la-j.com/,https://recruit.la-j.com/,homepageAnchor,RECRUIT 採用情報,ownDomain,high,200,allowed,LAJ RECRUIT SITE – リンクアット・ジャパンの採用サイトです。,true,1,0,false,,false,2026-10-04T14:23:53.091Z
5010701024705,株式会社ゆめも,13:東京都,25人,10-29人 / 東京,19.9333,http://www.yumemo.co.jp/,,unavailable,TypeError:ENOTFOUND,,,,,,,,,,,0,0,,,false,
5011101037603,クラスメソッド株式会社,13:東京都,562人,300-999人 / 東京,19.7857,https://classmethod.jp/company/overview/,200,allowed,,https://careers.classmethod.jp/,https://careers.classmethod.jp/,homepageAnchor,採用,ownDomain,high,200,allowed,クラスメソッド採用サイト,true,2,0,false,,false,2026-10-04T14:23:54.902Z
5011101042099,兼松グランクス株式会社,13:東京都,61人,30-99人 / 東京,25.1429,https://www.granks.co.jp/,200,allowed,,https://www.granks.co.jp/recruit,https://www.granks.co.jp/recruit,homepageAnchor,採用情報 Recruit,ownDomain,high,200,allowed,採用情報 | 兼松グランクス株式会社,true,1,0,false,,false,2026-10-04T14:23:54.895Z
5011101060984,株式会社サイバーテック,13:東京都,50人,30-99人 / 東京,25.1429,http://www.cybertech.co.jp/,200,allowed,,https://www.cybertech.co.jp/recruit/,https://www.cybertech.co.jp/recruit/,homepageAnchor,求人サイトはこちら,ownDomain,high,200,allowed,サイバーテック求人情報,true,4,0,false,https://www.cybertech.co.jp/recruit/,true,2026-10-04T14:24:00.305Z
5012702013389,株式会社イングリウッド,13:東京都,356人,300-999人 / 東京,19.7857,https://inglewood.co.jp,200,unavailable,,https://recruit.inglewood.co.jp/,https://recruit.inglewood.co.jp/,homepageAnchor,RECRUIT,ownDomain,high,200,unavailable,株式会社イングリウッド リクルートサイト,true,3,0,false,,false,2026-10-04T14:23:57.373Z
5020003020162,合同会社Ｌａｎｉ,14:神奈川県,4人,1-4人 / 主要都市圏,7.9333,https://lani.co.jp/,200,allowed,,,,,,,,,,,,0,4,,https://lani.co.jp/recruit,true,
5040001046876,株式会社ジィ・シィ企画,12:千葉県,131人,100-299人 / 主要都市圏,12.4,https://www.gck.co.jp/,200,allowed,,https://www.gck.co.jp/company/recruitment/,https://www.gck.co.jp/recruitment/,homepageAnchor,RECRUIT 採用情報,ownDomain,high,200,allowed,採用情報 | GC | 株式会社ジィ・シィ企画,true,1,0,false,,false,2026-10-04T14:23:58.879Z
5050001002358,株式会社ユードム,08:茨城県,429人,300-999人 / その他,5.4286,https://www.udom.co.jp/,200,allowed,,https://www.udom.co.jp/recruit/index.html,https://www.udom.co.jp/recruit/index.html,homepageAnchor,採用情報,ownDomain,high,200,allowed,採用情報｜株式会社ユードム,true,5,0,false,,false,2026-10-04T14:23:58.052Z
5070001003684,株式会社リサージュ,10:群馬県,12人,10-29人 / その他,8.6,http://www.lissaj.com,200,unavailable,,http://www.lissaj.com/recruit_rookie.html,http://www.lissaj.com/recruit_rookie.html,homepageAnchor,新卒採用募集要項,ownDomain,high,200,unavailable,株式会社リサージュ [新卒者 募集要項],true,2,0,false,,false,2026-10-04T14:23:58.023Z
5080101019877,株式会社フォレスタ,22:静岡県,4人,1-4人 / その他,3.3333,https://telwarp.co.jp/corporate/,200,allowed,,https://telwarp.co.jp/recruit/,https://telwarp.co.jp/recruit/,homepageAnchor,採用情報,ownDomain,high,200,allowed,採用情報 | テレワープ,true,1,0,false,,false,2026-10-04T14:23:59.785Z
5100001005339,使えるねっと株式会社,20:長野県,24人,10-29人 / その他,8.6,https://www.tsukaeru.net,200,allowed,,https://www.tsukaeru.net/recruit/,https://www.tsukaeru.net/recruit/,homepageAnchor,採用情報,ownDomain,high,200,allowed,使えるねっと RECRUIT,true,1,0,false,,false,2026-10-04T14:24:01.557Z
5100001018761,株式会社デジタル・スパイス,20:長野県,110人,100-299人 / その他,11.3333,https://www.digital-spice.co.jp,200,unavailable,,https://www.digital-spice.co.jp/recruit/recruit_carrier.html,https://www.digital-spice.co.jp/recruit/recruit_carrier.html,homepageAnchor,採用情報,ownDomain,high,200,unavailable,中途採用 | 株式会社デジタル・スパイス,true,8,0,false,,false,2026-10-04T14:24:01.210Z
5110001000181,株式会社ＩＴスクエア,15:新潟県,24人,10-29人 / その他,8.6,http://www.itsquare.co.jp,200,unavailable,,https://www.itsquare.co.jp/recruit/,https://www.itsquare.co.jp/recruit/,homepageAnchor,採用情報,ownDomain,high,200,unavailable,採用案内｜株式会社ＩＴスクエア,true,1,0,false,,false,2026-10-04T14:24:06.020Z
5120001054177,株式会社テイク－ワン,27:大阪府,100人,100-299人 / 主要都市圏,12.4,https://www.tk-1.co.jp/,200,allowed,,https://www.tk-1.co.jp/recruit/,https://www.tk-1.co.jp/recruit/,homepageAnchor,採用情報,ownDomain,high,200,allowed,採用情報｜株式会社テイク－ワン／TAKE-1 コンピュータシステムの設計構築運用,true,8,0,false,,false,2026-10-04T14:24:01.985Z
5120001073169,アイスター株式会社,27:大阪府,341人,300-999人 / 主要都市圏,6.1429,http://www.i-star.co.jp/,200,unavailable,,https://www.i-star.co.jp/recruit,https://www.i-star.co.jp/recruit/,homepageAnchor,採用情報,ownDomain,high,200,unavailable,採用情報 | アイスター株式会社,true,10,0,false,,false,2026-10-04T14:24:08.993Z
5120001103719,株式会社ブロードエンタープライズ,13:東京都,157人,100-299人 / 東京,28.8,https://broad-e.co.jp/,200,allowed,,https://broad-e.co.jp/recruittop/,https://broad-e.co.jp/recruittop/,homepageAnchor,採用情報,ownDomain,high,200,allowed,採用情報 ｜ 株式会社ブロードエンタープライズ,true,1,0,false,,false,2026-10-04T14:24:03.666Z
5120001190113,株式会社トイント,26:京都府,3人,1-4人 / 主要都市圏,7.9333,https://www.toint.co.jp/,200,allowed,,https://www.toint.co.jp/recruit/,https://www.toint.co.jp/recruit/,homepageAnchor,採用情報,ownDomain,high,200,allowed,採用情報 – 株式会社トイント,true,1,0,false,,false,2026-10-04T14:24:05.314Z
5190001029692,株式会社ＡＷＡ,23:愛知県,1人,1-4人 / 主要都市圏,7.9333,https://www.a-w-a.co.jp/,200,allowed,,https://a-w-a.co.jp/recruitment/,https://a-w-a.co.jp/recruitment/,homepageAnchor,採用情報,ownDomain,high,200,allowed,採用情報 | 株式会社AWA,true,1,0,true,,false,2026-10-04T14:24:08.181Z
5240001030554,株式会社コアシステムズ,34:広島県,25人,10-29人 / その他,8.6,http://www.coasystems.net/,200,allowed,,https://www.coasystems.net/recruit/,https://www.coasystems.net/recruit/,homepageAnchor,採用情報,ownDomain,high,200,allowed,採用情報（正社員／アルバイト） - 株式会社コアシステムズ,true,5,0,false,,false,2026-10-04T14:24:10.002Z
5290801002046,株式会社ゼンリン,40:福岡県,2441人,1000人以上 / 主要都市圏,3.6,http://www.zenrin.co.jp/,200,unavailable,,https://www.zenrin.co.jp/company/saiyo/index.html,https://www.zenrin.co.jp/company/saiyo/index.html,homepageAnchor,採用情報,ownDomain,high,200,unavailable,採用情報 | 株式会社ゼンリン,true,1,0,false,,false,2026-10-04T14:24:09.885Z
5330001001488,株式会社ＫＩＳ,43:熊本県,308人,300-999人 / その他,5.4286,https://www.kis.co.jp/company_next/,200,allowed,,https://www.kis.co.jp/recruit/,https://www.kis.co.jp/recruit/,homepageUrlPattern,リクルートサイト,ownDomain,medium,200,allowed,KISリクルートサイト｜熊本のIT企業で、人と繋がり成長しよう,true,1,0,false,https://www.kis.co.jp/recruit/,true,2026-10-04T14:24:08.573Z
5360001017713,株式会社いえらぶ琉球,47:沖縄県,56人,30-99人 / その他,11.2667,http://www.ielove-ryukyu.co.jp/,200,unavailable,,https://recruit.ielove-ryukyu.co.jp/,https://recruit.ielove-ryukyu.co.jp/,homepageAnchor,Recruit Recruit,ownDomain,high,200,allowed,沖縄のIT企業で働く｜株式会社いえらぶ琉球 採用サイト,true,1,0,false,,false,2026-10-04T14:24:08.825Z
5370001008075,株式会社コンピュータシステム研究所,04:宮城県,523人,300-999人 / その他,5.4286,https://www.cstnet.co.jp,200,allowed,,https://www.cstnet.co.jp/recruit/index.html,https://www.cstnet.co.jp/recruit/index.html,homepageAnchor,採用情報,ownDomain,high,200,allowed,採用情報｜株式会社 コンピュータシステム研究所,true,1,0,false,,false,2026-10-04T14:24:09.149Z
5390001002621,株式会社ハイテックシステム,06:山形県,21人,10-29人 / その他,8.6,https://www.hightech.co.jp,200,unavailable,,https://www.hightech.co.jp/recruit/index.html,https://www.hightech.co.jp/recruit/,homepageAnchor,採用情報,ownDomain,high,200,unavailable,株式会社ハイテックシステム リクルートサイト | HighTechSystem,true,1,0,false,,false,2026-10-04T14:24:10.954Z
5430001073807,株式会社シンカリンク,01:北海道,2人,1-4人 / 主要都市圏,7.9333,https://sinka.link,200,unavailable,,,,,,,,,,,,0,0,,,false,
6010001121012,ナショナルソフトウェア株式会社,13:東京都,328人,300-999人 / 東京,19.7857,https://www.nationalsoftware.co.jp/,200,allowed,,https://www.nationalsoftware.co.jp/recruit,https://www.nationalsoftware.co.jp/recruit/,homepageAnchor,RECRUIT 採用情報 文系でも理系でも、 新卒でも第二新卒でも。,ownDomain,high,200,allowed,ナショナルソフトウェア採用サイト,true,3,0,false,,false,2026-10-04T14:24:14.623Z
6010001127835,ディー・アール・テクノロジー株式会社,13:東京都,56人,30-99人 / 東京,25.1429,https://www.drtech.jp/,200,allowed,,https://www.drtech.jp/recruit/,https://www.drtech.jp/recruit/,homepageAnchor,採用情報,ownDomain,high,200,allowed,採用情報 – ディー・アール・テクノロジー株式会社,true,1,0,false,,false,2026-10-04T14:24:12.376Z
6010001202415,株式会社イーズライフテクノロジー,13:東京都,1人,1-4人 / 東京,12.6,https://www.easelifetec.co.jp/,200,unavailable,,https://www.easelifetec.co.jp/recruit.html,https://www.easelifetec.co.jp/recruit.html,homepageAnchor,採用情報,ownDomain,high,200,unavailable,採用-イーズライフテクノロジー,true,1,0,false,,false,2026-10-04T14:24:12.190Z
6010401058119,株式会社キーウォーカー,13:東京都,87人,30-99人 / 東京,25.1429,https://recruit.keywalker.co.jp/#data,200,allowed,,https://recruit.keywalker.co.jp/,https://recruit.keywalker.co.jp/,robotsSitemap,,ownDomain,medium,200,allowed,採用情報 – 株式会社キーウォーカー,true,9,2,false,,false,2026-10-04T14:24:15.724Z
6010401078785,三井情報株式会社,13:東京都,2020人,1000人以上 / 東京,9.8,http://www.mki.co.jp/index.html,,unavailable,TimeoutError,,,,,,,,,,,0,0,,,false,
6010401188246,株式会社ロクス,13:東京都,5人,5-9人 / 東京,11.2143,https://roks.co.jp/company/,200,allowed,,,,,,,,,,,,0,3,,,false,
6010701025710,株式会社日立システムズ,13:東京都,10285人,1000人以上 / 東京,9.8,https://www.hitachi-systems.com/,200,allowed,,https://www.hitachi-systems.com/recruit/index.html,https://www.hitachi-systems.com/recruit/index.html,homepageAnchor,採用情報,ownDomain,high,200,allowed,採用情報：株式会社日立システムズ,true,1,0,false,,false,2026-10-04T14:24:13.162Z
6011101047015,株式会社フルエナジー,13:東京都,9人,5-9人 / 東京,11.2143,http://fullenergy.co.jp,200,allowed,,https://fullenergy.co.jp/recruit/,https://fullenergy.co.jp/recruit/,homepageAnchor,採用情報,ownDomain,high,200,allowed,採用情報｜株式会社フルエナジーの採用情報を掲載しています,true,1,0,false,,false,2026-10-04T14:24:21.013Z
6011101084784,株式会社ＲＵＮＷＡＹＳ,13:東京都,2人,1-4人 / 東京,12.6,https://runways.co.jp/,200,allowed,,https://runways.co.jp/recruit/,https://runways.co.jp/recruit/,homepageAnchor,RECRUIT 採用情報,ownDomain,high,200,allowed,"採用情報 – RUNWAYS, Inc.",true,1,0,false,,false,2026-10-04T14:24:16.124Z
6013301041516,ハーツテクノロジー株式会社,14:神奈川県,31人,30-99人 / 主要都市圏,13.4286,https://www.hearts-tech.co.jp/hearts-blog/20200219/,200,unavailable,,https://recruit.hearts-tech.co.jp/,https://recruit.hearts-tech.co.jp/,homepageAnchor,採用情報,ownDomain,high,200,unavailable,ハーツテクノロジー採用サイト,true,1,0,false,,false,2026-10-04T14:24:22.141Z
6020001009165,株式会社ネオジャパン,14:神奈川県,170人,100-299人 / 主要都市圏,12.4,https://www.neo.co.jp/corp/outline/plans.html,404,allowed,http_404,,,,,,,,,,,0,2,,,false,
6020001029691,株式会社ＹＳＬソリューション,14:神奈川県,413人,300-999人 / 主要都市圏,6.1429,https://www.ysl.co.jp/,200,allowed,,https://www.ysl.co.jp/recruit/,https://www.ysl.co.jp/recruit/,homepageAnchor,採用情報,ownDomain,high,200,allowed,採用情報 - YSLソリューション,true,5,0,false,,false,2026-10-04T14:24:18.223Z
6020001036754,株式会社プロスター,14:神奈川県,4人,1-4人 / 主要都市圏,7.9333,http://www.prostar.co.jp/,200,unavailable,,https://www.prostar.co.jp/recruit,https://www.prostar.co.jp/recruit,homepageAnchor,Recruit / 求人情報,ownDomain,high,200,unavailable,求人情報｜株式会社プロスター,true,1,0,false,,false,2026-10-04T14:24:24.463Z
6030001054094,株式会社ＥＭメディア,11:埼玉県,3人,1-4人 / 主要都市圏,7.9333,https://eigohiroba.jp/,200,allowed,,https://all-eikaiwa.com/rarejob-trial/,https://all-eikaiwa.com/rarejob-trial/,homepageUrlPattern,口コミ・詳細を見る,otherDomain,low,200,allowed,レアジョブ英会話のレッスンを3回受講してみた正直な感想・口コミ【体験記】｜おすすめオンライン英会話 | ALL英会話,false,1,0,false,,false,2026-10-04T14:24:21.874Z
6030001065018,株式会社アルファプラス,11:埼玉県,29人,10-29人 / 主要都市圏,12.6,https://www.alphaplus.co.jp/,200,unavailable,,https://www.alphaplus.co.jp/recruit,https://www.alphaplus.co.jp/recruit/,homepageAnchor,採用情報,ownDomain,high,200,unavailable,採用情報 - 株式会社アルファプラス,true,2,0,false,,false,2026-10-04T14:24:21.467Z
6030001094396,株式会社グッドエレファント,45:宮崎県,7人,5-9人 / その他,4.6429,https://good-elephant.co.jp/,200,allowed,,https://recruit.good-elephant.co.jp/,https://recruit.good-elephant.co.jp/,homepageUrlPattern,リクルートサイトはこちら,ownDomain,low,403,unavailable,,,1,0,,,false,2026-10-04T14:24:23.407Z
6050001037106,株式会社茨城新聞社,08:茨城県,207人,100-299人 / その他,11.3333,https://ibarakinews.jp/top.php,200,allowed,,https://corp.ibarakinews.jp/employ/,https://corp.ibarakinews.jp/employ/,homepageAnchor,採用情報,ownDomain,high,200,allowed,採用情報 - 茨城新聞社,true,3,0,false,,false,2026-10-04T14:24:32.347Z
6070001035719,株式会社ｋａｏｉｒｉ,10:群馬県,13人,10-29人 / その他,8.6,https://kaoiri.co.jp/,200,allowed,,https://kaoiri.co.jp/recruit,https://kaoiri.co.jp/recruit/,homepageAnchor,採用情報,ownDomain,high,200,allowed,採用情報 - 株式会社kaoiri,true,2,0,false,,false,2026-10-04T14:24:29.476Z
6080101001198,株式会社コサウェル,22:静岡県,316人,300-999人 / その他,5.4286,http://www.cosawell.co.jp,200,allowed,,https://cosawell-recruit.jp/,,homepageLinkOffDomain,採用,otherDomain,low,,,,,1,0,,,false,
6100001012664,株式会社アドヴァンスト・インフォーメイション・デザイン,20:長野県,645人,300-999人 / その他,5.4286,https://www.a-i-d.co.jp/company/diversity.html,404,allowed,http_404,https://www.a-i-d.co.jp/recruit,https://www.a-i-d.co.jp/recruit,robotsSitemap,,ownDomain,medium,200,allowed,AID｜採用情報,true,6,3,false,,false,2026-10-04T14:24:31.487Z
6110001018644,アグリノート株式会社,15:新潟県,37人,30-99人 / その他,11.2667,https://water-cell.jp/,200,allowed,,https://www.agri-note.co.jp/recruit/,https://www.agri-note.co.jp/recruit/,homepageAnchor,採用情報,otherDomain,high,200,unavailable,採用情報｜アグリノート株式会社,true,1,0,false,,false,2026-10-04T14:24:27.178Z
6120001059605,株式会社朝日新聞社,27:大阪府,3651人,1000人以上 / 主要都市圏,3.6,https://www.asahi.com/corporate/info/14728559,200,allowed,,https://www.asahishimbun-saiyou.com/?ref=cs_header_202106,,homepageLinkOffDomain,採用情報,otherDomain,low,,,,,1,3,,,false,
6120001126768,フィラーシステムズ株式会社,27:大阪府,117人,100-299人 / 主要都市圏,12.4,https://www.fsz.co.jp,200,unavailable,,https://www.fsz.co.jp/?page_id=9032,https://www.fsz.co.jp/?page_id=9032,homepageAnchor,採用,ownDomain,high,200,unavailable,採用｜採用 | FeelerSystemZ,true,1,0,false,,false,2026-10-04T14:24:28.387Z
6122001025685,株式会社インテリオール,27:大阪府,3人,1-4人 / 主要都市圏,7.9333,http://interiall.jp/,200,allowed,,https://interiall.jp/recruit/,https://interiall.jp/recruit/,homepageAnchor,採用情報,ownDomain,high,200,allowed,株式会社インテリオール 採用サイト,true,1,0,false,,false,2026-10-04T14:24:36.480Z
6130001021019,株式会社ＪＳＰ,26:京都府,5人,5-9人 / 主要都市圏,5.5,http://jsp.ne.jp/,200,allowed,,https://jsp.ne.jp/recruit/,https://jsp.ne.jp/recruit/,homepageAnchor,採用情報,ownDomain,high,200,allowed,採用情報｜株式会社メディカルJSP,true,1,0,false,,false,2026-10-04T14:24:34.964Z
6140001070262,株式会社フルノソフテック,28:兵庫県,64人,30-99人 / 主要都市圏,13.4286,https://www.furunosoftech.co.jp,200,allowed,,https://furunosoftech.co.jp/recruit/,https://furunosoftech.co.jp/recruit/,homepageAnchor,RECRUIT,ownDomain,high,200,allowed,RECRUIT | 株式会社フルノソフテック,true,1,0,false,,false,2026-10-04T14:24:38.363Z
6180001060227,デジタルミックス株式会社,23:愛知県,51人,30-99人 / 主要都市圏,13.4286,http://www.digitalmix.jp/,200,allowed,,https://www.digitalmix.jp/partner/,https://www.digitalmix.jp/partner/,homepageAnchor,業務パートナー募集,ownDomain,high,200,allowed,業務パートナー募集フォーム | デジタルミックス株式会社,true,3,0,false,,false,2026-10-04T14:24:37.512Z
6200001041216,センシア株式会社,21:岐阜県,1人,1-4人 / その他,3.3333,https://sensia.co.jp/,200,allowed,,,,,,,,,,,,0,2,,,false,
6220001002760,株式会社コスモビジネス,17:石川県,45人,30-99人 / その他,11.2667,http://www.csn.co.jp/cb/,200,unavailable,,https://www.csn.co.jp/cb/saiyou.html,https://www.csn.co.jp/cb/saiyou.html,homepageAnchor,採用情報,ownDomain,high,200,unavailable,採用情報｜株式会社コスモビジネス,true,1,0,false,,false,2026-10-04T14:24:39.466Z
6220001026074,株式会社システムサポート,17:石川県,1370人,1000人以上 / その他,1,https://www.sts-inc.co.jp,200,allowed,,https://www.sts-inc.co.jp/recruit/,https://www.sts-inc.co.jp/recruit/,homepageAnchor,採用情報,ownDomain,high,200,allowed,株式会社システムサポート 採用サイト,true,1,0,false,,false,2026-10-04T14:24:35.547Z
6270001004959,株式会社アピオン,31:鳥取県,7人,5-9人 / その他,4.6429,https://www.apionet.or.jp,200,allowed,,https://www.apionet.or.jp/company/recruit.html,https://www.apionet.or.jp/company/recruit.html,homepageUrlPattern,リクルート,ownDomain,medium,200,allowed,リクルート｜アピオンについて｜鳥取倉吉のインターネットサービスプロバイダーのアピオン,true,1,0,false,,false,2026-10-04T14:24:38.172Z
6290001024245,株式会社パーソン,40:福岡県,12人,10-29人 / 主要都市圏,12.6,http://www.person3.com/,200,allowed,,https://www.person3.com/recruit.html,https://www.person3.com/recruit.html,homepageAnchor,採用情報,ownDomain,high,200,allowed,採用情報 | 株式会社パーソン,true,1,0,false,,false,2026-10-04T14:24:44.143Z
6320001001562,ＡＩＤＡ　ＬＩＮＫ株式会社,44:大分県,36人,30-99人 / その他,11.2667,https://aida-link.com/,200,allowed,,https://aida-link.com/recruit,https://aida-link.com/recruit/,homepageAnchor,採用サイト,ownDomain,high,200,allowed,アイダリンク株式会社 採用サイト | 大分で、笑顔の種をまく,true,2,0,false,,false,2026-10-04T14:24:44.261Z
6320001005266,株式会社クオックス,44:大分県,9人,5-9人 / その他,4.6429,https://qox.jp/,200,unavailable,,https://qox.jp/recruit/,https://qox.jp/recruit/,homepageAnchor,採用情報,ownDomain,high,200,unavailable,採用情報 - 株式会社クオックス｜QOX Inc.,true,1,0,false,,false,2026-10-04T14:24:41.030Z
6430001022250,株式会社ＨＤＣ,01:北海道,365人,300-999人 / 主要都市圏,6.1429,https://hdcweb.lilac.co.jp/company/geap/goapn/,200,allowed,,https://hdcweb.lilac.co.jp/recruit/,https://hdcweb.lilac.co.jp/recruit/,homepageAnchor,採用サイト Recruit,ownDomain,high,200,allowed,株式会社HDC 採用サイト,true,1,0,false,,false,2026-10-04T14:24:43.103Z
6500001002963,南海放送株式会社,38:愛媛県,116人,100-299人 / その他,11.3333,https://www.rnb.co.jp/,200,allowed,,https://www.rnb.co.jp/saiyo/,https://www.rnb.co.jp/saiyo/,homepageAnchor,採用情報,ownDomain,high,200,allowed,採用情報｜RNB 南海放送,true,6,0,false,,false,2026-10-04T14:24:41.325Z
7010001022317,株式会社ダンクソフト,13:東京都,28人,10-29人 / 東京,19.9333,https://www.dunksoft.com/,200,allowed,,https://www.dunksoft.com/recruit,https://www.dunksoft.com/recruit,homepageAnchor,採用情報,ownDomain,high,200,allowed,採用情報 &mdash; ダンクソフト,true,1,0,false,,false,2026-10-04T14:24:42.518Z
7010001241767,株式会社ありあまる,13:東京都,6人,5-9人 / 東京,11.2143,https://ariamaru.co.jp/about/,200,allowed,,https://www.vrejob.jp/,,homepageLinkOffDomain,ヴィレジョブ Vrejob,otherDomain,low,,,,,1,3,,,false,
7010001247946,株式会社マクロミル,13:東京都,1308人,1000人以上 / 東京,9.8,http://www.macromill.com/,200,allowed,,https://www.macromill.com/recruit/,https://www.macromill.com/recruit/,homepageAnchor,採用情報,ownDomain,high,200,allowed,採用情報 | 株式会社マクロミル 採用サイト,true,2,0,false,,false,2026-10-04T14:24:49.119Z
7010401018749,電通工業株式会社,13:東京都,183人,100-299人 / 東京,28.8,https://www.dentsu.ne.jp/,200,allowed,,https://www.dentsu.ne.jp/2027%e5%b9%b43%e6%9c%88%e5%8d%92%e3%80%80%e6%96%b0%e5%8d%92%e6%8e%a1%e7%94%a8%e3%81%ae%e3%81%8a%e7%9f%a5%e3%82%89%e3%81%9b/,https://www.dentsu.ne.jp/2027%e5%b9%b43%e6%9c%88%e5%8d%92%e3%80%80%e6%96%b0%e5%8d%92%e6%8e%a1%e7%94%a8%e3%81%ae%e3%81%8a%e7%9f%a5%e3%82%89%e3%81%9b/,homepageAnchor,2027年3月卒 新卒採用のお知らせ,ownDomain,high,200,allowed,2027年3月卒 新卒採用のお知らせ | 電通工業,true,3,0,false,,false,2026-10-04T14:24:45.180Z
7010401027345,株式会社報知新聞社,13:東京都,531人,300-999人 / 東京,19.7857,http://www.hochi.co.jp/,200,unavailable,,https://www.hochi.co.jp/saiyo/,https://www.hochi.co.jp/saiyo/,homepageAnchor,採用情報,ownDomain,high,200,unavailable,採用情報 | 報知新聞社,true,6,0,false,,false,2026-10-04T14:24:50.412Z
7010401053829,株式会社電通総研,13:東京都,2502人,1000人以上 / 東京,9.8,https://www.dentsusoken.com/,200,unavailable,,https://www.dentsusoken.com/recruit/,https://www.dentsusoken.com/recruit,homepageAnchor,採用,ownDomain,high,200,unavailable,採用情報 | 電通総研,true,1,0,false,,false,2026-10-04T14:24:48.082Z
7010401089880,エキサイト株式会社,13:東京都,131人,100-299人 / 東京,28.8,https://www.excite.co.jp/,200,allowed,,https://www.wantedly.com/companies/excite/,,homepageLinkToJobPlatform,採用情報,jobPlatform,low,,,,,1,1,,,false,
7010401098601,株式会社協栄情報,13:東京都,315人,300-999人 / 東京,19.7857,https://www.cp-info.co.jp/,200,unavailable,,https://www.cp-info.co.jp/recruit/,https://www.cp-info.co.jp/recruit/,homepageAnchor,Recruit 採用情報,ownDomain,high,200,unavailable,採用情報 | 株式会社協栄情報,true,4,0,false,,false,2026-10-04T14:24:47.464Z
7010401173214,株式会社Ｐｈｏｔｉａ,13:東京都,1人,1-4人 / 東京,12.6,https://photia.co.jp/,200,allowed,,,,,,,,,,,,0,2,,,false,
7010701023110,株式会社ＥＳＮＡ,13:東京都,70人,30-99人 / 東京,25.1429,http://www.esna.jp/,200,allowed,,https://esna.jp/recruit/,https://esna.jp/recruit/,homepageAnchor,採用情報,ownDomain,high,200,allowed,採用情報 | ITインフラ構築・運用は株式会社ESNA,true,4,0,false,,false,2026-10-04T14:24:55.541Z
7011001116975,株式会社Ｕ‐ＮＥＸＴ,13:東京都,659人,300-999人 / 東京,19.7857,https://www.unext.co.jp/ja,200,unavailable,,https://careers.unext.co.jp/,https://careers.unext.co.jp/,homepageAnchor,採用情報,ownDomain,high,200,unavailable,U-NEXT キャリア,true,1,0,false,,false,2026-10-04T14:24:50.929Z
7011001168604,エデュニア株式会社,13:東京都,2人,1-4人 / 東京,12.6,https://edunear.com/,200,allowed,,,,,,,,,,,,0,3,,,false,
7011101033773,ＳＢテクノロジー株式会社,13:東京都,1165人,1000人以上 / 東京,9.8,https://www.softbanktech.co.jp/corp/hr/personnel-policies/women-careers/,200,allowed,,,,,,,,,,,,0,0,,,false,
7011101071501,株式会社アルビノ,13:東京都,3人,1-4人 / 東京,12.6,https://www.albino.co.jp/about/,200,allowed,,https://www.albino.co.jp/simulator-employment-insurance/,https://www.albino.co.jp/simulator-employment-insurance/,homepageUrlPattern,雇用保険料,ownDomain,low,200,allowed,雇用保険料の計算シミュレーション 2026年度（令和8年度） | 株式会社アルビノ,false,4,0,false,https://www.albino.co.jp/recruit/,true,2026-10-04T14:24:52.670Z
7011801027752,株式会社ディリット,14:神奈川県,5人,5-9人 / 主要都市圏,5.5,https://diritto.co.jp/,200,unavailable,,,,,,,,,,,,0,0,,,false,
7012701001368,株式会社サンエフ,13:東京都,49人,30-99人 / 東京,25.1429,http://www.sanefu.com/index.php,200,allowed,,https://sanefu.com/recruit/recruit-top/,https://sanefu.com/recruit/recruit-top/,homepageAnchor,採用情報トップ,ownDomain,high,200,allowed,採用情報トップ | 採用情報 | 株式会社サンエフ,true,5,0,false,,false,2026-10-04T14:25:00.222Z
7021001009146,システムワークスジャパン株式会社,14:神奈川県,48人,30-99人 / 主要都市圏,13.4286,https://swj.co.jp/,200,allowed,,https://www.swj.co.jp/recruit,https://www.swj.co.jp/recruit/,homepageAnchor,採用情報,ownDomain,high,200,allowed,採用情報 | システムワークスジャパン（SWJ）,true,4,0,false,,false,2026-10-04T14:25:01.300Z
7040001097570,株式会社アリエ,12:千葉県,14人,10-29人 / 主要都市圏,12.6,https://www.aryeh.co.jp,200,unavailable,,https://www.aryeh.co.jp/recruit/,https://www.aryeh.co.jp/recruit/,homepageAnchor,採用情報,ownDomain,high,200,unavailable,recruit – 株式会社アリエ,true,1,0,false,,false,2026-10-04T14:24:55.515Z
7070001035437,ＬＯＣＡＬ　ＰＯＷＥＲ株式会社,10:群馬県,1人,1-4人 / その他,3.3333,https://local-power.co.jp/actionplan,200,allowed,,,,,,,,,,,,0,0,,,false,
7100001035895,株式会社Ｃｒｅａｔｏｐｉａ,47:沖縄県,2人,1-4人 / その他,3.3333,https://creatopia.jp,200,allowed,,https://creatopia.jp/media/81589,https://creatopia.jp/media/81589,homepageAnchor,【採用担当必見】スカウト生成にChatGPTを使っている人、これを読んでほしい,ownDomain,high,200,allowed,【採用担当必見】スカウト生成にChatGPTを使っている人、これを読んでほしい｜Creatopia Media,true,1,0,false,,false,2026-10-04T14:24:58.329Z
7120001093280,日本ソフトウエア株式会社,27:大阪府,123人,100-299人 / 主要都市圏,12.4,https://www.nsware.co.jp/,200,unavailable,,https://www.nsware.co.jp/career/,https://www.nsware.co.jp/career/,homepageAnchor,キャリア採用情報,ownDomain,high,200,unavailable,募集要項－キャリア採用－日本ソフトウエア株式会社,true,8,0,false,,false,2026-10-04T14:24:57.442Z
7130001075856,プロエンジニア株式会社,26:京都府,8人,5-9人 / 主要都市圏,5.5,https://proengineer.co.jp/,200,allowed,,https://proengineer.co.jp/393/,https://proengineer.co.jp/393/,homepageAnchor,2025.07.09 プレスリリース 地方企業の採用難を救う「おまかせ採用さん」導入事例公開、商標登録も完了,ownDomain,high,200,allowed,地方企業の採用難を救う「おまかせ採用さん」導入事例公開、商標登録も完了 | プロエンジニア株式会社,true,1,0,false,,false,2026-10-04T14:24:57.974Z
7140001007718,コベルコシステム株式会社,28:兵庫県,1301人,1000人以上 / 主要都市圏,3.6,http://www.kobelcosys.co.jp,200,unavailable,,https://www.kobelcosys.co.jp/recruit/,https://www.kobelcosys.co.jp/recruit/,homepageAnchor,採用情報,ownDomain,high,200,unavailable,採用情報｜ITソリューション&サービスならコベルコシステム,true,4,0,false,,false,2026-10-04T14:25:03.411Z
7140003013284,株式会社ＩＬＫＳ,28:兵庫県,6人,5-9人 / 主要都市圏,5.5,https://ilks.jp,200,allowed,,,,,,,,,,,,0,0,,,false,
7160001009266,株式会社ナックウェブ,25:滋賀県,7人,5-9人 / その他,4.6429,https://www.nakweb.com/,200,allowed,,https://recruit.nakweb.co.jp/,,homepageLinkOffDomain,採用情報,otherDomain,low,,,,,1,2,,,false,
7180001038759,トーテックアメニティ株式会社,23:愛知県,2786人,1000人以上 / 主要都市圏,3.6,http://www.totec.jp/,200,unavailable,,https://totec-recruit.com/,,homepageLinkOffDomain,採用情報,otherDomain,low,,,,,9,0,,,false,
7180001084497,株式会社ケイ・クリエイト,23:愛知県,29人,10-29人 / 主要都市圏,12.6,http://www.k-create.co.jp,200,allowed,,https://www.k-create.co.jp/recruit/new_grad,https://www.k-create.co.jp/,homepageAnchor,新卒採用情報,ownDomain,high,200,allowed,地域みっちゃく生活情報誌くれよん｜一宮市木曽川町 ケイ・クリエイト｜デザイン・印刷・ホームページ制作 | 地域みっちゃく生活情報誌くれよん｜一宮市木曽川町 ケイ・クリエイト｜デザイン・印刷・ホームページ制作,true,9,0,false,,false,2026-10-04T14:25:05.358Z
7180001121985,株式会社スタメン,23:愛知県,161人,100-299人 / 主要都市圏,12.4,https://biz.tunag.jp/company,200,allowed,,https://biz.tunag.jp/download/wp67_casestudy_part-time-job,https://biz.tunag.jp/download/wp67_casestudy_part-time-job,robotsSitemap,,ownDomain,low,200,allowed,【アルバイト編】導入事例集 | TUNAG(ツナグ),false,1,1,false,,false,2026-10-04T14:25:03.190Z
7190001010568,株式会社松阪電子計算センター,24:三重県,310人,300-999人 / その他,5.4286,https://www.matsusaka.co.jp/effort.html,200,allowed,,,,,,,,,,,,0,2,,,false,
7200001012075,株式会社アクシス,21:岐阜県,25人,10-29人 / その他,8.6,https://www.axis-corp.com/,200,allowed,,https://www.axis-corp.com/recruit,https://www.axis-corp.com/recruit,homepageAnchor,採用情報,ownDomain,high,200,allowed,採用情報-株式会社アクシス,true,12,0,false,,false,2026-10-04T14:25:05.321Z
7200001030597,株式会社ＬｉｎｋＳｔｏｒｙ,21:岐阜県,3人,1-4人 / その他,3.3333,https://linkstory.co.jp/,200,allowed,,https://recruit.linkstory.co.jp/,https://recruit.linkstory.co.jp/,homepageAnchor,採用情報,ownDomain,high,200,allowed,LinkStory採用特設サイト,true,1,0,false,,false,2026-10-04T14:25:07.668Z
7230001005373,株式会社高志インテック,16:富山県,531人,300-999人 / その他,5.4286,https://www.koushi-intec.co.jp/,200,unavailable,,https://www.koushi-intec.co.jp/recruit/,https://www.koushi-intec.co.jp/recruit/,homepageAnchor,採用情報,ownDomain,high,200,unavailable,採用情報 | 高志インテック,true,2,0,false,,false,2026-10-04T14:25:06.868Z
7240001010645,平和情報システム株式会社,34:広島県,27人,10-29人 / その他,8.6,https://www.heiwa-joho.co.jp,200,unavailable,,https://www.heiwa-joho.co.jp/jobs/index.html,https://www.heiwa-joho.co.jp/jobs/index.html,homepageAnchor,▸採用情報,ownDomain,high,200,unavailable,平和情報システム株式会社,true,4,0,false,,false,2026-10-04T14:25:06.766Z
7290001006630,応研株式会社,40:福岡県,380人,300-999人 / 主要都市圏,6.1429,http://www.ohken.co.jp,200,allowed,,https://www.ohken.co.jp/recruit/,https://www.ohken.co.jp/recruit/,homepageAnchor,採用情報,ownDomain,high,200,allowed,採用情報｜応研株式会社,true,2,0,false,,false,2026-10-04T14:25:09.467Z
7290001006977,株式会社ＱＴｎｅｔ,40:福岡県,1136人,1000人以上 / 主要都市圏,3.6,http://www.qtnet.co.jp/,200,unavailable,,https://www.qtnet.co.jp/recruit/,https://www.qtnet.co.jp/recruit/,homepageAnchor,採用情報,ownDomain,high,200,unavailable,株式会社QTnet 採用情報,true,2,0,false,,false,2026-10-04T14:25:13.343Z
7290001060000,株式会社ｕｚｕｆａｃｔｏｒｙ,40:福岡県,11人,10-29人 / 主要都市圏,12.6,http://www.uzuuzu.jp/,200,allowed,,,,,,,,,,,,0,0,,,false,
7330001000364,株式会社イノス,43:熊本県,137人,100-299人 / その他,11.3333,http://www.inos.co.jp,200,allowed,,https://www.inos.co.jp/recruit/,https://www.inos.co.jp/recruit/,homepageAnchor,採用情報,ownDomain,high,200,allowed,株式会社イノス &raquo; 採用情報,true,7,0,false,,false,2026-10-04T14:25:12.506Z
7370001013734,株式会社アイムワン,04:宮城県,64人,30-99人 / その他,11.2667,https://www.imone.co.jp/,200,allowed,,,,,,,,,,,,0,0,,,false,
7400001000480,株式会社技電工業,03:岩手県,17人,10-29人 / その他,8.6,http://www.giden.co.jp,200,unavailable,,https://www.giden.co.jp/pages/30/,https://www.giden.co.jp/pages/30/,homepageAnchor,採用特設サイト,ownDomain,high,200,unavailable,採用特設サイト｜株式会社技電工業（公式ホームページ）,true,2,0,false,,false,2026-10-04T14:25:15.610Z
7410001004472,ノリット・ジャポン株式会社,05:秋田県,40人,30-99人 / その他,11.2667,http://www.norit.jp/,200,allowed,,https://www.norit.jp/recruit/,https://www.norit.jp/recruit/,homepageAnchor,Recruit 採用情報,ownDomain,high,200,allowed,Recruit | ノリット・ジャポン株式会社,true,1,0,false,,false,2026-10-04T14:25:14.941Z
7430001022225,株式会社ＮＴＴデータ北海道,01:北海道,316人,300-999人 / 主要都市圏,6.1429,https://www.nttdata-hokkaido.co.jp/,200,unavailable,,https://www.nttdata-hokkaido.co.jp/recruit/,https://www.nttdata-hokkaido.co.jp/recruit/,homepageAnchor,採用情報,ownDomain,high,200,unavailable,RECRUIT SITE｜株式会社NTTデータ北海道,true,1,0,false,,false,2026-10-04T14:25:10.835Z
7470001001910,株式会社四国電子計算センター,37:香川県,54人,30-99人 / その他,11.2667,https://www.scc21.co.jp/company/plan.html,,unavailable,TypeError:UNABLE_TO_VERIFY_LEAF_SIGNATURE,,,,,,,,,,,0,0,,,false,
8010401084443,ＮＲＩセキュアテクノロジーズ株式会社,13:東京都,658人,300-999人 / 東京,19.7857,https://www.nri-secure.co.jp/,200,allowed,,https://www.nri-secure.co.jp/recruiting,https://www.nri-secure.co.jp/recruiting,homepageAnchor,採用情報,ownDomain,high,200,allowed,採用情報 / 情報セキュリティのNRIセキュア,true,4,0,false,,false,2026-10-04T14:25:12.674Z
8010601024653,ユニアデックス株式会社,13:東京都,2507人,1000人以上 / 東京,9.8,https://www.uniadex.co.jp/sustainability/,200,allowed,,https://www.uniadex.co.jp/recruit/,https://www.uniadex.co.jp/recruit/,homepageAnchor,採用 情報,ownDomain,high,200,allowed,採用情報｜ユニアデックス株式会社,true,2,0,false,,false,2026-10-04T14:25:14.753Z
8010701003350,株式会社ＣＳＭソリューション,13:東京都,250人,100-299人 / 東京,28.8,https://www.cosmo.co.jp/company/activity/,200,allowed,,https://www.cosmo.co.jp/recruit,https://www.cosmo.co.jp/recruit/,homepageAnchor,採用情報 Recruit,ownDomain,high,200,allowed,株式会社CSMソリューション 採用情報 | 一緒に明日を切り開きましょう ～次世代のエンジニアになる、あなたに期待しています～,true,1,0,false,,false,2026-10-04T14:25:17.446Z
8011101045347,株式会社クロスゲームズ,13:東京都,130人,100-299人 / 東京,28.8,https://www.cross-games.jp/,200,unavailable,,https://www.cross-games.jp/recruit/,https://www.cross-games.jp/recruit/,homepageAnchor,採用情報,ownDomain,high,200,unavailable,ゲーム開発の採用情報｜求人・キャリア募集｜クロスゲームズ,true,2,0,false,,false,2026-10-04T14:25:15.677Z
8011401023647,株式会社テクノイド,13:東京都,2人,1-4人 / 東京,12.6,https://technoid.co.jp/,200,allowed,,,,,,,,,,,,0,0,,,false,
8012801006761,株式会社テイルウィンドシステム,13:東京都,225人,100-299人 / 東京,28.8,https://www.tailwind.co.jp/,200,allowed,,https://www.tailwind.co.jp/recruit/,https://www.tailwind.co.jp/recruit/,homepageAnchor,採用情報,ownDomain,high,200,allowed,採用 - テイルウィンドシステム,true,7,0,false,,false,2026-10-04T14:25:17.185Z
8013201010775,株式会社ブイキューブ,13:東京都,344人,300-999人 / 東京,19.7857,https://contents.xj-storage.jp/xcontents/05997/df7b520d/fb39/454b/bc02/a66b8f1e0d4c/S100Y1NL.pdf,,blocked,blocked_by_robots,,,,,,,,,,,0,0,,,false,
8013301007853,テラテクノロジー株式会社,13:東京都,357人,300-999人 / 東京,19.7857,https://www.teratech.co.jp/,200,allowed,,https://www.teratech.co.jp/recruit/,https://www.teratech.co.jp/recruit/,homepageAnchor,採用情報,ownDomain,high,200,allowed,テラテクノロジー株式会社 採用サイト,true,1,0,false,,false,2026-10-04T14:25:18.057Z
8020001071758,ＮＲＩシステムテクノ株式会社,14:神奈川県,406人,300-999人 / 主要都市圏,6.1429,http://www.nri-st.co.jp/,200,unavailable,,https://www.nri-st.co.jp/recruit/,https://www.nri-st.co.jp/recruit/,homepageAnchor,採用情報トップ,ownDomain,high,200,unavailable,採用情報 | NRIシステムテクノ株式会社,true,17,0,false,,false,2026-10-04T14:25:22.255Z
8021001008106,株式会社ＦＶコンサルティング,14:神奈川県,1人,1-4人 / 主要都市圏,7.9333,https://fv-shonan.com/,200,allowed,,,,,,,,,,,,0,0,,,false,
8021001065353,株式会社Ｌｉｂｅｒｔａｄ,14:神奈川県,4人,1-4人 / 主要都市圏,7.9333,https://libertad-inc.co.jp/wp/company/,200,unavailable,,,,,,,,,,,,0,0,,,false,
8030001075015,彩ネット株式会社,11:埼玉県,22人,10-29人 / 主要都市圏,12.6,http://www.sainet.ne.jp/,200,allowed,,https://www.sainet.ne.jp/corporation/recruit/,https://www.sainet.ne.jp/corporation/recruit/,homepageAnchor,採用情報,ownDomain,high,200,allowed,採用情報 – SaiNet – 彩ネット株式会社,true,1,0,false,,false,2026-10-04T14:25:23.906Z
8040001063472,株式会社エヌアイデイ,12:千葉県,1148人,1000人以上 / 主要都市圏,3.6,http://www.nid.co.jp/,404,unavailable,http_404,,,,,,,,,,,0,0,,,false,
8080102016301,有限会社アイ・プランニング,22:静岡県,9人,5-9人 / その他,4.6429,http://www.iplan-inc.com,,unavailable,TimeoutError,,,,,,,,,,,0,0,,,false,
8080401020581,株式会社ネクサス,22:静岡県,235人,100-299人 / その他,11.3333,https://www.nexus-nt.co.jp/,200,allowed,,https://recruit.nexus-nt.co.jp/,https://recruit.nexus-nt.co.jp/,homepageAnchor,RECRUIT,ownDomain,high,200,allowed,株式会社ネクサス採用サイト｜新卒・中途のITエンジニア募集,true,1,0,false,,false,2026-10-04T14:25:25.923Z
8090001002302,株式会社山梨文化会館,19:山梨県,898人,300-999人 / その他,5.4286,http://www.sannichi-ybs.co.jp/,200,allowed,,https://www.sannichi-ybs.co.jp/SAIYOU/,https://www.sannichi-ybs.co.jp/SAIYOU,homepageUrlPattern,,ownDomain,medium,200,allowed,山日YBSグループ 採用情報 | 山日YBSグループ あなたの、いちばんメディア。,true,1,0,false,,false,2026-10-04T14:25:23.937Z
8110001022198,株式会社ＮＳ・コンピュータサービス,15:新潟県,515人,300-999人 / その他,5.4286,https://nscs.jp/,200,unavailable,,https://nscs.jp/recruit/,https://nscs.jp/recruit/,homepageAnchor,採用情報,ownDomain,high,200,unavailable,採用情報 | 株式会社ＮＳ・コンピュータサービス,true,12,0,false,,false,2026-10-04T14:25:23.972Z
8120001123045,株式会社スクラムソフトウェア,27:大阪府,13人,10-29人 / 主要都市圏,12.6,http://www.scrumsoftware.co.jp/,200,unavailable,,https://scrumsoftware.co.jp/recruit,https://scrumsoftware.co.jp/recruit/,homepageAnchor,中途採用,ownDomain,high,200,allowed,,true,3,0,false,,false,2026-10-04T14:25:32.332Z
8120901048770,株式会社ＶＯＬＴＭＩＮＤ,27:大阪府,6人,5-9人 / 主要都市圏,5.5,https://voltmind.jp/,200,allowed,,https://voltmind.jp/news/press260203/,,homepageAnchorNegativePath,【東京都協定事業】フォースタートアップス運営の組織支援プログラム「SCALE program」で、AI社会実装を支える採用・組織基盤構築へ プレスリリース,ownDomain,low,,,,,1,3,,,false,
8140001109141,株式会社ＮＯＧＩＣ,13:東京都,5人,5-9人 / 東京,11.2143,https://www.nogic.co.jp/,200,allowed,,https://nogic.co.jp/recruit/,https://nogic.co.jp/recruit/,homepageAnchor,RECRUIT 採用情報,ownDomain,high,200,allowed,採用情報 - 株式会社NOGIC,true,3,0,false,,false,2026-10-04T14:25:31.709Z
8180001030616,株式会社システムリサーチ,23:愛知県,1548人,1000人以上 / 主要都市圏,3.6,https://www.sr-net.co.jp/,200,allowed,,https://recruit.sr-net.co.jp/,https://recruit.sr-net.co.jp/,homepageAnchor,新卒採用,ownDomain,high,200,allowed,新卒採用サイト｜株式会社システムリサーチ,true,8,0,false,,false,2026-10-04T14:25:32.201Z
8180001142015,株式会社ＡＩＴＣ,23:愛知県,7人,5-9人 / 主要都市圏,5.5,https://aitc.co.jp/about-us/,200,allowed,,,,,,,,,,,,0,3,,,false,
8190001000873,株式会社ビーイング,24:三重県,332人,300-999人 / その他,5.4286,https://www.beingcorp.co.jp/corporate/,200,allowed,,https://www.beingcorp.co.jp/corporate/recruit/,https://www.beingcorp.co.jp/corporate/recruit/,homepageAnchor,採用情報,ownDomain,high,200,allowed,採用情報 | ビーイング,true,8,0,false,,false,2026-10-04T14:25:27.439Z
8190001001070,株式会社アレクシード,24:三重県,106人,100-299人 / その他,11.3333,http://www.allexceed.co.jp/,200,unavailable,,https://www.allexceed.co.jp/recruit/,https://www.allexceed.co.jp/recruit/,homepageAnchor,採用特設サイト,ownDomain,high,200,unavailable,採用情報｜Allexceed,true,2,0,false,,false,2026-10-04T14:25:36.956Z
8190001026472,株式会社アスターリンク,24:三重県,4人,1-4人 / その他,3.3333,https://aster-link.co.jp/,200,allowed,,https://www.aster-link.co.jp/recruit/,https://www.aster-link.co.jp/recruit/,homepageAnchor,採用情報を見る,ownDomain,high,200,allowed,採用情報,true,1,0,false,https://www.aster-link.co.jp/recruit/,true,2026-10-04T14:25:36.146Z
8200003004359,合同会社Ｃ７,23:愛知県,6人,5-9人 / 主要都市圏,5.5,https://c7-int.co.jp/,200,unavailable,,,,,,,,,,,,0,0,,,false,
8220001002008,株式会社金沢エンジニアリングシステムズ,17:石川県,146人,100-299人 / その他,11.3333,https://kanazawa-es.co.jp/,200,allowed,,https://kanazawa-es.co.jp/recruit/,https://kanazawa-es.co.jp/recruit/,homepageAnchor,採用情報,ownDomain,high,200,allowed,採用情報 - 株式会社金沢エンジニアリングシステムズ,true,8,0,false,,false,2026-10-04T14:25:38.652Z
8240001008754,株式会社ハイエレコン,34:広島県,266人,100-299人 / その他,11.3333,https://www.hek.co.jp/,200,unavailable,,https://www.hek.co.jp/recruit/,https://www.hek.co.jp/recruit/,homepageAnchor,採用情報,ownDomain,high,200,unavailable,ハイエレコン採用サイト | 株式会社ハイエレコン,true,2,0,false,,false,2026-10-04T14:25:37.756Z
8260001007077,株式会社両備システムズ,33:岡山県,1966人,1000人以上 / その他,1,http://www.ryobi.co.jp/,,unavailable,TimeoutError,,,,,,,,,,,0,0,,,false,
8320001001478,株式会社スリーエイ・システム,44:大分県,245人,100-299人 / その他,11.3333,https://www.aaa-system.co.jp/,200,allowed,,https://www.aaa-system.co.jp/recruit/,https://www.aaa-system.co.jp/recruit/,homepageAnchor,採用情報 Recruit,ownDomain,high,200,allowed,採用情報 | 株式会社スリーエイ・システム,true,2,0,false,,false,2026-10-04T14:25:36.230Z
8330001017176,株式会社ウディスソフト研究所,43:熊本県,5人,5-9人 / その他,4.6429,https://www.udissoftlab.com/,200,unavailable,,https://www.udissoftlab.com/?page_id=1457,https://www.udissoftlab.com/?page_id=1457,homepageAnchor,採用情報,ownDomain,high,200,unavailable,採用情報 | 株式会社ウディスソフト研究所,true,3,0,false,,false,2026-10-04T14:25:37.069Z
8410001000330,株式会社秋田魁新報社,05:秋田県,238人,100-299人 / その他,11.3333,https://www.sakigake.jp/company/,200,allowed,,https://corp.sakigake.jp/recruit,https://corp.sakigake.jp/recruit,robotsSitemap,,ownDomain,medium,200,allowed,秋田魁新報社採用情報,true,4,3,false,,false,2026-10-04T14:25:46.170Z
8430001041505,株式会社アイコン,01:北海道,40人,30-99人 / 主要都市圏,13.4286,https://iconfor.co.jp,200,allowed,,https://iconfor.co.jp/recruit,https://iconfor.co.jp/recruit/,homepageAnchor,RECRUIT,ownDomain,high,200,allowed,RECRUIT | iCON,true,5,0,false,,false,2026-10-04T14:25:43.132Z
8500001014453,株式会社フロントエンド,38:愛媛県,17人,10-29人 / その他,8.6,https://www.frontend.co.jp/,200,allowed,,https://www.frontend.co.jp/recruit/,https://www.frontend.co.jp/recruit/,homepageAnchor,採用情報,ownDomain,high,200,allowed,採用情報 – 株式会社フロントエンド,true,6,0,false,,false,2026-10-04T14:25:41.461Z
9010001093967,株式会社クロノス,13:東京都,24人,10-29人 / 東京,19.9333,http://www.cronus.co.jp,200,unavailable,,,,,,,,,,,,0,0,,,false,
9010001146832,株式会社メディアスクエア,13:東京都,19人,10-29人 / 東京,19.9333,https://www.media-square.co.jp/,200,unavailable,,https://www.media-square.co.jp/recruit/,https://www.media-square.co.jp/recruit/,homepageAnchor,RECRUIT,ownDomain,high,200,unavailable,採用情報｜価値あるクラウドサービスを創造する｜株式会社メディアスクエア,true,1,0,false,,false,2026-10-04T14:25:40.958Z
9010401028746,三菱電機ソフトウエア株式会社,13:東京都,5300人,1000人以上 / 東京,9.8,https://www.mesw.co.jp,200,allowed,,https://www.mesw.co.jp/recruit/index.html,https://www.mesw.co.jp/recruit/index.html,homepageAnchor,採用情報,ownDomain,high,200,allowed,希望の開発を、ともに。 - 採用情報 - 三菱電機ソフトウエア,true,1,0,false,,false,2026-10-04T14:25:41.770Z
9010701009710,株式会社メトロ,13:東京都,378人,300-999人 / 東京,19.7857,https://www.metro.co.jp/,200,allowed,,https://www.metro.co.jp/recruit/,https://www.metro.co.jp/recruit/,homepageAnchor,採用情報,ownDomain,high,200,allowed,採用情報 | 株式会社メトロ,true,3,0,false,,false,2026-10-04T14:25:44.146Z
9011001007669,株式会社光言社,13:東京都,38人,30-99人 / 東京,25.1429,https://www.kogensha.jp/,200,unavailable,,,,,,,,,,,,0,0,,,false,
9011001065980,株式会社Ｇｅｎｇｏ,14:神奈川県,30人,30-99人 / 主要都市圏,13.4286,https://gengo.com/ja/,200,allowed,,http://careers.gengo.com/,http://careers.gengo.com/,homepageAnchor,📣 営業、デザイン、エンジニア職を中心に積極採用中！ 詳細・ご応募はこちら。,ownDomain,low,403,unavailable,,,2,0,,,false,2026-10-04T14:25:46.580Z
9011001073901,株式会社ハニカムラボ,13:東京都,20人,10-29人 / 東京,19.9333,https://www.honeycomb-lab.co.jp/,200,allowed,,https://www.honeycomb-lab.co.jp/recruit,https://www.honeycomb-lab.co.jp/recruit,homepageAnchor,RECRUIT,ownDomain,high,200,allowed,株式会社ハニカムラボ | RECRUIT,true,1,0,false,,false,2026-10-04T14:25:46.405Z
9011001129389,株式会社ＳａｌｅｓＮｏｗ,13:東京都,8人,5-9人 / 東京,11.2143,https://salesnow.jp/,200,allowed,,https://salesnow.jp/case/020/,https://salesnow.jp/case/020/,homepageAnchor,株式会社クラウドワークス 導入2週間でアポイント獲得率2.75倍を実現。SalesNowを活用して顕在化した採用ニーズを持つ日本の全ての企業に対して接点づくりをしていきます。 2011年11月 Webアプリ・サービス運営 詳細を見る,ownDomain,high,200,allowed,株式会社クラウドワークス | SalesNow導入事例,true,3,0,false,,false,2026-10-04T14:25:46.416Z
9011001144371,株式会社プラウドロード,13:東京都,4人,1-4人 / 東京,12.6,http://zedia-g.jp,,unavailable,TypeError:ENOTFOUND,,,,,,,,,,,0,0,,,false,
9011101077216,ＪＮＩアドパートナーズ株式会社,27:大阪府,6人,5-9人 / 主要都市圏,5.5,http://in-st.co.jp/,200,unavailable,,,,,,,,,,,,0,0,,,false,
9012401021581,第一ライフテクノクロス株式会社,13:東京都,1499人,1000人以上 / 東京,9.8,https://www.dl-techx.com/,200,unavailable,,https://www.dl-techx.com/recruit/,https://www.dl-techx.com/recruit/,homepageAnchor,採用情報,ownDomain,high,200,unavailable,第一ライフテクノクロス株式会社 採用サイト,true,1,0,false,,false,2026-10-04T14:25:49.355Z
9013301035259,株式会社テクノ情報シンク,13:東京都,30人,30-99人 / 東京,25.1429,http://www.tj-think.co.jp,200,unavailable,,http://www.tj-think.co.jp/recruit/,http://www.tj-think.co.jp/recruit/,homepageAnchor,採用情報,ownDomain,high,200,unavailable,採用情報｜株式会社テクノ情報シンク,true,1,0,false,,false,2026-10-04T14:25:49.503Z
9013301044029,株式会社リヤン,13:東京都,4人,1-4人 / 東京,12.6,https://rise-co.info/,200,allowed,,,,,,,,,,,,0,3,,,false,
9020001007959,株式会社日立情報通信エンジニアリング,14:神奈川県,2906人,1000人以上 / 主要都市圏,3.6,http://www.hitachi-ite.co.jp/,200,unavailable,,https://www.hitachi-ite.co.jp/recruit/index.html,https://www.hitachi-ite.co.jp/recruit/index.html,homepageAnchor,採用情報,ownDomain,high,200,unavailable,採用情報：日立情報通信エンジニアリング,true,4,0,false,,false,2026-10-04T14:25:54.302Z
9020001088561,株式会社エヴァーグリーン,14:神奈川県,24人,10-29人 / 主要都市圏,12.6,http://www.ever-g.co.jp/,200,unavailable,,https://en-gage.net/evergreen/,https://en-gage.net/evergreen/,homepageLinkToOfficialAts,募集情報,atsHosted,high,200,allowed,株式会社エヴァーグリーンの採用・求人情報-engage,true,2,0,false,,false,2026-10-04T14:25:53.415Z
9021001020308,デジタルプロセス株式会社,14:神奈川県,450人,300-999人 / 主要都市圏,6.1429,http://www.dipro.co.jp/,,unavailable,TypeError:UND_ERR_CONNECT_TIMEOUT,,,,,,,,,,,0,0,,,false,
9021001062291,株式会社カブキ,14:神奈川県,5人,5-9人 / 主要都市圏,5.5,https://kabuki-inc.co.jp/,200,allowed,,https://kabuki-inc.co.jp/recruit/,https://kabuki-inc.co.jp/recruit,homepageAnchor,採用情報,ownDomain,high,200,allowed,採用 - 株式会社カブキ,true,1,0,false,,false,2026-10-04T14:25:54.670Z
9110001016983,ドコドア株式会社,15:新潟県,43人,30-99人 / その他,11.2667,https://docodoor.com/recruit/,200,allowed,,https://docodoor.com/recruit/,https://docodoor.com/recruit/,homepageAnchor,採用情報,ownDomain,high,200,allowed,"採用情報 | ドコドア株式会社 docodoor, Inc.",true,20,0,false,,false,2026-10-04T14:25:56.504Z
9120001186660,株式会社アイティジョイン,27:大阪府,20人,10-29人 / 主要都市圏,12.6,https://www.itjoin.co.jp,200,unavailable,,https://itjoin-recruit.com/,,homepageLinkOffDomain,採用情報,otherDomain,low,,,,,2,0,,,false,
9120001189275,株式会社ＭＳＥＮ,27:大阪府,6人,5-9人 / 主要都市圏,5.5,https://msen.jp,200,allowed,,https://msen.jp/recruit/,https://msen.jp/recruit/,homepageAnchor,採用情報,ownDomain,high,200,allowed,採用情報 | MSEN Inc.,true,4,0,false,,false,2026-10-04T14:25:57.394Z
9120001237348,株式会社Ｒｅｔｅｒｎｏ,27:大阪府,1人,1-4人 / 主要都市圏,7.9333,https://reterno.jp/,200,allowed,,,,,,,,,,,,0,2,,,false,
9130001000572,株式会社ＫＹＯＳＯ,26:京都府,507人,300-999人 / 主要都市圏,6.1429,http://www.kyoso.co.jp/,200,allowed,,https://recruit.kyoso.co.jp/,https://recruit.kyoso.co.jp/,homepageAnchor,New Graduate Recruitment 新卒採用,ownDomain,high,200,allowed,ＫＹＯＳＯ 採用サイト（新卒）,true,3,0,false,,false,2026-10-04T14:26:03.330Z
9210001011363,株式会社Ｉｎｔｅｒｆａｃｅ,18:福井県,3人,1-4人 / その他,3.3333,https://interface-inc.jp/,200,allowed,,https://interface-inc.jp/recruit/,https://interface-inc.jp/recruit/,homepageAnchor,採用情報,ownDomain,high,200,allowed,採用サイト｜株式会社インターフェイス,true,1,0,false,,false,2026-10-04T14:26:00.431Z
9240001009850,株式会社日立ソリューションズ西日本,34:広島県,1793人,1000人以上 / その他,1,https://www.hitachi-solutions-west.co.jp/sustainability/workstyle/,200,allowed,,,,,,,,,,,,0,0,,,false,
9240001045664,株式会社パプリカ,34:広島県,2人,1-4人 / その他,3.3333,https://paprica.co.jp/index.html,200,unavailable,,,,,,,,,,,,0,0,,,false,
9260001000262,株式会社アストロ,33:岡山県,33人,30-99人 / その他,11.2667,https://www.astroinc.co.jp,200,unavailable,,https://www.astroinc.co.jp/html/recruit.html,https://www.astroinc.co.jp/html/recruit.html,homepageAnchor,採用情報,ownDomain,high,200,unavailable,採用情報 ｜ 株式会社アストロ ｜ 課題を解決するシステム開発コンサルティング,true,3,0,false,,false,2026-10-04T14:26:02.103Z
9290001013369,株式会社サンクライム,40:福岡県,34人,30-99人 / 主要都市圏,13.4286,https://www.sunclimb.co.jp/,200,allowed,,https://www.sunclimb.co.jp/recruit,https://www.sunclimb.co.jp/recruit,homepageAnchor,採用情報,ownDomain,high,200,allowed,採用情報 | 株式会社サンクライム,true,2,0,false,,false,2026-10-04T14:26:06.207Z
9290001097189,九州朝日放送株式会社,40:福岡県,206人,100-299人 / 主要都市圏,12.4,https://kbc.co.jp/company/profile/csr.php,200,unavailable,,https://kbc.co.jp/recruit/,https://kbc.co.jp/recruit/,homepageAnchor,採用情報,ownDomain,high,200,unavailable,採用情報 ～KBC RECRUITING SITE～｜KBC九州朝日放送,true,2,0,false,,false,2026-10-04T14:26:03.562Z
9290003017599,スマートランク合同会社,40:福岡県,1人,1-4人 / 主要都市圏,7.9333,https://smartrank.co.jp/,200,allowed,,,,,,,,,,,,0,3,,,false,
9430001038814,ジャスティン株式会社,01:北海道,28人,10-29人 / 主要都市圏,12.6,https://www.justin-inc.com/,200,unavailable,,https://www.justin-inc.com/recruit.html,https://www.justin-inc.com/recruit.html,homepageAnchor,採用情報,ownDomain,high,200,unavailable,採用情報|ジャスティン株式会社,true,1,0,false,,false,2026-10-04T14:26:06.645Z
9470001001883,株式会社ＳＴＮｅｔ,37:香川県,780人,300-999人 / その他,5.4286,https://www.stnet.co.jp/,200,unavailable,,,,,,,,,,,,0,0,,,false,
