corporateNumber,company,jobTitle,jobUrl,employmentType,location,salaryMin,salaryMax,salaryUnit,salarySource,secondNewGrad,inexperienced,recentGraduate,potentialHire,experienceYearsMin,practicalExperience,training,remote,fullRemote,portfolio,requiredSkills,preferredSkills,fetchedAt,source,httpStatus,robotsStatus,hostCategory,looksLikeJobDetail,pageTitle
1010601050631,株式会社ヘーゼルエンジニアリング,recruit,https://www.hazel-engineering.com/about-7-1,正社員,,,,,,false,true,false,false,,false,false,true,false,false,応募資格: 新卒:高卒以上 年齢・性別不問 ※未経験:29歳位まで ※年数、言語問わず開発経験をお持ちの方は歓迎します ご応募・ご質問につきましては、大変お手数ではありますが,,2026-10-04T14:37:06.360Z,html:recruitmentPageAsSinglePosting,200,allowed,ownDomain,true,recruit | hazel
1011001038424,株式会社ニックス,Mid-career Recruitment 中途採用,https://www.nics.co.jp/recruit/career-offer/,正社員,東京都,,,,,false,false,false,false,,true,false,false,false,false,応募資格: 学歴不問 IT業界での実務経験をお持ちの方 システムを一貫して手掛ける達成感や醍醐味を感じたい方を歓迎します SE経験が浅い方も歓迎です。これからSEとして経験を積みたい方も大歓迎! あなたの経験・スキル・希望を考慮し、最適なプロジェクトに参画して頂きます。 社員と一緒に行動し、プロジェクトのレクチャーを受けながら業務,,2026-10-04T14:37:09.312Z,html,200,unavailable,ownDomain,true,中途採用 | 株式会社ニックス（NICS）
1011001038424,株式会社ニックス,New Graduate Recruitment 新卒採用,https://www.nics.co.jp/recruit/rookie-offer/,正社員,東京都,,,,,false,false,true,false,,false,false,false,false,false,,,2026-10-04T14:37:12.335Z,html,200,unavailable,ownDomain,true,新卒採用 | 株式会社ニックス（NICS）
1011101045361,株式会社フリーウェイジャパン,リクルート,https://freeway-japan.com/recruit.html,,,,,,,false,false,false,false,,false,false,false,false,false,,,2026-10-04T14:37:08.034Z,html:recruitmentPageAsSinglePosting,200,allowed,ownDomain,true,リクルート｜無料クラウドシステムのフリーウェイシリーズを提供 株式会社フリーウェイジャパン
1020001038458,株式会社アナザーウェア,募集|システムエンジニア,https://www.another-ware.co.jp/recruit/mid-career/se/,正社員,神奈川県,4000000,,YEAR,html:年収下限のみ,false,false,false,false,3,false,false,false,false,false,必須条件: ソフトウェア開発経験3年以上 【,歓迎条件: Java / PHP / .net 開発経験者 Android / iOS 開発経験者 今後のコンサルティング業務など、より上流工程へのキャリアアップを目指す方 成長志向の高い方 コミュニケーションが得意な方 勤務先 【本社】 横浜市西区みなとみらい3-7-1 オーシャンゲートみなとみらい 8F (みなとみらい線 みな,2026-10-04T14:37:10.086Z,html,200,allowed,ownDomain,true,募集｜システムエンジニア – 株式会社 アナザーウェア
1020001038458,株式会社アナザーウェア,募集|プログラマー,https://www.another-ware.co.jp/recruit/mid-career/pg/,正社員,神奈川県,3500000,,YEAR,html:年収下限のみ,false,false,false,false,,false,true,false,false,false,必須条件: ソフトウェア開発経験(プログラム言語問わず) 【,歓迎条件: Java / PHP / .net 開発経験者 Android / iOS 開発経験者 成長志向の高い方 コミュニケーションが得意な方 勤務先 【本社】 横浜市西区みなとみらい3-7-1 オーシャンゲートみなとみらい 8F (みなとみらい線 みなとみらい駅 徒歩2分) 【横浜オフィス】 横浜市神奈川区鶴屋町2-21-8,2026-10-04T14:37:11.706Z,html,200,allowed,ownDomain,true,募集｜プログラマー – 株式会社 アナザーウェア
1020001038458,株式会社アナザーウェア,募集|IoT(組込み)エンジニア,https://www.another-ware.co.jp/recruit/mid-career/embeded-engineer/,正社員,神奈川県,4000000,,YEAR,html:年収下限のみ,false,false,false,false,3,false,true,false,false,false,"必須条件: C,C++でのソフトウェア開発経験3年以上 【","歓迎条件: 組み込みC/C++開発経験者 Linuxドライバ開発経験者 マイコンアプリ開発経験者 リアルタイムOS,ノンOSアプリ開発経験者 Android / iOS 開発経験者 成長志向の高い方 コミュニケーションが得意な方 勤務先 【本社】 横浜市西区みなとみらい3-7-1 オーシャンゲートみなとみらい 8F (みなとみらい",2026-10-04T14:37:13.347Z,html,200,allowed,ownDomain,true,募集｜IoT（組込み）エンジニア – 株式会社 アナザーウェア
1020001038458,株式会社アナザーウェア,募集|ITコンサルタント,https://www.another-ware.co.jp/recruit/mid-career/it-consultant/,正社員,神奈川県,4000000,,YEAR,html:年収下限のみ,false,true,false,false,,true,true,false,false,false,必須条件: IT業界における業務経験 SEのご経験をお持ちの方 ITを使ったビジネス課題解決に興味をお持ちの方 上記のいずれかに当てはまる方 【,歓迎条件: コンサルティングの実務経験 プロジェクトマネージャー(PM)・プロジェクトリーダー(PL)経験 成長志向の高い方 コミュニケーションが得意な方 勤務先 【本社】 横浜市西区みなとみらい3-7-1 オーシャンゲートみなとみらい 8F (みなとみらい線 みなとみらい駅 徒歩2分) 【横浜オフィス】 横浜市神奈川区鶴屋町2-,2026-10-04T14:37:14.971Z,html,200,allowed,ownDomain,true,募集｜ITコンサルタント – 株式会社 アナザーウェア
1020001038458,株式会社アナザーウェア,募集|データサイエンティスト,https://www.another-ware.co.jp/recruit/mid-career/data-scientist/,正社員,神奈川県,8000000,,YEAR,html:年収下限のみ,false,false,false,false,,false,false,false,false,false,必須条件: 数理統計学の基礎知識 Rによるデータ解析経験 データと粘り強く格闘できる方 能動的に活動できる方 コミュニケーション能力 プレゼンテーション能力 勤務先 【本社】 横浜市西区みなとみらい3-7-1 オーシャンゲートみなとみらい 8F (みなとみらい線 みなとみらい駅 徒歩2分) 【横浜オフィス】 横浜市神奈川区鶴屋町2,,2026-10-04T14:37:16.603Z,html,200,allowed,ownDomain,true,募集｜データサイエンティスト – 株式会社 アナザーウェア
1020001038458,株式会社アナザーウェア,募集|インフラエンジニア,https://www.another-ware.co.jp/recruit/mid-career/infrastructure-engineer/,正社員,神奈川県,4000000,,YEAR,html:年収下限のみ,false,false,false,false,,false,true,false,false,false,必須条件: サーバー、ネットワーク、データベース、セキュリティのいずれかの構築経験者 【,歓迎条件: サーバー、ネットワーク、データベース、セキュリティの設計経験者 高度情報処理技術者試験、LPIC、Cisco、VMware、Oracle、Microsoftの有資格者 成長志向の高い方 コミュニケーションが得意な方 勤務先 【本社】 横浜市西区みなとみらい3-7-1 オーシャンゲートみなとみらい 8F (みなとみらい線,2026-10-04T14:37:18.228Z,html,200,allowed,ownDomain,true,募集｜インフラエンジニア – 株式会社 アナザーウェア
1020001038458,株式会社アナザーウェア,募集|システム運用エンジニア,https://www.another-ware.co.jp/recruit/mid-career/system-operation-engineer/,正社員,神奈川県,2800000,,YEAR,html:年収下限のみ,false,true,false,false,,false,true,false,false,false,必須条件: PCに興味があり、PC操作が好きな方 Microsoft Officeの基本操作ができる方 【,歓迎条件: システム運用経験者 IT業界での業務経験 英語の得意な方 成長志向の高い方 コミュニケーションが得意な方 勤務先 【本社】 横浜市西区みなとみらい3-7-1 オーシャンゲートみなとみらい 8F (みなとみらい線 みなとみらい駅 徒歩2分) 【横浜オフィス】 横浜市神奈川区鶴屋町2-21-8 第1安田ビル6F(横浜駅きた,2026-10-04T14:37:19.852Z,html,200,allowed,ownDomain,true,募集｜システム運用エンジニア – 株式会社 アナザーウェア
1020001038458,株式会社アナザーウェア,募集|サポートデスク / ヘルプデスク,https://www.another-ware.co.jp/recruit/mid-career/support-desk/,正社員,神奈川県,2800000,,YEAR,html:年収下限のみ,false,true,false,false,,false,true,false,false,false,必須条件: PCに興味があり、PC操作が好きな方 Microsoft Officeの基本操作ができる方 【,歓迎条件: システム運用経験者 IT業界での業務経験 英語の得意な方 成長志向の高い方 コミュニケーションが得意な方 勤務先 【本社】 横浜市西区みなとみらい3丁目71 オーシャンゲートみなとみらい 8F (みなとみらい線 みなとみらい駅 徒歩2分) 【横浜オフィス】 横浜市神奈川区鶴屋町2-21-8 第1安田ビル6階(横浜駅きた,2026-10-04T14:37:21.475Z,html,200,allowed,ownDomain,true,募集｜サポートデスク / ヘルプデスク – 株式会社 アナザーウェア
1070001001056,ぐんぎんシステムサービス株式会社,採用情報,https://www.gss.co.jp/recruit/index.html,,,,,,,false,false,false,false,,false,true,false,false,false,,,2026-10-04T14:37:09.466Z,html:recruitmentPageAsSinglePosting,200,unavailable,ownDomain,true,採用情報｜ぐんぎんシステムサービス株式会社
1140001068336,株式会社関電システムズ,SE職・IT業界を知る 採用イベント,https://kanden-sys.jp/recruit/new_graduate/recruitingevent/,,,,,,,false,false,false,false,,false,false,false,false,false,,,2026-10-04T14:37:18.689Z,html,200,unavailable,ownDomain,true,採用イベント｜関電システムズ 採用情報
1370001009911,株式会社日立ソリューションズ東日本,新卒採用,https://www.hitachi-solutions-east.co.jp/recruitment/recruit/bosyuu/,,,,,,,false,false,true,false,,false,true,false,false,false,応募資格: 2027年3月 大学院、大学、高専、専門学校、短大を卒業予定の方(既卒者の応募可) 理系、文系とも全学科を対象としています。 プログラミング経験は問いません。 勤務条件,,2026-10-04T14:37:21.992Z,html,200,allowed,ownDomain,true,募集要項：採用サイト：日立ソリューションズ東日本
2010501019247,株式会社ＮＥＳＩ,キャリア採用の募集職種,https://www.nesi.co.jp/recruit/career/,,青森県 | 福島県 | 茨城県 | 福井県,,,,,false,false,false,false,,false,false,false,false,false,,,2026-10-04T14:37:20.291Z,html,200,unavailable,ownDomain,true,採用情報｜株式会社ＮＥＳＩ
2010601038584,日本電子計算株式会社,採用情報 障がい者採用,https://www.jip.co.jp/recruitinfo/career2/,,東京都,,,,,false,false,false,false,,false,false,false,false,false,応募資格: 障害者手帳をお持ちの方,,2026-10-04T14:37:20.377Z,html,200,allowed,ownDomain,true,障がい者採用｜採用情報｜日本電子計算(JIP)
2011001058413,株式会社ビズリーチ,MLOpsエンジニア/ プロダクト,https://hrmos.co/pages/hrmos/jobs/1833714253672083594,FULL_TIME,東京都 渋谷区 渋谷2丁目17-1,5000000,12000000,YEAR,jsonld:baseSalary,false,false,false,false,,false,false,true,false,false,,,2026-10-04T14:37:23.385Z,jsonld,200,unavailable,atsHosted,true,
2011001058413,株式会社ビズリーチ,法人向けコンサルタント(リーダー・マネージャー候補)/ 事業(名古屋オフィス),https://hrmos.co/pages/hrmos/jobs/1833714253672083628,FULL_TIME,愛知県 名古屋市中村区 名駅1-1-1,6000000,8000000,YEAR,jsonld:baseSalary,false,false,false,false,,false,false,true,false,false,,,2026-10-04T14:37:24.977Z,jsonld,200,unavailable,atsHosted,true,
2011001058413,株式会社ビズリーチ,大手企様向け組織・採用コンサルタント/ 事業部 名古屋オフィス,https://hrmos.co/pages/hrmos/jobs/1833714253672083630,FULL_TIME,愛知県 名古屋市中村区 名駅1-1-1,5500000,7500000,YEAR,jsonld:baseSalary,false,false,false,false,,false,false,true,false,false,,,2026-10-04T14:37:26.541Z,jsonld,200,unavailable,atsHosted,true,
2011001058413,株式会社ビズリーチ,【 の新たな柱を作る】両面コンサルタント/エージェント推進室,https://hrmos.co/pages/hrmos/jobs/1833714253672083634,FULL_TIME,東京都 渋谷区 渋谷2-12-4 | 大阪府 大阪市北区 大深町4番20号 グランフロント大阪 タワーA 25階,5000000,15000000,YEAR,jsonld:baseSalary,false,false,false,false,,false,false,true,false,false,,,2026-10-04T14:37:28.103Z,jsonld,200,unavailable,atsHosted,true,
2011001058413,株式会社ビズリーチ,マーケティング/HRMOS事業部,https://hrmos.co/pages/hrmos/jobs/1833714253672083658,FULL_TIME,東京都 渋谷区 渋谷2丁目17-1,5500000,8500000,YEAR,jsonld:baseSalary,false,true,false,false,,false,false,true,false,false,,,2026-10-04T14:37:29.672Z,jsonld,200,unavailable,atsHosted,true,
2011001058413,株式会社ビズリーチ,カスタマーサクセス/ 事業部 中四国オフィス(広島勤務),https://hrmos.co/pages/hrmos/jobs/1833714253672083659,FULL_TIME,広島県 広島市中区 八丁,5500000,7500000,YEAR,jsonld:baseSalary,false,false,false,false,,false,false,true,false,false,,,2026-10-04T14:37:32.808Z,jsonld,200,unavailable,atsHosted,true,
2011001058413,株式会社ビズリーチ,【AI×Management】AI検索エンジニア/社長室,https://hrmos.co/pages/hrmos/jobs/1833714253672083737,FULL_TIME,東京都 渋谷区 渋谷2丁目17-1,7000000,12000000,YEAR,jsonld:baseSalary,false,false,false,false,,true,false,true,false,false,,,2026-10-04T14:37:37.629Z,jsonld,200,unavailable,atsHosted,true,
2011001058413,株式会社ビズリーチ,バックエンドエンジニア/ プラットフォーム部,https://hrmos.co/pages/hrmos/jobs/1833714253672083739,FULL_TIME,東京都 渋谷区 渋谷2丁目17-1,5000000,12000000,YEAR,jsonld:baseSalary,false,false,false,false,,true,false,true,false,false,,,2026-10-04T14:37:39.198Z,jsonld,200,unavailable,atsHosted,true,
2020001155335,ティアンドエス株式会社,Recruit 採用情報,https://recruit.tecsvc.co.jp/,,,,,,,false,false,false,false,,false,false,false,false,false,,,2026-10-04T14:37:22.979Z,html:recruitmentPageAsSinglePosting,200,allowed,ownDomain,true,採用情報｜ティアンドエス株式会社
2021003011823,アースレーベル合同会社,採用ブランディングとは?進め方・メリット・費用の考え方まで解説,https://earth-label.com/insight/recruiting-branding/,,,,,,,false,false,false,false,,false,false,false,false,false,,,2026-10-04T14:37:24.010Z,html,200,allowed,ownDomain,true,採用ブランディングとは？進め方・メリット・費用の考え方まで解説 — EARTH LABEL
2080401004029,浜松ケーブルテレビ株式会社,新卒採用,https://www.winde.jp/recruit/newgrad/,インターン,,,,,,false,false,false,false,,false,false,false,false,false,,,2026-10-04T14:37:24.610Z,html,200,unavailable,ownDomain,true,採用情報｜新卒採用｜ウィンディ - 浜松ケーブルテレビ
2080401004029,浜松ケーブルテレビ株式会社,中途採用,https://www.winde.jp/recruit/career/,正社員,本社(浜松市) ウィンディSTATION(浜北) 勤務時間 標準勤務時間 9 00~18 00(※休憩60分含む) フルフレックスタイム制(コアタイムなし) 休日 年間120日 年次有給休暇 福利厚生 各種社会保険加入 共済会(わ~くん浜松,220000,,MONTH,html:月給下限のみ,false,false,false,false,,false,false,false,false,false,,,2026-10-04T14:37:26.145Z,html,200,unavailable,ownDomain,true,採用情報｜中途採用｜ウィンディ - 浜松ケーブルテレビ
2080401004029,浜松ケーブルテレビ株式会社,募集要項(パート),https://www.winde.jp/recruit/parttime/,パート,ウィンディショップ佐鳴台 浜松市中央区佐鳴台1-11-27(サーラプラザ佐鳴台ウェルカムホール内) 福利厚生 各種社会保険加入 共済会(わ~くん浜松加入)/各種お祝い金 退職金制度 産前産後休暇・育児休業(男性社員育児休業取得実績あり) 慶,,,,,false,false,false,false,,false,false,false,false,false,,,2026-10-04T14:37:27.669Z,html,200,unavailable,ownDomain,true,採用情報｜パート採用｜ウィンディ - 浜松ケーブルテレビ
2180001062094,株式会社シープロジェクト,では社員を募集しています | 採用情報 | オフィスの通信機器を一括手配(ビジネスフォン、インターネット回線、携帯電話),https://www.cproject.co.jp/recruit/,正社員,愛知県,3500000,,YEAR,html:年収下限のみ,false,false,false,false,,false,true,false,false,false,応募資格: 特になし 勤務地 名古屋本社 愛知県名古屋市中村区則武一丁目10番6号 側島第一ノリタケビル2F 最寄り駅 名古屋駅から徒歩7分 勤務時間 9:00〜18:00 休憩1時間 給与 月給20万円 〜 待遇・福利厚生 職場禁煙、服装自由、車通勤OK 休日・休暇 週5日勤務 特記事項 業績好調による増員のため、正社員での社長,,2026-10-04T14:37:26.261Z,html:recruitmentPageAsSinglePosting,200,unavailable,ownDomain,true,株式会社シープロジェクトでは社員を募集しています | 採用情報 | オフィスの通信機器を一括手配（ビジネスフォン、インターネット回線、携帯電話）
2180301019091,ひまわりネットワーク株式会社,新卒向け募集要項,https://recruit.himawari.co.jp/entry/newgrads/,インターン,ひまわりネットワーク本社 勤務時間 9 00~18 00(フレックスタイム制度有) 休日休暇 週休2日制(土日一部交代制)・祝日・年末年始・年次有給休暇等 保険 各種社会保険完備 福利厚生 スポーツ施設利用補助・会員制リゾートホテル全国34,,,,,false,false,false,false,,false,true,true,false,false,,,2026-10-04T14:37:26.524Z,html:recruitmentPageAsSinglePosting,200,allowed,ownDomain,true,新卒採用 募集要項 | ひまわりネットワーク RECRUIT 2028
2250001014146,株式会社地域情報新聞しものせき,【正社員募集中】50年以上の信頼と実績!株式会社シモバンさんを紹介,https://www.hop-s.jp/column/recruit/15366,正社員,,,,,,false,true,false,false,,false,false,false,false,false,,,2026-10-04T14:37:35.783Z,html,200,allowed,ownDomain,true,"【正社員募集中】50年以上の信頼と実績！株式会社シモバンさんを紹介 – 求人情報 – 【公式】ほっぷ下関｜山口県下関市でランチ,テイクアウト,エステ,不動産,イベントを探せるフリーペーパー"
2260001005516,ピコシステム株式会社,データで見る,https://www.picosystem.co.jp/recruit/company/data/,インターン,,,,,,false,false,false,false,,false,false,false,false,false,,,2026-10-04T14:37:31.487Z,html,200,unavailable,ownDomain,true,データで見るピコシステム | ピコシステム株式会社 採用情報
2260001005516,ピコシステム株式会社,システムエンジニア・プログラマー,https://www.picosystem.co.jp/recruit/job/system/,インターン,,,,,,false,true,false,false,,false,false,false,false,false,,,2026-10-04T14:37:33.046Z,html,200,unavailable,ownDomain,true,システムエンジニア・プログラマー | ピコシステム株式会社 採用情報
2260001005516,ピコシステム株式会社,営業,https://www.picosystem.co.jp/recruit/job/sales/,インターン,,,,,,false,true,false,false,,false,false,false,false,false,,,2026-10-04T14:37:34.603Z,html,200,unavailable,ownDomain,true,営業 | ピコシステム株式会社 採用情報
2260001005516,ピコシステム株式会社,カスタマーエンジニア,https://www.picosystem.co.jp/recruit/job/customer/,インターン,,,,,,false,true,false,false,,false,false,false,false,false,,,2026-10-04T14:37:36.179Z,html,200,unavailable,ownDomain,true,カスタマーエンジニア | ピコシステム株式会社 採用情報
2260001005516,ピコシステム株式会社,システム設計・開発・構築,https://www.picosystem.co.jp/recruit/company/pico_work/,パート | インターン,,,,,,false,false,false,false,,false,true,false,false,false,,,2026-10-04T14:37:39.301Z,html,200,unavailable,ownDomain,true,ピコシステムの仕事 | ピコシステム株式会社 採用情報
2290801009473,株式会社ソルネット,【名古屋】ITソリューション営業 ◆ソリューション提案/リモート可/ワークライフバランス充実/上場企業グループ◆,https://hrmos.co/pages/jbccgroup/jobs,正社員 | パート,東京都,,,,,false,true,false,false,5,true,true,true,false,true,必須条件: /歓迎スキル 必須条件 IT業界における法人営業経験5年以上の方(ソリューション営業、製品営業等) 歓迎条件 プレゼンテーション経験(資料作成、人前で話す経験) コンサル会社勤務(コンサルタント)経験のある方 DX、業務改革の取り組み経験のある方 お客様の経営・業務課題をヒアリングできる方 株式会社シーアイエス 営業,歓迎スキル: 必須条件 IT業界における法人営業経験5年以上の方(ソリューション営業、製品営業等),2026-10-04T14:37:36.045Z,html,200,unavailable,atsHosted,true,ＪＢＣＣグループ
2330001007694,株式会社フルスケール,【中途】Webデザイナー(実務経験2年以上),https://fullscale.jp/recruit/4308/,正社員 | 業務委託 | パート,熊本県,,,,,false,false,false,false,2,true,false,false,false,false,必須条件: は「一緒に背伸びできること」。熊本へのUターンや移住を検討中の方も大歓迎です。 採用情報を見る 私たちについて サービス プランニング クリエイティブ マネジメント 制作実績 住宅・不動産・建築 ホテル・旅館・料亭 病院・クリニック・医療 学校・教育・保育 ICT・システム 美容・ビューティー 食品・飲料 ウェディング,,2026-10-04T14:37:31.194Z,html,200,allowed,ownDomain,true,【中途】Webデザイナー（実務経験2年以上） | 採用情報 | フルスケール（熊本）
2330001007694,株式会社フルスケール,【中途】Webディレクター・プロジェクトマネージャー,https://fullscale.jp/recruit/353/,正社員 | 業務委託 | パート,熊本県,,,,,false,false,false,false,2,true,false,false,false,false,必須条件: は「一緒に背伸びできること」。熊本へのUターンや移住を検討中の方も大歓迎です。 採用情報を見る 私たちについて サービス プランニング クリエイティブ マネジメント 制作実績 住宅・不動産・建築 ホテル・旅館・料亭 病院・クリニック・医療 学校・教育・保育 ICT・システム 美容・ビューティー 食品・飲料 ウェディング,,2026-10-04T14:37:32.792Z,html,200,allowed,ownDomain,true,【中途】Webディレクター・プロジェクトマネージャー | 採用情報 | フルスケール（熊本）
2330001007694,株式会社フルスケール,【中途】Web広告プランナー・運用スタッフ,https://fullscale.jp/recruit/354/,正社員,熊本県,,,,,false,false,false,false,1,true,false,false,false,false,必須条件: は「一緒に背伸びできること」。熊本へのUターンや移住を検討中の方も大歓迎です。 採用情報を見る 私たちについて サービス プランニング クリエイティブ マネジメント 制作実績 住宅・不動産・建築 ホテル・旅館・料亭 病院・クリニック・医療 学校・教育・保育 ICT・システム 美容・ビューティー 食品・飲料 ウェディング,,2026-10-04T14:37:34.387Z,html,200,allowed,ownDomain,true,【中途】Web広告プランナー・運用スタッフ | 採用情報 | フルスケール（熊本）
3010001152563,株式会社インテージ,グループ   の求人一覧,https://hrmos.co/pages/intage-group/jobs?category=1474335032675328000,正社員 | 契約社員 | パート,,,,,,false,false,false,false,,false,true,true,false,false,,,2026-10-04T14:37:34.392Z,html,200,unavailable,atsHosted,true,インテージグループ 株式会社インテージ の求人一覧
3010401064771,サイバートラスト株式会社,中途採用 →,https://hrmos.co/pages/cybertrust/jobs,正社員 | パート,,,,,,false,true,false,false,5,true,true,true,true,false,応募資格: (必須) 顧客に対するテクニカルサポート業務の経験、または、顧客に伝えるべき内容を日本語により明確に伝える能力 複雑な問題に対するトラブルシューティングの経験 困難な状況においても複数の問題を優先度付けし、管理する能力 英語および日本語の技術ドキュメントを理解する能力 LinuxカーネルやLinuxユーザランドプログラ,あると望ましい: 、またはあれば尚可なスキル・経験など プロジェクトマネジメントスキル・経験 各種セキュリティツール・装置・サービスなどの利用・運用経験 特定の業界(金融、医療、製造など)における情報セキュリティの知識や経験 セキュリティ監査、脆弱性診断、ペネトレーションテストの実務経験 クラウドセキュリティ(AWS、Azure、GCP,2026-10-04T14:37:40.815Z,html,200,unavailable,atsHosted,true,サイバートラスト株式会社
3013401002461,インフィニティメディカルソフト株式会社,採用情報,https://inf-medicalsoft.co.jp/recruit/,契約社員 | パート,東京都 | 大阪府 | 福岡県,220000,,MONTH,html:月給下限のみ(万円),false,true,false,false,,false,true,true,false,false,,,2026-10-04T14:37:37.986Z,html:recruitmentPageAsSinglePosting,200,allowed,ownDomain,true,採用情報 -
3020001047944,株式会社カールビット,詳しくみる,https://www.karbit.co.jp/recruit.html,正社員 | パート,東京都 | 神奈川県,4000000,7500000,YEAR,html:年収レンジ,true,true,false,false,,true,true,false,false,false,応募資格: 【応募条件】 ・専門卒以上 ・2027年卒業見込みの方 【こんな方にオススメ】 ・新しいことに積極的にチャレンジしたい方 ・将来に役立つ専門スキルを身につけたい方 ・人の役に立つ仕事がしたい方 ・チームで協力しながらものづくりをしたい方 ・自分らしいキャリアを描きたい方,,2026-10-04T14:37:39.174Z,html:recruitmentPageAsSinglePosting,200,allowed,ownDomain,true,採用情報 | 株式会社カールビット | 課題に応えるICTパートナー
3030001012162,ＡＧＳプロサービス株式会社,新卒採用応募フォーム,https://www.ags-ps.co.jp/saiyou/application/,パート,,,,,,false,false,false,false,,false,false,false,false,false,,,2026-10-04T14:37:42.668Z,html,200,unavailable,ownDomain,true,新卒採用応募フォーム｜ＡＧＳプロサービス株式会社
3120001114726,ＤＩＴ株式会社,インフラSE職,https://www.dolce-it.co.jp/recruit/recruit-se/,,東京都,300000,500000,MONTH,html:月給レンジ(円),false,false,false,false,,false,false,true,false,false,応募資格: 条件 学歴不問 / 経験者のみ募集 ・WindowsServer、Linuxの基礎知識 ・システム運用系ミドルウェアの知識,,2026-10-04T14:37:44.353Z,html,200,allowed,ownDomain,true,インフラSE職｜インフラSE職の採用情報について【DIT株式会社】
3120001114726,ＤＩＴ株式会社,インフラエンジニア,https://www.dolce-it.co.jp/recruit/recruit-infrastructure-engineer/,,大阪府,300000,,MONTH,html:月給下限のみ,false,false,false,false,,false,false,true,false,false,応募資格: 条件 学歴不問 / 経験者のみ募集,,2026-10-04T14:37:47.607Z,html,200,allowed,ownDomain,true,インフラエンジニア｜インフラエンジニアの採用情報について【DIT株式会社】
3120001114726,ＤＩＴ株式会社,アプリエンジニア,https://www.dolce-it.co.jp/recruit/recruit-application-engineer/,,大阪府,250000,,MONTH,html:月給下限のみ,false,false,false,false,,false,false,true,false,false,応募資格: 条件 学歴不問 / 経験者のみ募集,,2026-10-04T14:37:50.968Z,html,200,allowed,ownDomain,true,アプリエンジニア｜アプリエンジニアの採用情報について【DIT株式会社】
3260001024746,株式会社クリエ・ココ,採用構造を強くする | 岡山のホームページ制作会社  |WEBシステム開発・ブランディング,https://www.crea-coco.com/service/recruitment-structure/,パート,,,,,,false,true,false,false,,false,false,false,false,false,求める人材: に、自社の魅力が伝わっていない 採用ページはあるが、見学や面接につながりにくい 応募はあっても、ミスマッチや辞退が多い 何を載せれば応募につながるのか分からない 現場の良さや働く人の魅力を、うまく言葉にできない 必要なのは、情報を増やすことではありません。 応募したくなる理由を、伝わる形に整えること です。 クリエ・コ,,2026-10-04T14:37:47.324Z,html,200,allowed,ownDomain,true,採用構造を強くする | 岡山のホームページ制作会社 株式会社クリエ・ココ｜WEBシステム開発・ブランディング
3290001046151,株式会社ネットワークソリューション,中途採用(未経験者),https://www.nw-solution.co.jp/recruitment/softbank-inexperienced/,時短勤務,福岡県 | 佐賀県 | 長崎県 | 大分県,,,,,false,true,false,false,,false,false,false,false,false,応募資格: 高卒以上 勤務時間 10:00〜21:00(シフト制) ※実働8時間 ※多少の残業あり ※勤務時間は店舗によって異なります 休日休暇 週休2日制(シフト制/8〜10日) ※年間休日113日(年末年始・夏季休暇含む) ※夏季休暇、年末年始休暇、有給休暇(入社半年後10日) ※その他(産前産後休暇、育児休暇、ハネムーン休暇,,2026-10-04T14:37:58.443Z,html,200,allowed,ownDomain,true,中途採用（未経験者） | 株式会社ネットワークソリューション
3290001046151,株式会社ネットワークソリューション,中途採用(経験者),https://www.nw-solution.co.jp/recruitment/softbank-experienced/,時短勤務,福岡県 | 佐賀県 | 長崎県 | 大分県,,,,,false,false,false,false,2,true,false,false,false,false,応募資格: 高卒以上 営業・販売の実務経験2年以上,,2026-10-04T14:38:00.237Z,html,200,allowed,ownDomain,true,中途採用（経験者） | 株式会社ネットワークソリューション
3290001046151,株式会社ネットワークソリューション,アルバイト採用,https://www.nw-solution.co.jp/recruitment/softbank-crew/,アルバイト,福岡県 | 佐賀県 | 長崎県 | 大分県,,,,,false,false,false,false,,false,true,false,false,false,応募資格: 高卒以上 勤務時間 10:00〜21:00(シフト制) ※週3日・6時間以上/日 勤務可能な方 ※多少の残業あり 休日休暇 シフト制 ※有給休暇(入社半年後10日) ※その他(産前産後休暇、育児休暇) 勤務地 福岡県、長崎県、大分県、佐賀県 希望されるエリアの店舗情報は、下記リンクからご確認いただけます。 福岡県 長崎,,2026-10-04T14:38:01.996Z,html,200,allowed,ownDomain,true,アルバイト採用 | 株式会社ネットワークソリューション
3310001003604,株式会社ディーエスブランド,プログラマー,https://dsbranch.works/careers/pages/450/,,,,,,,false,false,false,false,,false,true,false,false,false,,,2026-10-04T14:37:47.446Z,html,200,allowed,ownDomain,true,プログラマー｜株式会社ディーエスブランド｜求人・採用情報サイト
3310001003604,株式会社ディーエスブランド,デザイナー,https://dsbranch.works/careers/pages/381/,,,,,,,false,true,false,false,20,false,true,false,false,false,,,2026-10-04T14:37:49.326Z,html,200,allowed,ownDomain,true,デザイナー｜株式会社ディーエスブランド｜求人・採用情報サイト
3310001003604,株式会社ディーエスブランド,Webマーケター,https://dsbranch.works/careers/pages/717/,,,,,,,false,false,false,false,,false,true,false,false,false,,,2026-10-04T14:37:51.273Z,html,200,allowed,ownDomain,true,Webマーケター｜株式会社ディーエスブランド｜求人・採用情報サイト
4010501025879,株式会社サンシーア,新卒採用ページ,https://www.sunseer.co.jp/lp/recruit/,インターン,東京都,,,,,true,true,true,false,,false,true,false,false,false,,歓迎スキル: PHP/C#.NET/Java/Python/C++/Ruby/Swift/JavaScript/ITパスポート/基本情報技術者,2026-10-04T14:37:52.588Z,html,200,allowed,ownDomain,true,株式会社サンシーア 新卒採用サイト
4010601028617,株式会社ＮＴＴデータＳＢＣ,NTTデータSBC新卒採用サイト - 私たちがキラキラした未来をつくる,https://www.nttdata-sbc.co.jp/recruit/newgrad/,,,,,,,false,false,false,false,,false,false,false,false,false,,,2026-10-04T14:37:49.775Z,html,200,unavailable,ownDomain,true,NTTデータSBC新卒採用サイト - 私たちがキラキラした未来をつくる
4010601028617,株式会社ＮＴＴデータＳＢＣ,NTTデータSBCキャリア採用サイト - 次の変革を、あなたの手で。,https://www.nttdata-sbc.co.jp/recruit/career/,,,,,,,false,false,false,false,,false,false,false,false,false,,,2026-10-04T14:37:51.384Z,html,200,unavailable,ownDomain,true,NTTデータSBCキャリア採用サイト - 次の変革を、あなたの手で。
4080001002827,株式会社静岡第一テレビ,緊急募集!! 【キャリア職採用】総合職正社員募集のお知らせ,https://www.tv-sdt.co.jp/company/recruit/career.html,正社員,静岡県,6500000,,YEAR,html:年収下限のみ,false,false,false,false,,false,true,false,false,false,,,2026-10-04T14:37:50.508Z,html,200,unavailable,ownDomain,true,採用情報 | Daiichi-TV
4120001115673,株式会社Ｂｅｅ,募集要項,https://bee-u.com/recruit.html,正社員,大阪府,,,,,false,false,true,false,,false,false,false,false,false,応募資格: 学部学科・既卒・不問 組込みソフトウェア開発に興味ある方,,2026-10-04T14:37:49.296Z,html:recruitmentPageAsSinglePosting,200,unavailable,ownDomain,true,採用
4180001017641,株式会社トヨタシステムズ,ENGINEERING 2DAYS エンジニアリングコース 車両開発を最高のITサービスと技術で進化させる,https://www.toyotasystems.com/recruit/internship/,インターン,,,,,,false,false,false,false,,false,false,false,false,false,求める人材: 像 事業紹介 数字で見るTS WORK 仕事を知る 職種紹介 業務の流れ プロジェクト紹介 MEMBERS 社員を知る 社員紹介 若手社員のホンネ 若手社員クロストーク スペシャル インタビュー GROWTH 成長支援 キャリア形成 若手教育 キャリアパス インタビュー CULTURE 働く環境,,2026-10-04T14:37:54.671Z,html,200,allowed,ownDomain,true,トヨタシステムズ（TS）｜採用サイト｜TSのソリューション型 インターンシップ。
4180001017641,株式会社トヨタシステムズ,現場エンジニアが語る  式 技術者の心得,https://www.toyotasystems.com/recruit/seminar/,インターン,,,,,,false,false,false,false,,false,false,false,false,false,求める人材: 像 事業紹介 数字で見るTS WORK 仕事を知る 職種紹介 業務の流れ プロジェクト紹介 MEMBERS 社員を知る 社員紹介 若手社員のホンネ 若手社員クロストーク スペシャル インタビュー GROWTH 成長支援 キャリア形成 若手教育 キャリアパス インタビュー CULTURE 働く環境,,2026-10-04T14:37:56.338Z,html,200,allowed,ownDomain,true,トヨタシステムズ（TS）｜採用サイト｜トヨタシステムズ式 技術者の心得
4180001017641,株式会社トヨタシステムズ,JOB DESCRIPTION 職種紹介,https://www.toyotasystems.com/recruit/work/occupation/,インターン,,,,,,false,false,false,false,,false,false,false,false,false,必要なスキル: コミュニケーション能力 分析力 問題解決能力 主な事業領域 エンジニアリング コーポレート ファイナンス インフラ 閉じる プロジェクト マネージャー プロジェクトのリーダーとして、品質・予算・納期を意識しながらプロジェクトを成功に導く役割です。スコープ、スケジュール、コスト、ステークホルダー、リソース、リスク等を管理,,2026-10-04T14:38:02.905Z,html,200,allowed,ownDomain,true,トヨタシステムズ（TS）｜採用サイト｜TSを知る｜職種紹介
4180001034083,株式会社イエス,募集要項 | 人とシステムをやさしくリンクする,https://www.ies.jp/iesweb/guide/,,"東海三県 採用人数 5人程度 給与 大卒  205,000円~ 専門4年 205,000円~ 3年  200,000円~ 短大2年 195,000円~ 高卒  185,000円~ 昇給賞与 昇給 年1回/賞与 年2回(業績により) 勤務時間",,,,,false,false,false,false,,false,false,true,false,false,,,2026-10-04T14:37:52.903Z,html:recruitmentPageAsSinglePosting,200,unavailable,ownDomain,true,募集要項 | 人とシステムをやさしくリンクする
4230001014154,キュアコード株式会社,法人営業・セールス,https://curecode.jp/recruit/sales/,正社員 | パート,富山県,220000,350000,MONTH,html:月給レンジ(円),false,false,false,false,1,false,false,true,false,false,,,2026-10-04T14:37:56.420Z,html,200,allowed,ownDomain,true,法人営業・セールス | キュアコード株式会社
4230001014154,キュアコード株式会社,ITエンジニア,https://curecode.jp/recruit/itengineer/,正社員 | パート,富山県,250000,370000,MONTH,html:月給レンジ(円),false,false,false,false,1,false,false,true,false,false,,,2026-10-04T14:37:58.064Z,html,200,allowed,ownDomain,true,ITエンジニア | キュアコード株式会社
4230001014154,キュアコード株式会社,営業アシスタント,https://curecode.jp/recruit/salesassistant/,正社員,富山県,170000,250000,MONTH,html:月給レンジ(円),false,false,false,false,,false,false,true,false,false,,,2026-10-04T14:37:59.695Z,html,200,allowed,ownDomain,true,営業アシスタント | キュアコード株式会社
4430001075259,株式会社イレブンソフト,採用情報,https://11-soft.com/recruit/,正社員,当社事業所内、及び当社指定先 応募方法 当社採用担当までお問い合わせ下さい。面接日時等を追ってお知らせ致します。 必要書類 履歴書 職務経歴書 お問い合わせ先 株式会社イレブンソフト 採用担当者 佐々木 TEL 011-213-0137 M,,,,,false,true,false,false,,false,true,false,false,false,応募資格: 経験者歓迎 業界未経験歓迎,,2026-10-04T14:37:58.029Z,html:recruitmentPageAsSinglePosting,200,allowed,ownDomain,true,採用情報 | 株式会社イレブンソフト
5010001043934,恒和情報技研株式会社,新卒採用,https://www.kjg.co.jp/recruitinfo/student/,正社員,東京都,,,,,false,false,true,false,,false,true,false,false,false,,,2026-10-04T14:38:05.087Z,html,200,allowed,ownDomain,true,新卒採用| 恒和情報技研株式会社
5010001043934,恒和情報技研株式会社,中途採用,https://www.kjg.co.jp/recruitinfo/career/,正社員,東京都,,,,,false,false,false,false,,false,true,false,false,false,応募資格: 35歳くらいまでの方 (経験2~3年以上) 求めるスキル ・オープン系開発経験者(Javaや.NET等のプログラム開発経験あり) ・金融(銀行、証券等)系の業務知識をお持ちの方 ・業種・業務に幅広く対応できる方 ・幅広くプログラム言語に適応できる方 ・Webアプリケーションやクラウドサービス開発経験のある方 求める人物,,2026-10-04T14:38:08.396Z,html,200,allowed,ownDomain,true,中途採用| 恒和情報技研株式会社
5010401068234,株式会社カザン,採用情報,https://kazan.co.jp/recruit2/,正社員,東京都,260000,,MONTH,html:月給下限のみ(万円),false,true,false,false,,false,false,false,false,false,応募資格: 専門学校卒業以上,,2026-10-04T14:38:01.098Z,html:recruitmentPageAsSinglePosting,200,allowed,ownDomain,true,採用情報 | 株式会社カザン
5010401110458,株式会社ローカルワークス,RECRUIT,https://localworks.co.jp/recruit/index.html,正社員 | アルバイト,,,,,,false,false,false,false,3,false,false,false,false,false,,あると望ましい: 給与 当社規定により優遇、ストックオプション 応募する プロダクトオーナー 雇用形態 正社員 仕事内容 ・『リフォマ』の方針・戦略の策定、機能・UI/UX改善 ・KPI 等に基づくプロダクト機能開発の優先順位付け及びマイルストーン管理 ・開発・デザイン・営業・CSチームと連携したプロダクトへの要望の整理 求めるスキル,2026-10-04T14:38:01.545Z,html:recruitmentPageAsSinglePosting,200,unavailable,ownDomain,true,RECRUIT - 株式会社ローカルワークス
5011101042099,兼松グランクス株式会社,フロントエンドエンジニア,https://www.granks.co.jp/recruit/frontend-engineer,正社員 | 契約社員 | アルバイト | パート,東京都,,,,,false,false,false,false,2,true,false,false,false,false,必須条件: 開発実務経験 2年以上 言語:HTML5、CSS3、JavaScript(jQuery) ソースコード管理:Git プロジェクト管理:Backlog 等 【,歓迎要件: Webアプリケーション開発経験 Vue.js、ReactなどのJavaScriptフレームワーク利用経験 PHPなどサーバーサイド開発経験 顧客への提案経験 デザインの基礎知識 フロントエンドのパフォーマンス改善の経験 webpack、gulp等を利用した効率的な開発環境の構築経験,2026-10-04T14:38:05.077Z,html,200,allowed,ownDomain,true,中途採用 | フロントエンジニア | 兼松グランクス株式会社
5011101042099,兼松グランクス株式会社,ソリューション企画営業,https://www.granks.co.jp/recruit/solution-planning-sales,正社員 | 契約社員 | アルバイト,東京都,,,,,false,false,false,false,1,false,false,false,false,false,必須要件: 営業経験(1年以上、業界不問) 基本的なPCスキル(Word、Excel、PowerPoint) 【,歓迎要件: IT系の法人営業経験 システム開発経験や商品企画経験,2026-10-04T14:38:06.704Z,html,200,allowed,ownDomain,true,中途採用 | ソリューション企画営業 | 兼松グランクス株式会社
5011101042099,兼松グランクス株式会社,Webディレクター,https://www.granks.co.jp/recruit/web-director,正社員 | 契約社員 | アルバイト | パート,東京都,,,,,false,false,false,false,,false,false,false,false,false,必須要件: Web制作に携わったことがある(ディレクターに限らず) 新しい技術や情報を自分で取得できる 【,歓迎要件: 顧客への提案経験 gitの使用経験 XDやfigmaの使用経験 SEOの基礎知識 デザインの基礎知識 画像素材の編集経験,2026-10-04T14:38:08.383Z,html,200,allowed,ownDomain,true,中途採用 | Webディレクター | 兼松グランクス株式会社
5011101042099,兼松グランクス株式会社,Webデザイナー,https://www.granks.co.jp/recruit/web-designer,正社員 | 契約社員 | アルバイト | パート,東京都,,,,,false,false,false,false,,false,false,false,false,false,必須要件: Webデザインに関する基礎知識 HTML/CSS/JavaScriptに関する基礎知識 Webデザインの経験 XD、figma等を使用したデザイン経験 【,歓迎要件: Webサイトのコーディング経験 Illustrator、InDesignを使用したDTPデザイン経験,2026-10-04T14:38:10.246Z,html,200,allowed,ownDomain,true,中途採用 | Webデザイナー | 兼松グランクス株式会社
5011101042099,兼松グランクス株式会社,アプリエンジニア,https://www.granks.co.jp/recruit/app-engineer,正社員 | 契約社員 | アルバイト,東京都,,,,,false,false,false,false,1,false,false,false,false,false,"応募資格: 【求める経験・スキル】 1. SwiftによるiOSアプリの開発経験が1年以上 2. Gitを採用した開発の経験 3. 業務上の課題の改善提案 【歓迎する経験・スキル】 1. アプリのリリースまで携わった経験 2. UIKit、Autolayoutを用いたデザイン実装経験 3. MVVM, MVC, VIPERなどの設","歓迎する経験: スキル】 1. アプリのリリースまで携わった経験 2. UIKit、Autolayoutを用いたデザイン実装経験 3. MVVM, MVC, VIPERなどの設計パターンの経験 【求める人物像】1. 技術的な課題に対する解決能力を持ち、自己学習を続けられる方 2. チームでの協力やコミュニケーション能力を重視する方 3",2026-10-04T14:38:12.121Z,html,200,allowed,ownDomain,true,中途採用 | アプリエンジニア | 兼松グランクス株式会社
5011101042099,兼松グランクス株式会社,中途採用,https://www.granks.co.jp/recruit/web-coder,アルバイト | パート,東京都,,,,,false,false,false,false,,false,false,false,false,false,必須要件: HTML、CSS(SCSS)、JavaScript(jQuery)の知識及び、業務での使用経験 【,歓迎要件: Typescript、React/Vueの使用経験 PHP(Laravel)の使用経験 gitの使用経験 デザインの基礎知識 フロントエンドのパフォーマンス改善の経験 画像素材の編集経験,2026-10-04T14:38:14.059Z,html,200,allowed,ownDomain,true,アルバイト採用 | Webコーダー | 兼松グランクス株式会社
5011101060984,株式会社サイバーテック,ソリューション営業,https://www.cybertech.co.jp/recruit/mid-career/solution-sales/,FULL_TIME | PART_TIME | CONTRACTOR,渋谷区 東京都 道玄坂1-20-1 Osawa Bldg.5F,250000,,MONTH,jsonld:baseSalary,false,true,false,false,,false,true,true,false,false,,,2026-10-04T14:38:05.039Z,jsonld,200,allowed,ownDomain,true,
5011101060984,株式会社サイバーテック,営業事務・マーケティング,https://www.cybertech.co.jp/recruit/mid-career/inside-sales/,PART_TIME,渋谷区 東京都 道玄坂1-20-1 Osawa Bldg.5F,220000,,MONTH,jsonld:baseSalary,false,true,false,false,,false,true,true,false,false,,,2026-10-04T14:38:06.558Z,jsonld,200,allowed,ownDomain,true,
5011101060984,株式会社サイバーテック,サーバーサイドエンジニア,https://www.cybertech.co.jp/recruit/mid-career/se/,FULL_TIME | PART_TIME | CONTRACTOR,渋谷区 東京都 道玄坂1-20-1 Osawa Bldg.5F,250000,,MONTH,jsonld:baseSalary,false,false,false,false,,false,true,true,false,false,,,2026-10-04T14:38:08.083Z,jsonld,200,allowed,ownDomain,true,
5011101060984,株式会社サイバーテック,サポートエンジニア・フロントエンドエンジニア,https://www.cybertech.co.jp/recruit/mid-career/inexperienced-engineer/,PART_TIME,渋谷区 東京都 道玄坂1-20-1 Osawa Bldg.5F,220000,,MONTH,jsonld:baseSalary,false,true,false,false,,true,false,true,false,false,,,2026-10-04T14:38:09.597Z,jsonld,200,allowed,ownDomain,true,
5011101060984,株式会社サイバーテック,ディレクター,https://www.cybertech.co.jp/recruit/mid-career/director/,FULL_TIME | PART_TIME | CONTRACTOR,渋谷区 東京都 道玄坂1-20-1 Osawa Bldg.5F,220000,,MONTH,jsonld:baseSalary,false,true,false,false,,false,false,true,false,false,,,2026-10-04T14:38:11.114Z,jsonld,200,allowed,ownDomain,true,
5011101060984,株式会社サイバーテック,システムエンジニア・プログラマ(フィリピン セブ),https://www.cybertech.co.jp/recruit/mid-career-cebu/programmer/,正社員,"フィリピン、セブ市 5th Floor, JDN Bldg. P.Remedio St., Banilad, Mandaue City, Cebu Philippines 6014 勤務時間 9 00~18 00(フィリピン現地時間、実働8",,,,,false,false,false,false,2,false,false,false,false,false,必要なスキル: 経験 英語を学習中の方でも大丈夫!英会話スキルは基礎レベルでも大丈夫です。データベースを活用したWebアプリケーションの開発経験は、言語を問いませんが必須とさせていただきます。JavaやPHPに関しては、勉強中の方でも大丈夫です。 特に、以下のスキルや経験をお持ちの方は歓迎します! セブ島の英会話学校に留学した経験があ,,2026-10-04T14:38:12.627Z,html,200,allowed,ownDomain,true,システムエンジニア・プログラマ（フィリピン セブ）｜サイバーテック求人情報
5011101060984,株式会社サイバーテック,マニュアル作成・テクニカルライティング,https://www.cybertech.co.jp/recruit/mid-career/writer/,PART_TIME,渋谷区 東京都 道玄坂1-20-1 Osawa Bldg.5F,220000,,MONTH,jsonld:baseSalary,false,true,false,false,,false,true,true,false,false,,,2026-10-04T14:38:15.681Z,jsonld,200,allowed,ownDomain,true,
5040001046876,株式会社ジィ・シィ企画,データで見る,https://www.gck.co.jp/recruitment/gcdata/,,,,,,,false,false,false,false,,false,false,false,false,false,,,2026-10-04T14:38:06.780Z,html,200,allowed,ownDomain,true,データで見るジィ・シィ企画 | GC | 株式会社ジィ・シィ企画
5040001046876,株式会社ジィ・シィ企画,募集要項(新卒採用)・応募方法,https://www.gck.co.jp/recruitment/recruitment5/,,,,,,,false,false,false,false,,false,false,false,false,false,,,2026-10-04T14:38:13.262Z,html,200,allowed,ownDomain,true,新卒採用－募集要項・応募方法 | GC | 株式会社ジィ・シィ企画
5040001046876,株式会社ジィ・シィ企画,募集要項(経験者採用)・応募方法,https://www.gck.co.jp/recruitment/recruitment7/,,,,,,,false,false,false,false,,false,false,false,false,false,,,2026-10-04T14:38:14.878Z,html,200,allowed,ownDomain,true,経験者採用－募集要項・応募方法 | GC | 株式会社ジィ・シィ企画
5050001002358,株式会社ユードム,採用情報,https://www.udom.co.jp/recruit/index.html,インターン,東京都 | 茨城県 | 愛知県,,,,,false,false,false,false,3,true,true,false,false,false,,,2026-10-04T14:38:05.642Z,html:recruitmentPageAsSinglePosting,200,allowed,ownDomain,true,採用情報｜株式会社ユードム
5070001003684,株式会社リサージュ,新卒採用募集要項,http://www.lissaj.com/recruit_rookie.html,,群馬県,,,,,false,false,false,false,,false,false,false,false,false,応募資格: 高校卒以上 ※学部、学科は不問ですが、最低でもWindows系のPC操作のできる方 職務内容 事業案内 参照,,2026-10-04T14:38:07.250Z,html:recruitmentPageAsSinglePosting,200,unavailable,ownDomain,true,株式会社リサージュ [新卒者 募集要項]
5100001005339,使えるねっと株式会社,この職種にエントリーする,https://www.tsukaeru.net/recruit/entry/?position=%E3%83%97%E3%83%AA%E3%82%BB%E3%83%BC%E3%83%AB%E3%82%B9,,,,,,,false,false,false,false,,false,false,false,false,false,,,2026-10-04T14:38:12.238Z,html,200,allowed,ownDomain,true,エントリーフォーム - 使えるねっと RECRUIT
5100001005339,使えるねっと株式会社,この職種にエントリーする,https://www.tsukaeru.net/recruit/entry/?position=%E3%83%9E%E3%83%BC%E3%82%B1%E3%83%86%E3%82%A3%E3%83%B3%E3%82%B0,,,,,,,false,false,false,false,,false,false,false,false,false,,,2026-10-04T14:38:14.012Z,html,200,allowed,ownDomain,true,エントリーフォーム - 使えるねっと RECRUIT
5100001005339,使えるねっと株式会社,この職種にエントリーする,https://www.tsukaeru.net/recruit/entry/?position=%E3%82%A4%E3%83%B3%E3%83%95%E3%83%A9%E3%82%A8%E3%83%B3%E3%82%B8%E3%83%8B%E3%82%A2,,,,,,,false,false,false,false,,false,false,false,false,false,,,2026-10-04T14:38:15.796Z,html,200,allowed,ownDomain,true,エントリーフォーム - 使えるねっと RECRUIT
5100001005339,使えるねっと株式会社,この職種にエントリーする,https://www.tsukaeru.net/recruit/entry/?position=%E3%82%AB%E3%82%B9%E3%82%BF%E3%83%9E%E3%83%BC%E3%82%A8%E3%83%B3%E3%82%B8%E3%83%8B%E3%82%A2,,,,,,,false,false,false,false,,false,false,false,false,false,,,2026-10-04T14:38:17.568Z,html,200,allowed,ownDomain,true,エントリーフォーム - 使えるねっと RECRUIT
5100001005339,使えるねっと株式会社,この職種にエントリーする,https://www.tsukaeru.net/recruit/entry/?position=IT%E3%82%BD%E3%83%AA%E3%83%A5%E3%83%BC%E3%82%B7%E3%83%A7%E3%83%B3%E5%96%B6%E6%A5%AD,,,,,,,false,false,false,false,,false,false,false,false,false,,,2026-10-04T14:38:19.350Z,html,200,allowed,ownDomain,true,エントリーフォーム - 使えるねっと RECRUIT
5100001018761,株式会社デジタル・スパイス,中途採用,https://www.digital-spice.co.jp/recruit/recruit_carrier.html,,東京都 | 福島県 | 長野県,,,,,false,false,false,false,,false,false,false,false,false,"応募資格: Visual Studio製品の開発経験 装置制御開発経験(C,C++,VC++,C#) 組み込み開発経験(C言語) Linux環境でのC,C++開発経験 Objective-C, Android開発経験 設計エンジニア 仕事内容 製造装置、検査装置の機械設計、電子・電気回路設計、制御設計業務に携わっていただきます。",,2026-10-04T14:38:09.255Z,html:recruitmentPageAsSinglePosting,200,unavailable,ownDomain,true,中途採用 | 株式会社デジタル・スパイス
5120001054177,株式会社テイク－ワン,新卒採用,https://www.tk-1.co.jp/recruit/graduates/,正社員,東京都 | 大阪府,,,,,true,true,true,false,,false,true,true,false,false,必須スキル: IT技術を学んで行こうという意欲をお持ちの方 ■,歓迎スキル: 情報系学部、学科卒業の方。 ITパスポート、基本情報技術者、応用情報技術者、Oracle Java SilverなどのIT資格をお持ちの方。,2026-10-04T14:38:11.495Z,html,200,allowed,ownDomain,true,新卒採用｜株式会社テイク－ワン／TAKE-1 コンピュータシステムの設計構築運用
5120001054177,株式会社テイク－ワン,キャリア採用,https://www.tk-1.co.jp/recruit/career/,正社員,東京都 | 大阪府,3500000,,YEAR,html:年収下限のみ,true,true,false,false,3,false,true,true,false,false,必須スキル: 3年以上のシステム開発経験 ■,歓迎スキル: Java、Javascript、PHP、Ruby、VB.net、C#、Python、Oralce DB、SQLServer等での開発経験 基本情報技術者、応用情報技術者、Oracle Java Silver、Oracle Java GoldなどのIT資格をお持ちの方,2026-10-04T14:38:13.005Z,html,200,allowed,ownDomain,true,キャリア採用｜株式会社テイク－ワン／TAKE-1 コンピュータシステムの設計構築運用
5120001073169,アイスター株式会社,新卒採用サイト,https://www.i-star.co.jp/recruit/fresh/,,,,,,,false,false,false,false,,false,true,false,false,false,,,2026-10-04T14:38:13.534Z,html,200,unavailable,ownDomain,true,アイスター株式会社 新卒採用サイト
5120001073169,アイスター株式会社,中途採用,https://www.i-star.co.jp/recruit/career/,,アクセス 財務・業績 採用情報 健康経営 農園型 障がい者雇用 お問い合わせ プライバシーポリシー 個人情報保護方針 開示対象個人情報の周知について 個人情報に関わる公表事項について 情報セキュリティ基本方針 派遣料金等の明示について Re,,,,,false,false,false,false,,false,true,false,false,false,,,2026-10-04T14:38:15.053Z,html,200,unavailable,ownDomain,true,中途採用情報 | 採用情報 | アイスター株式会社
5190001029692,株式会社ＡＷＡ,ヘアケアメディア記事執筆者,https://a-w-a.co.jp/recruitment/,CONTRACTOR,三重県 津市 城山一丁目14-2,,,,,false,false,false,false,,false,false,false,false,false,,,2026-10-04T14:38:13.907Z,jsonld,200,allowed,ownDomain,true,
5190001029692,株式会社ＡＷＡ,美容師アシスタント/スタイリスト,https://a-w-a.co.jp/recruitment/,FULL_TIME,三重県 津市 城山一丁目14-2,,,,,false,false,false,false,,false,false,false,false,false,,,2026-10-04T14:38:13.907Z,jsonld,200,allowed,ownDomain,true,
5240001030554,株式会社コアシステムズ,中途採用,https://www.coasystems.net/recruit/career/,正社員 | アルバイト | パート,広島県,,,,,false,false,false,false,,false,false,false,false,false,応募資格: 四年制大学・大学院を卒業された方。,,2026-10-04T14:38:16.446Z,html,200,allowed,ownDomain,true,中途採用 - 株式会社コアシステムズ
5330001001488,株式会社ＫＩＳ,会社に関するデータ,https://www.kis.co.jp/recruit/data/,,東京都 | 熊本県 | 鹿児島県,,,,,false,true,false,false,,false,false,false,false,false,,,2026-10-04T14:38:20.577Z,html,200,allowed,ownDomain,true,数字でわかるKIS採用｜未経験率や有休取得など社内データを公開
5330001001488,株式会社ＫＩＳ,ライフサポート,https://www.kis.co.jp/recruit/support/,,,,,,,false,false,false,false,,false,false,false,false,false,,,2026-10-04T14:38:22.153Z,html,200,allowed,ownDomain,true,KISの福利厚生・制度｜仕事も暮らしも大切にできる働き方を実現
5330001001488,株式会社ＫＩＳ,新卒採用エントリー,https://www.kis.co.jp/recruit/entry/,,,,,,,false,false,false,false,,false,false,false,false,false,,,2026-10-04T14:38:23.723Z,html,200,allowed,ownDomain,true,KIS採用エントリー｜熊本のIT企業で自分らしいキャリアに挑戦
5330001001488,株式会社ＫＩＳ,システムエンジニア,https://www.kis.co.jp/recruit/recruitment/%e3%82%b7%e3%82%b9%e3%83%86%e3%83%a0%e3%82%a8%e3%83%b3%e3%82%b8%e3%83%8b%e3%82%a2%e8%81%b7%ef%bc%88%e7%86%8a%e6%9c%ac%ef%bc%89/,FULL_TIME,熊本県 熊本市南区 幸田1-6-27,273000,376000,MONTH,jsonld:baseSalary,false,false,false,false,,false,true,false,false,false,,,2026-10-04T14:38:25.309Z,jsonld,200,allowed,ownDomain,true,
5370001008075,株式会社コンピュータシステム研究所,開発職(プログラマー):新卒採用3年目 小野寺 和也,https://www.cstnet.co.jp/recruit/employee-detail-01.html,,,,,,,false,false,false,false,,false,true,false,false,false,,,2026-10-04T14:38:19.507Z,html,200,allowed,ownDomain,true,開発職（プログラマー）：小野寺 和也｜社員紹介｜株式会社 コンピュータシステム研究所
5370001008075,株式会社コンピュータシステム研究所,開発職(品質管理):新卒採用3年目 佐藤 隆太,https://www.cstnet.co.jp/recruit/employee-detail-02.html,,,,,,,false,false,false,false,,false,true,false,false,false,,,2026-10-04T14:38:21.021Z,html,200,allowed,ownDomain,true,開発職（品質管理）：佐藤 隆太｜社員紹介｜株式会社 コンピュータシステム研究所
5370001008075,株式会社コンピュータシステム研究所,お客様から一番遠くて一番近いテストエンジニア,https://www.cstnet.co.jp/recruit/employee-detail-04.html,,,,,,,false,false,false,false,,false,false,false,false,false,,,2026-10-04T14:38:22.532Z,html,200,allowed,ownDomain,true,開発職（品質管理）：髙橋 翔吾｜社員紹介｜株式会社 コンピュータシステム研究所
5370001008075,株式会社コンピュータシステム研究所,障がい者採用 当社では、障がいのある方の採用も行っています。主に事務補助などを募集しています。,https://www.cstnet.co.jp/recruit/handicap.html,正社員 | 契約社員,宮城県,,,,,false,true,false,false,,false,false,false,false,false,,,2026-10-04T14:38:24.054Z,html,200,allowed,ownDomain,true,障がい者採用｜株式会社 コンピュータシステム研究所
5390001002621,株式会社ハイテックシステム,営業1グループ,https://www.hightech.co.jp/recruit/index2.html,,,,,,,false,false,false,false,,false,false,false,false,false,,,2026-10-04T14:38:18.252Z,html,200,unavailable,ownDomain,true,株式会社ハイテックシステム リクルートサイト | HighTechSystem
6010001127835,ディー・アール・テクノロジー株式会社,採用情報,https://www.drtech.jp/recruit/,正社員 | 契約社員,で、人間関係がうまくいかず悩んでいる など <入社後の流れ> 入社後はメンターがマンツーマンでしっかりとフォロー! ITの基礎知識を学びつつ、先輩の商談に同行し、一連の流れを学びます。 1カ月を目途に、少しずつ1人での商談をスタート。早い人,200000,350000,MONTH,html:月給レンジ(万円),true,true,false,false,,true,true,true,false,false,必須条件: 何らかの営業経験をお持ちの方(商材、業界、年数不問) ■学歴不問・第二新卒歓迎 ■業界未経験歓迎 ITに関する知識は入社後に身につけられるので、安心して飛び込んできてください♪ 与えられた数値目標を達成するための『思考力・行動力』のある方を歓迎します。 (メンバーの出身業界例) 不動産/人材/接客販売など,,2026-10-04T14:38:18.201Z,html:recruitmentPageAsSinglePosting,200,allowed,ownDomain,true,採用情報 – ディー・アール・テクノロジー株式会社
6010701025710,株式会社日立システムズ,社員リターン・エントリー制度 (退職者再雇用制度)とは,https://www.hitachi-systems.com/recruit/return-entry/,正社員,,,,,,false,false,false,false,,false,false,false,false,false,応募資格: (1)当社の正社員であった方 (2)育児、介護、配偶者の転勤、留学・社会貢献活動、転職を理由に退職した方,,2026-10-04T14:38:21.405Z,html,200,allowed,ownDomain,true,社員リターン・エントリー制度（退職者再雇用制度）：株式会社日立システムズ
6011101047015,株式会社フルエナジー,データベースエンジニア(アソシエイト),https://fullenergy.co.jp/recruits/database-associate/,正社員,東京都,,,,,false,false,false,false,2,true,false,true,false,false,必須条件: Oracle Master Silver程度の知識 ITエンジニアとしての経験 2年以上 Linuxエンジニアの実務経験あり <,歓迎条件: IT資格 2つ以上(国家・ベンダー試験問わず) 求める人物像 フルエナジーのパーパス・バリューに共感してもらえる方 新しい技術への挑戦に積極的に取り組める方 仕事の先を読んで、自ら準備を行える方 顧客のためにより良いシステムを考えたいと思える方 社内の人との円滑なコミュニケーション(報連相等)が行える方,2026-10-04T14:38:23.140Z,html,200,allowed,ownDomain,true,データベースエンジニア(アソシエイト) | Fullenergy
6011101047015,株式会社フルエナジー,データベースエンジニア(プロフェッショナル),https://fullenergy.co.jp/recruits/database/,正社員,東京都,,,,,false,false,false,false,3,true,false,true,false,false,必須条件: Oracle Master Gold程度の知識 ITエンジニアとしての経験 3年以上 Linuxエンジニアの実務経験2年以上 <,歓迎条件: Architect Professionalレベルの資格を1つ以上保持していること 顧客への説明・質疑応答などある程度のコミュニケーションが行えること 複数のクラウド環境での設計・構築・運用の実務経験があること 求める人物像 フルエナジーのパーパス・バリューに共感してもらえる方 新しい技術への挑戦に積極的に取り組める方,2026-10-04T14:38:25.004Z,html,200,allowed,ownDomain,true,データベースエンジニア（プロフェッショナル） | Fullenergy
6011101047015,株式会社フルエナジー,営業,https://fullenergy.co.jp/recruits/sales/,正社員,東京都,,,,,false,false,false,true,10,false,false,true,false,false,,,2026-10-04T14:38:26.844Z,html,200,allowed,ownDomain,true,営業(プリセールス) | Fullenergy
6011101047015,株式会社フルエナジー,ネットワークエンジニア,https://fullenergy.co.jp/recruits/network-engineer/,正社員,東京都,,,,,false,false,false,false,2,false,false,true,false,false,必須条件: ネットワーク・セキュリティシステムの設計、構築経験 2年以上 ネットワーク・セキュリティシステムの運用の経験 3年以上 IPSecVPN、SSLVPN、専用線での環境構築、運用経験 <,歓迎条件: インフラに関する技術知識と経験を有し、Architect Associateレベルの資格を1つ以上保持していること ネットワークベンダー資格保有者 求める人物像 フルエナジーのパーパス・バリューに共感してもらえる方 新しい技術への挑戦に積極的に取り組める方 仕事の先を読んで、自ら準備を行える方 顧客のためにより良いシス,2026-10-04T14:38:28.773Z,html,200,allowed,ownDomain,true,ネットワークエンジニア | Fullenergy
6011101084784,株式会社ＲＵＮＷＡＹＳ,RECRUIT 採用情報,https://runways.co.jp/recruit/,業務委託 | パート | インターン,原則リモートワーク 給与・諸手当 要相談(ご経験を考慮の上、決定します) 昇給・賞与 勤務時間 要相談 休日休暇 要相談 保険 福利厚生 ご応募は、当ページ(採用情報)内のエントリーフォームより受け付けております。 このポップを閉じて、ご応,,,,,true,false,false,false,1,false,false,true,false,false,求める経験: 企業あるいはご自身でWebメディアの運営に携わった経験が1年以上ある方,,2026-10-04T14:38:21.393Z,html:recruitmentPageAsSinglePosting,200,allowed,ownDomain,true,"採用情報 – RUNWAYS, Inc."
6100001012664,株式会社アドヴァンスト・インフォーメイション・デザイン,パート採用 パートタイムプログラマーを募集しています,https://www.a-i-d.co.jp/recruit/part,パート | インターン,,,,,,false,false,false,false,,false,false,false,false,false,,,2026-10-04T14:38:26.303Z,html,200,allowed,ownDomain,true,AID｜パート採用
6100001012664,株式会社アドヴァンスト・インフォーメイション・デザイン,Mid career 中途採用,https://www.a-i-d.co.jp/recruit/chuto,パート | インターン,東京都 | 大阪府,,,,,false,false,false,false,,false,true,true,false,false,応募資格: 何らかのシステム開発経験がある方 年齢 : 不問 学歴 : 高卒以上,歓迎スキル: Javaなどを利用したWeb・オープン系のスキル COBOLなどを利用した汎用機系のスキル 金融、医療、介護、行政などの業務知識、スキル 大型プロジェクトの経験,2026-10-04T14:38:27.823Z,html,200,allowed,ownDomain,true,AID｜中途採用
6122001025685,株式会社インテリオール,営業 – Sales,https://interiall.jp/recruit/requisition-groups/sales/,アルバイト,,,,,,false,false,false,false,,false,false,false,false,false,求める人材: 社員インタビュー 社内制度 募集要項 〒550-0011 大阪府大阪市西区阿波座1丁目11番地17号西本町有楽ビル8階 [ MAP ],,2026-10-04T14:38:33.030Z,html,200,allowed,ownDomain,true,営業 – 株式会社インテリオール 採用サイト
6122001025685,株式会社インテリオール,サポート – Support,https://interiall.jp/recruit/requisition-groups/supportwork/,アルバイト,,,,,,false,false,false,false,,false,false,false,false,false,求める人材: 社員インタビュー 社内制度 募集要項 〒550-0011 大阪府大阪市西区阿波座1丁目11番地17号西本町有楽ビル8階 [ MAP ],,2026-10-04T14:38:42.661Z,html,200,allowed,ownDomain,true,サポート – 株式会社インテリオール 採用サイト
6122001025685,株式会社インテリオール,総務(事務)【キャリア採用】,https://interiall.jp/recruit/requisition-groups/general/,アルバイト,,,,,,false,false,false,false,,false,false,false,false,false,求める人材: 社員インタビュー 社内制度 募集要項 〒550-0011 大阪府大阪市西区阿波座1丁目11番地17号西本町有楽ビル8階 [ MAP ],,2026-10-04T14:38:45.108Z,html,200,allowed,ownDomain,true,総合 – 株式会社インテリオール 採用サイト
6122001025685,株式会社インテリオール,WEBデザイナー【新卒採用/キャリア採用共通】,https://interiall.jp/recruit/requisition-groups/technical/,アルバイト,,,,,,false,false,false,false,,false,false,false,false,false,求める人材: 社員インタビュー 社内制度 募集要項 〒550-0011 大阪府大阪市西区阿波座1丁目11番地17号西本町有楽ビル8階 [ MAP ],,2026-10-04T14:38:47.501Z,html,200,allowed,ownDomain,true,技術 – 株式会社インテリオール 採用サイト
6122001025685,株式会社インテリオール,ECサイト運用(自社商品販売・ECサイト運営)【キャリア採用】,https://interiall.jp/recruit/requisition-groups/ecsales/,アルバイト,,,,,,false,false,false,false,,false,false,false,false,false,求める人材: 社員インタビュー 社内制度 募集要項 〒550-0011 大阪府大阪市西区阿波座1丁目11番地17号西本町有楽ビル8階 [ MAP ],,2026-10-04T14:38:49.930Z,html,200,allowed,ownDomain,true,販売 – 株式会社インテリオール 採用サイト
6130001021019,株式会社ＪＳＰ,システム開発エンジニア,https://jsp.ne.jp/recruit/guideline/enginner/,正社員,京都府,7500000,,YEAR,html:年収下限のみ,false,false,false,false,,false,false,false,false,false,,,2026-10-04T14:38:28.978Z,html,200,allowed,ownDomain,true,募集要項-システム開発エンジニア｜株式会社メディカルJSP
6130001021019,株式会社ＪＳＰ,システム提案営業,https://jsp.ne.jp/recruit/guideline/sales/,正社員,京都府,12000000,,YEAR,html:年収下限のみ,false,false,false,false,,false,true,false,false,false,,,2026-10-04T14:38:30.786Z,html,200,allowed,ownDomain,true,募集要項-システム提案営業｜株式会社メディカルJSP
6130001021019,株式会社ＪＳＰ,募集要項-ヘルプデスク|株式会社メディカルJSP,https://jsp.ne.jp/recruit/guideline/helpdesk/,正社員,京都府,180000,,MONTH,html:月給下限のみ(万円),false,false,false,false,,false,false,false,false,false,,,2026-10-04T14:38:32.607Z,html,200,allowed,ownDomain,true,募集要項-ヘルプデスク｜株式会社メディカルJSP
6130001021019,株式会社ＪＳＰ,採用エントリー,https://jsp.ne.jp/recruit/entry/,,,,,,,false,false,false,false,,false,false,false,false,false,,,2026-10-04T14:38:34.462Z,html,200,allowed,ownDomain,true,採用エントリー｜株式会社メディカルJSP
6220001026074,株式会社システムサポート,職場を知る,https://www.sts-inc.co.jp/recruit/workplace/,,,,,,,false,false,false,false,,false,true,false,false,false,,,2026-10-04T14:38:36.685Z,html,200,allowed,ownDomain,true,職場を知る | 株式会社システムサポート 採用サイト
6220001026074,株式会社システムサポート,評価制度 | 職場を知る |   採用サイト,https://www.sts-inc.co.jp/recruit/workplace/evaluation/,,,,,,,false,false,false,false,,false,true,false,false,false,,,2026-10-04T14:38:38.409Z,html,200,allowed,ownDomain,true,評価制度 | 職場を知る | 株式会社システムサポート 採用サイト
6220001026074,株式会社システムサポート,資格取得奨励制度 | 職場を知る |   採用サイト,https://www.sts-inc.co.jp/recruit/workplace/certification/,,,,,,,false,false,false,false,,false,true,false,false,false,,,2026-10-04T14:38:40.018Z,html,200,allowed,ownDomain,true,資格取得奨励制度 | 職場を知る | 株式会社システムサポート 採用サイト
6220001026074,株式会社システムサポート,キャリアパス | 職場を知る |   採用サイト,https://www.sts-inc.co.jp/recruit/workplace/career-path/,,,,,,,false,false,false,false,,false,true,false,false,false,,,2026-10-04T14:38:41.640Z,html,200,allowed,ownDomain,true,キャリアパス | 職場を知る | 株式会社システムサポート 採用サイト
6270001004959,株式会社アピオン,リクルート,https://www.apionet.or.jp/company/recruit.html,正社員 | アルバイト,鳥取県,200000,,MONTH,html:月給下限のみ,false,true,true,false,,false,true,false,false,false,,,2026-10-04T14:38:29.771Z,html:recruitmentPageAsSinglePosting,200,allowed,ownDomain,true,リクルート｜アピオンについて｜鳥取倉吉のインターネットサービスプロバイダーのアピオン
6320001001562,ＡＩＤＡ　ＬＩＮＫ株式会社,それぞれの前職と、アイダリンクを選んだ理由,https://aida-link.com/recruit/roundtable/1473/,,がきまりました。入社前にボーリング大会に呼んでもらって、行ったら、当たり前なんですけど、会社の人しかいない、メッチャ緊張するみたいな(笑)。 麻生 介護は「人がいないから募集してるよ」というタイミングでしたね。 ― 入社のきっかけは、それぞ,,,,,false,false,false,false,,false,true,false,false,false,,,2026-10-04T14:38:50.648Z,html,200,allowed,ownDomain,true,社員座談会｜制度が変わる会社の本音 | アイダリンク株式会社 採用サイト
6320001001562,ＡＩＤＡ　ＬＩＮＫ株式会社,採用コラム,https://aida-link.com/recruit/aida-link-times/1528/,,,,,,,false,true,false,false,,false,false,false,false,false,,,2026-10-04T14:38:53.349Z,html,200,allowed,ownDomain,true,よくある質問・FAQ | AIDA LINK 採用
6430001022250,株式会社ＨＤＣ,東京営業本部,https://hdcweb.lilac.co.jp/recruit/senior_cat/tokyo_sales/,,,,,,,false,false,false,false,,false,false,false,false,false,,,2026-10-04T14:38:37.466Z,html,200,allowed,ownDomain,true,東京営業本部 | 株式会社HDC 採用サイト
6430001022250,株式会社ＨＤＣ,株式会社HDC 採用サイト RECRUIT 2027,https://hdcweb.lilac.co.jp/recruit/rookie/,,,,,,,false,false,false,false,,false,false,false,false,false,,,2026-10-04T14:38:39.346Z,html,200,allowed,ownDomain,true,新入社員インタビュー | 株式会社HDC 採用サイト
6430001022250,株式会社ＨＤＣ,株式会社HDC 採用サイト RECRUIT 2027,https://hdcweb.lilac.co.jp/recruit/rookie/k-s/,,,,,,,false,false,false,false,,false,false,false,false,false,,,2026-10-04T14:38:41.223Z,html,200,allowed,ownDomain,true,K.S.法人ビジネス本部 | 株式会社HDC 採用サイト
6430001022250,株式会社ＨＤＣ,株式会社HDC 採用サイト RECRUIT 2027,https://hdcweb.lilac.co.jp/recruit/rookie/t-s-2/,,,,,,,false,false,false,false,,false,false,false,false,false,,,2026-10-04T14:38:43.104Z,html,200,allowed,ownDomain,true,T.S.法人ビジネス本部 | 株式会社HDC 採用サイト
6430001022250,株式会社ＨＤＣ,株式会社HDC 採用サイト RECRUIT 2027,https://hdcweb.lilac.co.jp/recruit/rookie/t-o/,インターン,,,,,,false,false,false,false,,false,true,false,false,false,,,2026-10-04T14:38:44.976Z,html,200,allowed,ownDomain,true,T.O.法人ビジネス本部 | 株式会社HDC 採用サイト
6430001022250,株式会社ＨＤＣ,株式会社HDC 採用サイト RECRUIT 2027,https://hdcweb.lilac.co.jp/recruit/rookie/y-t-2/,,,,,,,false,false,false,false,,false,true,false,false,false,,,2026-10-04T14:38:46.854Z,html,200,allowed,ownDomain,true,Y.T.法人ビジネス本部 | 株式会社HDC 採用サイト
6430001022250,株式会社ＨＤＣ,株式会社HDC 採用サイト RECRUIT 2027,https://hdcweb.lilac.co.jp/recruit/rookie/h-t/,,,,,,,false,false,false,false,,false,true,false,false,false,,,2026-10-04T14:38:49.124Z,html,200,allowed,ownDomain,true,H.T.公共ビジネス本部 | 株式会社HDC 採用サイト
6430001022250,株式会社ＨＤＣ,株式会社HDC 採用サイト RECRUIT 2027,https://hdcweb.lilac.co.jp/recruit/rookie/k-m/,,,,,,,false,false,false,false,,false,true,false,false,false,,,2026-10-04T14:38:51.000Z,html,200,allowed,ownDomain,true,K.M.公共ビジネス本部 | 株式会社HDC 採用サイト
6500001002963,南海放送株式会社,総合職社員募集,https://www.rnb.co.jp/saiyo/recruit.php,アルバイト | インターン,東京都 | 大阪府,,,,,false,false,false,false,,false,false,false,false,false,応募資格: 2027年3月までに4年制大学・大学院を卒業・修了または卒業見込み・修了見込みの方。 または、4年制大学・大学院を卒業・修了後5年以内の方(2022年3月以降卒業。就業経験の有無不問)。 採用人数 若干名,,2026-10-04T14:38:36.437Z,html,200,allowed,ownDomain,true,総合職社員募集｜RNB 南海放送
7010001247946,株式会社マクロミル,総合職 本社採用コース向け 会社説明会 コンサルティングセールス、リサーチャー、その他職種への配属、品川本社以外の拠点へ転勤可能性があるコースとなります。,https://www.macromill.com/recruit/program_2026/,パート | インターン,,,,,,false,false,false,false,,false,false,false,false,false,応募資格: 全学年対象 参加フロー,,2026-10-04T14:38:37.102Z,html,200,allowed,ownDomain,true,Macromill Program – 株式会社マクロミル インターンシップサイト
7010001247946,株式会社マクロミル,リアルなデータを用いて、 マーケティングとリサーチの基礎を 学べる1dayプログラム,https://www.macromill.com/recruit/winter-program_2025/sendai/,,,,,,,false,false,false,false,,false,false,false,false,false,応募資格: 2027年度卒業予定者(院生・学部生のみ) ※専攻・学部・学科は問いません ※SummerProgramに参加した方は参加できません,,2026-10-04T14:38:38.647Z,html,200,allowed,ownDomain,true,Marketing & Research Seminar in Sendai
7010001247946,株式会社マクロミル,Macromill Program  のインターンシップに関するサイトです。業界研究から始まり、業務体験型のプログラムなど4つのコースをご用意しています。,https://www.macromill.com/recruit/program_2026/,パート | インターン,,,,,,false,false,false,false,,false,false,false,false,false,応募資格: 全学年対象 参加フロー,,2026-10-04T14:38:40.175Z,html,200,allowed,ownDomain,true,Macromill Program – 株式会社マクロミル インターンシップサイト
7010001247946,株式会社マクロミル,データアナリスト 採用,https://www.macromill.com/recruit/analyst/,パート,東京都,,,,,false,false,false,false,,false,false,false,false,false,,,2026-10-04T14:38:41.703Z,html,200,allowed,ownDomain,true,データアナリスト採用 | マクロミル
7010001247946,株式会社マクロミル,SENDAI エリア総合職採用(仙台),https://www.macromill.com/recruit/freshers/sendai/,,については非常に重視していました。 INTERVIEW 社員インタビュー 01. 仕事の質を高め、提供価値に磨きをかける リサーチディレクター&emsp;鈴木友渚 02. お客様へ有益なデータをご提供することで、成果が目に見える リサーチデ,,,,,false,false,false,false,,false,true,true,false,false,,,2026-10-04T14:38:46.280Z,html,200,allowed,ownDomain,true,エリア総合職採用（仙台）｜株式会社マクロミル 新卒採用
7010401018749,電通工業株式会社,■ 2026年度(2027年卒)募集要項,https://www.dentsu.ne.jp/guide/recruit/,正社員 | アルバイト | パート,"本社(大井町)、または各支店、営業所 職務内容 初任給 ※業界トップクラス 【営業職】 4年制 256,000円 【技術職】 2年制 241,000円 4年制 256,000円 諸手当 通勤手当、家族手当、残業手当、精勤手当、住宅手当 ※な",,,,,false,false,false,false,,false,true,false,false,false,,,2026-10-04T14:38:38.342Z,html,200,allowed,ownDomain,true,採用情報 | 会社案内 | 電通工業
7010401027345,株式会社報知新聞社,採用情報,https://www.hochi.co.jp/saiyo/,正社員 | アルバイト,,,,,,false,false,true,false,,false,false,false,false,false,応募資格: 学歴・卒業時期 2028年3月までに国内外の専門学校、4年制大学を卒業、または卒業見込みの方 対象 新卒、既卒、学部、学科、年齢は問いません。 社会人の方も応募可能 採用人数・実績 今年度予定: 若干名 22年 23年 24年 25年 26年 6名 (男5/女1) 6名 (男6/女0) 10名 (男7/女3) 10名,,2026-10-04T14:38:38.064Z,html:recruitmentPageAsSinglePosting,200,unavailable,ownDomain,true,採用情報 | 報知新聞社
7010401053829,株式会社電通総研,キャリア採用(コンサルティング職),https://www.dentsusoken.com/consulting_career/,,,,,,,false,false,false,false,,false,false,false,false,false,,,2026-10-04T14:38:39.847Z,html,200,allowed,ownDomain,true,コンサルキャリア採用情報 | 電通総研
7010401098601,株式会社協栄情報,Recruit 【急募】AWSインフラエンジニア(構築・運用),https://www.cp-info.co.jp/recruit/aws-infra-engineer/,,東京都,,,,,false,false,false,false,,false,true,false,false,false,,,2026-10-04T14:38:46.221Z,html,200,unavailable,ownDomain,true,【急募】AWSインフラエンジニア（構築・運用） | 採用情報 | 株式会社協栄情報
7010401098601,株式会社協栄情報,Recruit AWS運用エンジニア,https://www.cp-info.co.jp/recruit/aws-operations-engineer/,正社員,東京都,,,,,false,false,false,false,,false,true,false,false,false,,,2026-10-04T14:38:47.735Z,html,200,unavailable,ownDomain,true,AWS運用エンジニア | 採用情報 | 株式会社協栄情報
7010401098601,株式会社協栄情報,Recruit 【初級エンジニア】ITエンジニア Java、Python、C#、AWS,https://www.cp-info.co.jp/recruit/developer-engineer/,,東京都,,,,,false,false,false,false,,false,true,false,false,false,,,2026-10-04T14:38:49.248Z,html,200,unavailable,ownDomain,true,【初級エンジニア】ITエンジニア Java、Python、C#、AWS | 採用情報 | 株式会社協栄情報
7010401098601,株式会社協栄情報,Recruit 【積極募集中】営業職(クラウドセールス),https://www.cp-info.co.jp/recruit/sales/,,東京都,,,,,false,false,false,false,,false,true,false,false,false,,,2026-10-04T14:38:50.757Z,html,200,unavailable,ownDomain,true,【積極募集中】営業職（クラウドセールス） | 採用情報 | 株式会社協栄情報
7010401098601,株式会社協栄情報,Recruit 官公庁・自治体市場向けITソリューション営業,https://www.cp-info.co.jp/recruit/publicsector-aws-solution-sales/,,東京都,,,,,false,false,false,false,3,false,true,false,false,false,,,2026-10-04T14:38:52.271Z,html,200,unavailable,ownDomain,true,官公庁・自治体市場向けITソリューション営業 | 採用情報 | 株式会社協栄情報
7010401098601,株式会社協栄情報,Recruit マーケティング担当,https://www.cp-info.co.jp/recruit/marketing/,,東京都,,,,,false,false,false,false,,false,true,false,false,false,,,2026-10-04T14:38:53.791Z,html,200,unavailable,ownDomain,true,マーケティング担当 | 採用情報 | 株式会社協栄情報
7010701023110,株式会社ＥＳＮＡ,採用情報 | ITインフラ構築・運用は株式会社ESNA,https://esna.jp/recruit/,正社員,東京都 | 埼玉県 | 千葉県 | 神奈川県,4800000,,YEAR,html:年収下限のみ,false,true,false,false,,false,true,false,false,false,応募資格: 第2新卒も大歓迎! 学歴不問 ネットワーク・サーバ等、ITの仕事に興味がある方 PCの基本操作が可能な方(Excel/Word等) 勉強が苦じゃない方 手に職をつけたい方 【あると望ましい経験・能力】 CCNAやCCNP、MCP、LPIC等のインフラ資格をお持ちの方 ITエンジニアとして活躍したいという熱い思いをお持ち,あると望ましい: 経験・能力】 CCNAやCCNP、MCP、LPIC等のインフラ資格をお持ちの方 ITエンジニアとして活躍したいという熱い思いをお持ちの方 学生時代何かに打ち込んだ経験をお持ちの方(スポーツでも何でもいいです) 何事にも前向きに取り組める方,2026-10-04T14:38:41.554Z,html:recruitmentPageAsSinglePosting,200,allowed,ownDomain,true,採用情報 | ITインフラ構築・運用は株式会社ESNA
7021001009146,システムワークスジャパン株式会社,キャリア採用 セキュリティエンジニア,https://www.swj.co.jp/recruit/outline/career-security-engineer/,正社員,神奈川県,3500000,8500000,YEAR,html:年収レンジ,false,false,false,false,,false,false,true,false,false,必須スキル: インフラ、もしくは開発、セキュリティなどにおける運用・構築・設計のいずれかの経験 ・能動的に、お客様や社内関係者とコミュニケーションが取れる ■,"歓迎スキル: 活かせる経験 ・シングルサインオン・ID管理の導入・運用・サポートのいずれかの経験 ・セキュリティに関する基本的な知識や理解、または資格などをお持ちの方 ・プログラミングスキル(Python, PowerShellなど)を運用や実務で利用していた方 ・リーダー経験や育成経験がある方 ・SIerでのご経験をお持ちの方 求",2026-10-04T14:38:51.352Z,html,200,allowed,ownDomain,true,キャリア採用 - セキュリティエンジニア | システムワークスジャパン（SWJ）
7021001009146,システムワークスジャパン株式会社,キャリア採用 営業,https://www.swj.co.jp/recruit/outline/career-sales/,正社員 | パート,神奈川県,4000000,7000000,YEAR,html:年収レンジ,false,false,false,false,,false,false,true,false,false,必須スキル: IT業界の法人向け営業経験者 ・能動的に、お客様や社内関係者とコミュニケーションが取れる ■,歓迎スキル: 活かせる経験 ・事業会社への法人営業経験者(直販営業経験)やパートナー営業経験者 ・セキュリティやIDに関わる営業経験者 ・システム開発の営業経験 ・セールスエンジニアの経験 ・SIerでのご経験をお持ちの方 求める人物像 ・技術習得に旺盛な気持ちを持っている方 ・未来を自分の力で切り開こうと思う方 ・自分の経験や知識,2026-10-04T14:38:54.599Z,html,200,allowed,ownDomain,true,キャリア採用 -営業 | システムワークスジャパン（SWJ）
7021001009146,システムワークスジャパン株式会社,エンジニア,https://www.swj.co.jp/recruit/job/,パート,,,,,,false,true,false,false,,false,true,false,false,false,,,2026-10-04T14:38:57.660Z,html,200,allowed,ownDomain,true,仕事のこと | 採用情報 | システムワークスジャパン（SWJ）
7021001009146,システムワークスジャパン株式会社,新卒採用,https://www.swj.co.jp/recruit/outline/newgrad/,正社員,神奈川県,,,,,false,false,false,false,,false,false,true,false,false,応募資格: 2027年3月卒業または修了見込みの方 専門・短大・高専・大学・大学院卒業の方 ※学部・学科不問 求める人物像 ・技術習得に旺盛な気持ちを持っている方 ・未来を自分の力で切り開こうと思う方,,2026-10-04T14:39:00.724Z,html,200,allowed,ownDomain,true,新卒採用 | 採用情報 | システムワークスジャパン（SWJ）
7120001093280,日本ソフトウエア株式会社,制御系SE,https://www.nsware.co.jp/career/index.html,正社員 | 派遣社員 | インターン,大阪府 | 滋賀県 | 兵庫県,,,,,false,false,false,false,,false,false,false,false,false,応募資格: ソフトウェア業界で働きたい・スキルアップしたいという方 C、C++などによる通信・制御系、ファームウエア、組み込み系開発経験ある方歓迎 システム開発における、キーマンまたはプロジェクトリーダとして参加したことのある方歓迎 幅広い分野で先端技術を身に付け、キャリアアップしたい方歓迎,,2026-10-04T14:38:49.741Z,html,200,unavailable,ownDomain,true,募集要項－キャリア採用－日本ソフトウエア株式会社
7120001093280,日本ソフトウエア株式会社,Salseforceのエンジニア (SE・プログラマ),https://www.nsware.co.jp/career/index2.html,正社員 | 派遣社員 | インターン,大阪府 | 滋賀県 | 兵庫県,,,,,false,false,false,false,,false,false,false,false,false,応募資格: Salseforceの設計、開発、導入、PM/PL、顧客対応業務の経験者 ユーザ様に顔を向けた積極的なソリューション提案ができる方 オープン系の開発経験をお持ちの方 【歓迎】 マネジメント経験(PM、あるいはPL)がある方 Salesforceを使ったシステム開発経験のある方 Salesforce 認定資格を保持してい,,2026-10-04T14:38:51.262Z,html,200,unavailable,ownDomain,true,募集要項－キャリア採用－日本ソフトウエア株式会社
7120001093280,日本ソフトウエア株式会社,キャリア採用,https://www.nsware.co.jp/career/entry/,派遣社員 | インターン,,,,,,false,false,false,false,,false,false,false,false,false,,,2026-10-04T14:38:52.785Z,html,200,unavailable,ownDomain,true,エントリーシート－キャリア採用－日本ソフトウエア株式会社
7140001007718,コベルコシステム株式会社,新卒採用,https://www.kobelcosys.co.jp/recruit/student/,,,,,,,false,false,false,false,,false,false,false,false,false,求める人材: 像 選考プロセス 募集要項 よくあるご質問 ワークショップ紹介 コベルコシステム株式会社企業情報 2027 ENTRY My Page 2028 ENTRY My Page SKIP Engineering FORWARD 日本のものづくりを支え 駆動させていく最先端のIT 会社紹介MOVIE 社員が語るコベルコシステ,,2026-10-04T14:38:53.176Z,html,200,unavailable,ownDomain,true,コベルコシステム採用サイト
7140001007718,コベルコシステム株式会社,キャリア採用,https://www.kobelcosys.co.jp/recruit/career/,パート,,,,,,false,false,false,false,,false,true,false,false,false,,,2026-10-04T14:38:54.755Z,html,200,unavailable,ownDomain,true,コベルコシステム キャリア採用サイト
7140001007718,コベルコシステム株式会社,障がい者採用情報,https://www.kobelcosys.co.jp/recruit/disability/,正社員 | 契約社員,の配慮がある ・リモートワーク可 ・ノー残業デーがある ・出勤時間帯への配慮がある ・通院のための配慮がある ・入社後のフォロー体制がある ・産業保健師、産業医面談がある 施設準備 ※勤務地により異なります ・休養室等 ・自動車通勤 ・車い,,,,,false,false,true,false,,false,true,true,false,false,"必要なスキル: 経験者優遇 契約期間 1年間(契約社員の場合のみ。入社時期により変動ありかつ、契約更新あり) 試用期間 試用期間あり(3ヶ月) 賃金 ■新卒【初任給:2026年4月実績】 大学院了 / 290,000円 大学卒 / 280,000円 高等専門学校卒/ 260,000円 ■中途・契約社員 経験・能力を考慮のうえ決定いたし",,2026-10-04T14:38:56.328Z,html,200,unavailable,ownDomain,true,コベルコシステム 障がい者採用サイト
7200001012075,株式会社アクシス,募集職種一覧,https://www.axis-corp.com/recruit/jobs/,アルバイト | パート,,,,,,false,true,false,false,,false,false,false,false,false,,,2026-10-04T14:38:55.972Z,html,200,allowed,ownDomain,true,募集要項 – 採用情報 – 株式会社アクシス
7200001030597,株式会社ＬｉｎｋＳｔｏｒｙ,新卒採用,https://recruit.linkstory.co.jp/information-cat/mid-career,正社員 | アルバイト | パート,,,,,,false,false,false,false,,false,false,false,false,false,,,2026-10-04T14:38:58.940Z,html,200,allowed,ownDomain,true,中途採用｜募集要項｜LinkStory採用特設サイト
7230001005373,株式会社高志インテック,キャリアサポート,https://www.koushi-intec.co.jp/recruit/careersupport/,,,,,,,false,false,false,false,,false,true,false,false,false,,,2026-10-04T14:38:57.934Z,html,200,unavailable,ownDomain,true,キャリアサポート | 採用情報 | 高志インテック
7290001006630,応研株式会社,営業部 SALES DEPARTMENT,https://www.ohken.co.jp/recruit/person/,時短勤務,,,,,,false,false,false,false,,false,true,false,false,false,,,2026-10-04T14:39:01.833Z,html,200,allowed,ownDomain,true,働く人を知る | 採用情報トップ｜会計ソフト・会計システム「大蔵大臣&reg;」の応研株式会社
7290001006977,株式会社ＱＴｎｅｔ,エンジニア契約社員採用募集要項,https://www.qtnet.co.jp/recruit/information/engineer/,正社員 | 契約社員 | インターン,福岡県,250000,400000,MONTH,html:月給レンジ(万円),false,false,false,false,3,false,false,false,false,false,必須要件: 以下1つ以上のご経験 キャリアネットワーク、またはエンタープライズネットワークの設計・構築・運用・保守の経験(3年以上)を有すること VMwareやCitrix、Microsoftを用いた仮想基盤構築・運用・保守の経験(3年以上)を有すること LinuxやWindows Server、ストレージを用いたサーバ、クラウド,あると望ましい: ご経験・資格・免許 自治体(関連団体も含む)、文教、金融など、業界に特化した提案、設計、構築、保守の経験 大・中規模程度の構築案件におけるPM(プロジェクトマネージャー)、PL(プロジェクトリーダー)の経験 通信事業者のサービス(有線、モバイル)を利用した拠点間ネットワークの提案、設計、構築、保守の経験 ロードバランサ,2026-10-04T14:38:59.387Z,html,200,unavailable,ownDomain,true,エンジニア契約社員採用募集要項 | 採用情報 | 株式会社QTnet 採用情報
7290001006977,株式会社ＱＴｎｅｔ,営業部門,https://www.qtnet.co.jp/recruit/work/sales.html,契約社員 | パート | インターン,,,,,,false,false,false,false,,false,false,false,false,false,,,2026-10-04T14:39:00.925Z,html,200,unavailable,ownDomain,true,営業部門の業務内容 | 仕事を知る | 株式会社QTnet 採用情報
7290001006977,株式会社ＱＴｎｅｔ,障がい者採用募集要項,https://www.qtnet.co.jp/recruit/information/inclusive/,契約社員 | インターン,,,,,,false,false,false,false,,false,false,false,false,false,,,2026-10-04T14:39:17.999Z,html,200,unavailable,ownDomain,true,障がい者採用募集要項 | 採用情報 | 株式会社QTnet 採用情報
7330001000364,株式会社イノス,中途採用,https://www.inos.co.jp/recruit/application_career/,,,,,,,false,false,false,false,,false,false,false,false,false,,,2026-10-04T14:39:10.758Z,html,200,allowed,ownDomain,true,株式会社イノス &raquo; 募集要項 中途採用
7400001000480,株式会社技電工業,電気工事・電気通信工事作業員,https://www.giden.co.jp/publics/index/31/,FULL_TIME,岩手県 盛岡市 2地割143番地1,175000,175000,MONTH,jsonld:baseSalary,false,false,false,false,,false,false,false,false,false,,,2026-10-04T14:39:02.953Z,jsonld,200,unavailable,ownDomain,true,
7410001004472,ノリット・ジャポン株式会社,経理事務及びショップ接客スタッフ(パート),https://www.norit.jp/recruit/recruit260501/,パート,"鹿角市大湯(道の駅おおゆ) 勤務時間 変形労働時間制 18 30~17 30 28 00~17 00 39 00~18 00 1~3交代制 休日・休暇 週休二日(シフト制による) 給与 時給1,031円~1,150円 待遇・福利厚生 社会保",,,,,false,false,false,false,,false,false,false,false,false,応募資格: Excel、Word パソコン基本操作ができること ・会計ソフト利用経験者優遇 就業場所 鹿角市大湯(道の駅おおゆ),,2026-10-04T14:39:06.627Z,html,200,allowed,ownDomain,true,経理事務及びショップ接客スタッフ（パート） | ノリット・ジャポン株式会社
7410001004472,ノリット・ジャポン株式会社,地方産品・自社他社ブランドの営業,https://www.norit.jp/recruit/%e5%9c%b0%e6%96%b9%e7%94%a3%e5%93%81%e3%83%bb%e8%87%aa%e7%a4%be%e4%bb%96%e7%a4%be%e3%83%96%e3%83%a9%e3%83%b3%e3%83%89%e3%81%ae%e5%96%b6%e6%a5%ad/,,秋田県,,,,,false,false,false,false,3,false,false,false,false,false,応募資格: 必要な経験・知識・技能等あれば尚可 ・営業経験3年以上(業種不問) ・健康で元気な方 ・要普通免許 就業場所 秋田市本社,尚可: 営業経験3年以上(業種不問) ・健康で元気な方 ・要普通免許 就業場所 秋田市本社,2026-10-04T14:39:08.222Z,html,200,allowed,ownDomain,true,地方産品・自社他社ブランドの営業 | ノリット・ジャポン株式会社
7410001004472,ノリット・ジャポン株式会社,アートディレクター,https://www.norit.jp/recruit/%e3%82%a2%e3%83%bc%e3%83%88%e3%83%87%e3%82%a3%e3%83%ac%e3%82%af%e3%82%bf%e3%83%bc/,,秋田県,,,,,false,false,false,false,3,true,false,false,false,true,応募資格: デザインプロダクション等での実務経験3年以上 ・デザインのセンスと探究心、行動力、コミュニケーション能力があること ・Photoshop、Illustrator、InDesignのプロフェッショナルな技術 ・今までの制作実積や作品、ポートフォリオの提出必須 ・HTML、CSSなどの基本知識、HTMLマークアップの経験者,,2026-10-04T14:39:09.815Z,html,200,allowed,ownDomain,true,アートディレクター | ノリット・ジャポン株式会社
7410001004472,ノリット・ジャポン株式会社,デザイナー,https://www.norit.jp/recruit/%e3%83%87%e3%82%b6%e3%82%a4%e3%83%8a%e3%83%bc/,,秋田県,,,,,false,false,false,false,1,true,false,false,false,true,応募資格: 実務経験1年以上 ・探究心、行動力、コミュニケーション能力があること ・Photoshop、Illustrator、InDesignの技術を持っていること ・今までの制作実積や作品、ポートフォリオの提出必須 就業場所 秋田市本社,,2026-10-04T14:39:11.389Z,html,200,allowed,ownDomain,true,デザイナー | ノリット・ジャポン株式会社
7410001004472,ノリット・ジャポン株式会社,アシスタントデザイナー,https://www.norit.jp/recruit/%e3%82%a2%e3%82%b7%e3%82%b9%e3%82%bf%e3%83%b3%e3%83%88%e3%83%87%e3%82%b6%e3%82%a4%e3%83%8a%e3%83%bc/,,秋田県,,,,,false,false,false,false,,false,false,false,false,true,応募資格: デザインについての基礎的な知識を持っていること。 ・探究心、行動力、コミュニケーション能力があること ・Photoshop、Illustrator、InDesignの知識を持っていること ・今までの制作実積や作品、ポートフォリオの提出必須 就業場所 秋田市本社,,2026-10-04T14:39:12.966Z,html,200,allowed,ownDomain,true,アシスタントデザイナー | ノリット・ジャポン株式会社
7410001004472,ノリット・ジャポン株式会社,Webエンジニア,https://www.norit.jp/recruit/web%e3%82%a8%e3%83%b3%e3%82%b8%e3%83%8b%e3%82%a2/,,秋田県,,,,,false,false,false,false,,false,false,false,false,false,応募資格: HTML・CSS・javascriptを用いたWebサイト構築経験者 Webデザイン・PHPプログラミング・CMS構築・スマートフォンサイト制作・ディレクション経験者優遇。 就業場所 秋田市本社,,2026-10-04T14:39:14.530Z,html,200,allowed,ownDomain,true,Webエンジニア | ノリット・ジャポン株式会社
7410001004472,ノリット・ジャポン株式会社,営業サポート(パート),https://www.norit.jp/recruit/%e5%96%b6%e6%a5%ad%e3%82%b5%e3%83%9d%e3%83%bc%e3%83%88%e4%ba%8b%e5%8b%99%e3%83%91%e3%83%bc%e3%83%88/,パート,秋田県,,,,,false,false,false,false,,false,false,false,false,false,応募資格: パソコン操作(エクセル、ワード) ・要普通免許(AT限定可) ※会計・簿記などの経験がある方 就業場所 秋田市本社,,2026-10-04T14:39:16.137Z,html,200,allowed,ownDomain,true,営業サポート（パート） | ノリット・ジャポン株式会社
7430001022225,株式会社ＮＴＴデータ北海道,NTTデータ北海道 を知る,https://www.nttdata-hokkaido.co.jp/recruit/index.html,,,,,,,false,false,false,false,,false,false,false,false,false,求める人材: 前例のないことに積極的にトライする人 周囲と協調・協力し、自律的に考え、 行動できる人 プロフェッショナル人材へと自らが前向きになって取り組む人 ハラスメント防止への取り組み 募集要項・採用フロー 採用担当者より 採用プロモーション動画 ENTRY,,2026-10-04T14:39:05.943Z,html,200,unavailable,ownDomain,true,RECRUIT SITE｜株式会社NTTデータ北海道
7430001022225,株式会社ＮＴＴデータ北海道,NTTデータ北海道 を知る,https://www.nttdata-hokkaido.co.jp/recruit/about/index.html,,,,,,,false,false,false,false,,false,false,false,false,false,,,2026-10-04T14:39:07.476Z,html,200,unavailable,ownDomain,true,NTTデータ北海道を知る｜RECRUIT SITE｜株式会社NTTデータ北海道
7430001022225,株式会社ＮＴＴデータ北海道,NTTデータ国内グループ 採用事務局 NTTデータ北海道 の求人一覧,https://hrmos.co/pages/nttd-group/jobs?category=1880132804054929408,正社員 | 契約社員 | パート,情報 社員は40名ほど在籍しており、パートナーも含めると120〜150名程度の規模です パートナー社との役割分担は顧客との折衝など上流工程を当社が主に実施し、下流工程である開発・テストをパートナー社と共同で進めています ■リモートワーク率,7000000,,YEAR,html:年収下限のみ,false,true,false,false,5,true,true,true,false,false,必須条件: 下記いずれの経験も必須 ・IT業界経験、開発業務経験5年以上 ・ビジネスパートナーのマネジメント経験がある方 ・プロジェクトメンバーのマネジメント経験がある方,歓迎条件: Javaの開発経験がある方 ・人とコミュニケーションを取るのが好きな方 ・AIやDXなどのご経験がある方 求める人物像 ・お客様を含めステークホルダと円滑なコミュニケーションができること ・進捗管理、品質管理を含めたチームマネジメントができること 過去入社者 ・エンドクライアントとの打ち合わせフェーズから同席し、下請け,2026-10-04T14:39:07.628Z,html,200,unavailable,atsHosted,true,NTTデータ国内グループ 採用事務局 NTTデータ北海道 の求人一覧
8010401084443,ＮＲＩセキュアテクノロジーズ株式会社,新卒採用イベント,https://www.nri-secure.co.jp/recruit/event/2026/katagaitaictfchallenge2026,インターン,,,,,,false,true,false,false,,false,false,false,false,false,,,2026-10-04T14:39:06.858Z,html,200,allowed,ownDomain,true,【11/7開催】CTFイベント katagaitaiCTF Challenge 2026 | 新卒採用情報 | 情報セキュリティのNRIセキュア
8010401084443,ＮＲＩセキュアテクノロジーズ株式会社,キャリア採用イベント,https://www.nri-secure.co.jp/career/seminar/2026,,,,,,,false,false,false,false,,false,false,false,false,false,"求める人材: 像、ポジションについて おすすめの方 ・セキュリティの仕事内容について知りたい方 ・サイバーセキュリティの最新動向について知りたい方 ・セキュリティ専業企業の特徴について知りたい方 ・セキュリティコンサルタントとしてキャリアアップしたい方 参加申込は以下のENTRYボタンよりお願いいたします。 ENTRY "" load",,2026-10-04T14:39:08.417Z,html,200,allowed,ownDomain,true,オンライン事業説明会 | キャリア採用情報 | 情報セキュリティのNRIセキュア
8010401084443,ＮＲＩセキュアテクノロジーズ株式会社,新卒採用イベント,https://www.nri-secure.co.jp/recruit/seminar/2026/winter,パート | インターン,,,,,,false,false,false,false,,false,false,false,false,false,,,2026-10-04T14:39:09.980Z,html,200,allowed,ownDomain,true,【8/19開催】冬インターンシップ紹介セミナー ～セキュリティコース編～ | 新卒採用情報 | 情報セキュリティのNRIセキュア
8010401084443,ＮＲＩセキュアテクノロジーズ株式会社,■ セキュリティソリューション開発 自社で開発しているセキュリティ製品の改良(機能追加)や、自動化に向けた技術調査・検証・実装など、エンジニア視点の開発プロセスを体験できます。 セキュリティ製品・ソリューション,https://www.nri-secure.co.jp/recruit/internship/2026/winter,インターン,,,,,,false,false,false,false,,false,true,false,false,false,,,2026-10-04T14:39:11.529Z,html,200,allowed,ownDomain,true,冬インターンシップ セキュリティコース | 新卒採用情報 | 情報セキュリティのNRIセキュア
8010401084443,ＮＲＩセキュアテクノロジーズ株式会社,NRIセキュア キャリア採用,https://www.nri-secure.co.jp/career/,,,,,,,false,false,false,false,,false,false,false,false,false,,,2026-10-04T14:39:14.618Z,html,200,allowed,ownDomain,true,キャリア採用情報 | 情報セキュリティのNRIセキュア
8010401084443,ＮＲＩセキュアテクノロジーズ株式会社,新卒採用,https://www.nri-secure.co.jp/recruit,インターン,,,,,,false,false,false,false,,false,false,false,false,false,,,2026-10-04T14:39:17.706Z,html,200,allowed,ownDomain,true,新卒採用情報 | 情報セキュリティのNRIセキュア
8010401084443,ＮＲＩセキュアテクノロジーズ株式会社,セキュリティコンサルタント 平柳 俊一郎,https://www.nri-secure.co.jp/career/person/person-01,,,,,,,false,false,false,false,,false,false,false,false,false,,,2026-10-04T14:39:19.244Z,html,200,allowed,ownDomain,true,セキュリティコンサルタント（平柳）| キャリア採用情報 | 情報セキュリティのNRIセキュア
8010401084443,ＮＲＩセキュアテクノロジーズ株式会社,セキュリティコンサルタント 萩原 泰志,https://www.nri-secure.co.jp/career/person/person-03,,,,,,,false,false,false,false,,false,false,false,false,false,,,2026-10-04T14:39:20.785Z,html,200,allowed,ownDomain,true,セキュリティコンサルタント（萩原）| キャリア採用情報 | 情報セキュリティのNRIセキュア
8010701003350,株式会社ＣＳＭソリューション,当社の関わる開発が紹介されました!,https://www.cosmo.co.jp/recruit/uncategorized/2582/%e5%bd%93%e7%a4%be%e3%81%ae%e9%96%a2%e3%82%8f%e3%82%8b%e9%96%8b%e7%99%ba%e3%81%8c%e7%b4%b9%e4%bb%8b%e3%81%95%e3%82%8c%e3%81%be%e3%81%97%e3%81%9f%ef%bc%81/,,,,,,,false,false,false,false,,false,true,false,false,false,,,2026-10-04T14:39:11.781Z,html,200,allowed,ownDomain,true,当社の関わる開発が紹介されました！ | 株式会社CSMソリューション 採用情報
8010701003350,株式会社ＣＳＭソリューション,新卒採用,https://www.cosmo.co.jp/recruit/requirements/requirements-new/,,東京都,,,,,false,false,false,false,,false,true,true,false,false,,,2026-10-04T14:39:24.452Z,html,200,allowed,ownDomain,true,新卒採用 | 募集要項 | 株式会社CSMソリューション 採用情報
8010701003350,株式会社ＣＳＭソリューション,中途採用,https://www.cosmo.co.jp/recruit/requirements/mid-career/,,東京都 | 長野県 | 大分県,,,,,false,false,false,false,,false,true,false,false,false,求める人材: Web系またはオープン系の業務システム開発経験がある方 ・組込みソフトの開発経験がある方 ・サーバの設計もしくは構築の経験がある方 ・大学・高専・専門学校・職業訓練校等で情報系を専攻されていた方 (または同等の知識・スキルを有する方),歓迎要件: いずれかの要件に当てはまる方を歓迎します! ・アプリケーション開発経験のある方 ・ネットワーク関連の開発経験のある方 ・Android、iOS開発経験のある方 ・データベースの設計・構築やUMLを使ったプログラム設計の経験がある方 ・リーダー職候補も歓迎します 回路設計技術者 業務内容 回路設計 (部品選定・設計・デバ,2026-10-04T14:39:26.574Z,html,200,allowed,ownDomain,true,中途採用 | 募集要項 | 株式会社CSMソリューション 採用情報
8011101045347,株式会社クロスゲームズ,キャリア採用(中途)|ゲーム開発エンジニア・クリエイター,https://www.cross-games.jp/recruit/career.html,正社員 | 契約社員 | アルバイト,東京都 | 福岡県,6500000,,YEAR,html:年収下限のみ,false,true,false,false,,true,false,true,false,true,必須スキル: 何らかのシステム開発経験者 ・ゲーム業界経験不問 ・自作活動優遇 ・LAMPでの業務系開発経験者歓迎 ■,歓迎スキル: オープン系、汎用系関わらずプログラマーの業務経験 ・Unityでのゲーム開発経験(プライベートでの経験可) ・コンシューマゲーム開発経験 ・Laravelを使用した開発経験 ・SaaSの開発経験 ・JavaScript/TypeScriptでのフロントエンド開発経験 ・AI等への強い関心 【言語等】 C、C++、C#、,2026-10-04T14:39:08.610Z,html,200,unavailable,ownDomain,true,採用情報_キャリア採用
8011101045347,株式会社クロスゲームズ,アルバイト採用|ゲーム開発の制作サポート,https://www.cross-games.jp/recruit/arbeit.html,アルバイト,東京都 | 福岡県,,,,,false,false,false,false,,false,false,true,false,false,必須スキル: キーボード入力などPC操作がスムーズにできる方 ■,歓迎スキル: 何らかのテスター経験 ・普段から様々なゲームをやり込む方 ・目新しいサービスやアプリが好きな方 ・プログラミングなどの経験がある方 求める 人物像 ・新しい物事が好きな方 ・コミュニケーション力のある方 ・論理的思考な方 ・多少のITリテラシーのある方 ・まとめ役が好きな方,2026-10-04T14:39:10.151Z,html,200,unavailable,ownDomain,true,採用情報_アルバイト採用
8011101045347,株式会社クロスゲームズ,新卒採用|ゲーム開発のキャリア募集,https://www.cross-games.jp/recruit/newgraduates.html,正社員 | アルバイト,東京都 | 福岡県,,,,,false,false,false,false,,false,false,true,false,true,応募資格: 卒業見込みの大学院生、大学生、短大生、専門学校生、高等専門学校生、及び同等の資格保持者 ・作品(ポートフォリオ)提出 プログラミング経験(学校/個人問わず) 例)C、C++、C#、JavaScript、PHPなど 「ゲーム」はデジタル/アナログ問わず、ゲームと名が付けば可,,2026-10-04T14:39:11.696Z,html,200,unavailable,ownDomain,true,採用情報_新卒採用
8012801006761,株式会社テイルウィンドシステム,新卒採用,https://www.tailwind.co.jp/recruit/saiyo/,時短勤務,東京都,,,,,true,false,false,false,,false,true,false,false,false,応募資格: 新卒(2027年3月 ・2028年3月卒業(修了)予定)及び第二新卒(学校卒業後3年未満)の 方。 学部・学科は問いません。 やる気のある方をお待ちしております。,,2026-10-04T14:39:11.436Z,html,200,allowed,ownDomain,true,新卒採用 - テイルウィンドシステム
8012801006761,株式会社テイルウィンドシステム,中途採用,https://www.tailwind.co.jp/recruit/career/,,本社・都内近郊 ※あなたの希望を最優先します。 給与 年齢・経験を考慮の上、当社規定にて優遇 25 ~ 60 万円 / 月末締め翌月 25 日払い 資格手当等、福利厚生充実 勤務時間 9 00~18 00 標準労働時間 8 時間 <週休2日,,,,,false,false,false,false,1,false,false,false,false,false,応募資格: 経験1年以上 年齢不問 チャレンジ精神旺盛な方 コミュニケーションを重視します。,,2026-10-04T14:39:13.185Z,html,200,allowed,ownDomain,true,中途採用 - テイルウィンドシステム
8012801006761,株式会社テイルウィンドシステム,新卒採用,https://www.tailwind.co.jp/recruit/saiyo/n_entry/,,,,,,,false,false,true,false,,false,false,false,false,false,,,2026-10-04T14:39:14.898Z,html,200,allowed,ownDomain,true,新卒採用エントリー - テイルウィンドシステム
8012801006761,株式会社テイルウィンドシステム,中途採用,https://www.tailwind.co.jp/recruit/career/c_entry/,,,,,,,false,false,false,false,,false,false,false,false,false,,,2026-10-04T14:39:17.124Z,html,200,allowed,ownDomain,true,中途採用エントリー - テイルウィンドシステム
8020001071758,ＮＲＩシステムテクノ株式会社,社員データ,https://www.nri-st.co.jp/recruit/company/data/,,,,,,,false,false,false,false,,false,true,false,false,false,,,2026-10-04T14:39:15.041Z,html,200,unavailable,ownDomain,true,社員データ - 社員を知る | 採用情報 | NRIシステムテクノ株式会社
8020001071758,ＮＲＩシステムテクノ株式会社,キャリア・能力開発支援制度,https://www.nri-st.co.jp/recruit/system/educationsystem/,,,,,,,false,false,false,false,,false,true,false,false,false,,,2026-10-04T14:39:26.281Z,html,200,unavailable,ownDomain,true,教育制度 - 制度を知る | 採用情報 | NRIシステムテクノ株式会社
8080401020581,株式会社ネクサス,東京・浜松でITエンジニアとして働くなら |募集要項,https://recruit.nexus-nt.co.jp/joblist/p4504/,正社員 | 契約社員,を決定いたします 具体的には・・・ ■要件定義 ■基本・詳細設計 ■製造(開発) ■テスト ■運用保守 など上流をはじめとして開発の幅広いフェーズからプロジェクトへの参画が可能です。 主な開発実績・・・ ■業務支援システム開発 【言語】JA,5500000,8000000,YEAR,html:年収レンジ,false,true,false,false,5,false,true,true,false,false,求める人材: 事業紹介・実績 数字で見るネクサス 採用メディア 仕事について知る GET TO KNOW WORK 働き方・カルチャー キャリア・教育研修 先輩インタビュー 募集要項,尚可: 上流工程および基本設計の経験をお持ちの方 何らかの特化した領域における業務知識をお持ちの方 一覧へ戻る CATEGORY カテゴリ すべての採用情報 キャリア採用 未経験採用 夢中になれる自分を、 構築しよう。 募集要項,2026-10-04T14:39:21.165Z,html,200,allowed,ownDomain,true,東京／システムエンジニア5年以上／案件選択制／現年収確約／残業15時間以内／リモート有／副業OK｜株式会社ネクサス採用サイト｜新卒・中途のITエンジニア募集
8080401020581,株式会社ネクサス,東京・浜松でITエンジニアとして働くなら |募集要項,https://recruit.nexus-nt.co.jp/joblist/p4501/,正社員 | 契約社員,を決定いたします 具体的には・・・ ■要件定義 ■基本・詳細設計 ■製造(開発) ■テスト ■運用保守 など上流をはじめとして開発の幅広いフェーズからプロジェクトへの参画が可能です。 主な開発実績・・・ ■業務支援システム開発 【言語】JA,4000000,6000000,YEAR,html:年収レンジ,false,true,false,false,3,false,true,true,false,false,求める人材: 事業紹介・実績 数字で見るネクサス 採用メディア 仕事について知る GET TO KNOW WORK 働き方・カルチャー キャリア・教育研修 先輩インタビュー 募集要項,尚可: 上流工程および基本設計の経験をお持ちの方 何らかの特化した領域における業務知識をお持ちの方 一覧へ戻る CATEGORY カテゴリ すべての採用情報 キャリア採用 未経験採用 夢中になれる自分を、 構築しよう。 募集要項,2026-10-04T14:39:22.802Z,html,200,allowed,ownDomain,true,東京／システムエンジニア3年以上／案件選択制／現年収確約／残業15時間以内／リモート有／副業OK｜株式会社ネクサス採用サイト｜新卒・中途のITエンジニア募集
8080401020581,株式会社ネクサス,東京・浜松でITエンジニアとして働くなら |募集要項,https://recruit.nexus-nt.co.jp/joblist/p2786/,正社員 | 契約社員,東京都,3500000,4000000,YEAR,html:年収レンジ,false,true,false,false,,false,true,true,false,false,求める人材: 事業紹介・実績 数字で見るネクサス 採用メディア 仕事について知る GET TO KNOW WORK 働き方・カルチャー キャリア・教育研修 先輩インタビュー 募集要項,,2026-10-04T14:39:24.409Z,html,200,allowed,ownDomain,true,未経験歓迎／学歴不問／法⼈営業／残業ほぼなし／リモート勤務あり｜株式会社ネクサス採用サイト｜新卒・中途のITエンジニア募集
8080401020581,株式会社ネクサス,東京・浜松でITエンジニアとして働くなら |募集要項,https://recruit.nexus-nt.co.jp/joblist/p2434/,正社員 | 契約社員,東京都 | 埼玉県 | 千葉県 | 神奈川県,3220000,3600000,YEAR,html:年収レンジ,false,true,false,false,,false,true,true,false,false,求める人材: 事業紹介・実績 数字で見るネクサス 採用メディア 仕事について知る GET TO KNOW WORK 働き方・カルチャー キャリア・教育研修 先輩インタビュー 募集要項,歓迎条件: 基本情報技術者試験やJava Silver等の資格保有者 一覧へ戻る CATEGORY カテゴリ すべての採用情報 キャリア採用 未経験採用 夢中になれる自分を、 構築しよう。 募集要項,2026-10-04T14:39:26.012Z,html,200,allowed,ownDomain,true,未経験歓迎／学歴不問／インフラエンジニア／入社後1～2ヵ月以上の充実した研修制度｜株式会社ネクサス採用サイト｜新卒・中途のITエンジニア募集
8080401020581,株式会社ネクサス,東京・浜松でITエンジニアとして働くなら |募集要項,https://recruit.nexus-nt.co.jp/joblist/p863/,正社員 | 契約社員,を決定いたします 具体的には・・・ ■要件定義 ■基本・詳細設計 ■製造(開発) ■テスト ■運用保守 など上流をはじめとして開発の幅広いフェーズからプロジェクトへの参画が可能です。 主な開発実績・・・ ■業務支援システム開発 【言語】JA,4000000,8000000,YEAR,html:年収レンジ,false,true,false,false,,false,true,true,false,false,求める人材: 事業紹介・実績 数字で見るネクサス 採用メディア 仕事について知る GET TO KNOW WORK 働き方・カルチャー キャリア・教育研修 先輩インタビュー 募集要項,,2026-10-04T14:39:27.614Z,html,200,allowed,ownDomain,true,即戦力優遇／プログラマー・システムエンジニア／残業15時間以内／リモート勤務あり、副業OK｜株式会社ネクサス採用サイト｜新卒・中途のITエンジニア募集
8080401020581,株式会社ネクサス,東京・浜松でITエンジニアとして働くなら |募集要項,https://recruit.nexus-nt.co.jp/joblist/p396/,正社員 | 契約社員,,3220000,3600000,YEAR,html:年収レンジ,false,true,false,false,,false,true,true,false,false,求める人材: 事業紹介・実績 数字で見るネクサス 採用メディア 仕事について知る GET TO KNOW WORK 働き方・カルチャー キャリア・教育研修 先輩インタビュー 募集要項,,2026-10-04T14:39:29.232Z,html,200,allowed,ownDomain,true,未経験歓迎／学歴不問／プログラマー・システムエンジニア／入社後3ヶ月以上の充実した研修制度｜株式会社ネクサス採用サイト｜新卒・中途のITエンジニア募集
8090001002302,株式会社山梨文化会館,【終了しました】2027年度 山日YBSグループ採用試験 秋募集(追加あり),https://www.sannichi-ybs.co.jp/saiyou/list/2027_ybs_bosyu_aki,,山梨県,,,,,false,false,true,false,,false,false,false,false,false,応募資格: 1995年4月2日以降生まれの方で、大学院、大学、短大、専門学校を2027年3月卒業見込み、または既卒の方。 【,,2026-10-04T14:39:24.172Z,html,200,allowed,ownDomain,true,【終了しました】2027年度 山日YBSグループ採用試験 秋募集（追加あり） | 山日YBSグループ あなたの、いちばんメディア。
8090001002302,株式会社山梨文化会館,【終了しました】2026オープンカンパニー募集申込,https://www.sannichi-ybs.co.jp/2026_open_company_form,,,,,,,false,false,false,false,,false,false,false,false,false,,,2026-10-04T14:39:35.104Z,html,200,allowed,ownDomain,true,【終了しました】2026オープンカンパニー募集申込 | 山日YBSグループ あなたの、いちばんメディア。
8110001022198,株式会社ＮＳ・コンピュータサービス,新卒 2018年入社 T.K 車載ソフトウェア開発エンジニア 「複雑化する車載システム開発もチームで支えあえるので大変ではありません。」,https://nscs.jp/recruit/employee/employee/tk.html,,,,,,,false,false,false,false,,false,false,false,false,false,,,2026-10-04T14:39:28.782Z,html,200,unavailable,ownDomain,true,現場社員インタビュー（T.K）｜社員インタビュー｜株式会社NS・コンピュータサービス
8110001022198,株式会社ＮＳ・コンピュータサービス,新卒 2021年入社 N.W 業務系システムエンジニア(民間) 「着実なステップアップでIT未経験からコンサルへのキャリアを描いています。」,https://nscs.jp/recruit/employee/nw.html,,,,,,,false,true,false,false,,false,false,false,false,false,,,2026-10-04T14:39:31.176Z,html,200,unavailable,ownDomain,true,現場社員インタビュー（N.W）｜社員インタビュー｜株式会社NS・コンピュータサービス
8110001022198,株式会社ＮＳ・コンピュータサービス,新卒 2019年入社 N.I 業務系システムエンジニア(公共) 「子どもたちの未来を支えるため教職ではなくITの道に進みました。」,https://nscs.jp/recruit/employee/ni.html,,,,,,,false,false,false,false,,false,false,false,false,false,,,2026-10-04T14:39:33.714Z,html,200,unavailable,ownDomain,true,現場社員インタビュー（N.I）｜社員インタビュー｜株式会社NS・コンピュータサービス
8180001030616,株式会社システムリサーチ,新卒採用サイト,https://recruit.sr-net.co.jp/sr-labo/recruit/11/,,,,,,,false,true,false,false,,false,true,false,false,false,,,2026-10-04T14:39:27.106Z,html,200,allowed,ownDomain,true,2028年卒向け 秋冬イベント（仕事体験）のご案内｜株式会社システムリサーチ新卒採用サイト
8190001000873,株式会社ビーイング,構想する 企画・マーケティングチーム,https://www.beingcorp.co.jp/corporate/recruit/works/,,,,,,,false,false,false,false,,false,false,false,false,false,,,2026-10-04T14:39:28.133Z,html,200,allowed,ownDomain,true,仕事を知る | ビーイング
8190001001070,株式会社アレクシード,CAREER キャリア採用情報,https://www.allexceed.co.jp/recruit/career/,,東京都 | 三重県,,,,,false,false,false,false,,false,false,true,false,false,応募資格: 専・短・大卒以上の方、要普通自動車免許,,2026-10-04T14:39:29.524Z,html,200,unavailable,ownDomain,true,キャリア採用情報｜採用情報｜Allexceed
8190001026472,株式会社アスターリンク,採用情報を見る,https://www.aster-link.co.jp/recruit/,契約社員 | 業務委託 | パート,株式会社アスターリンク本社 作業の実態が分かる状態になれば在宅ワークも可能です。 (※定期的な打ち合わせは発生します) 少しでも気になった方は一度、お気軽にお問い合わせください。 採用のお問い合わせ D ESIGNER デザイナーの採用 デ,,,,,false,true,false,false,,false,false,false,false,false,,,2026-10-04T14:39:28.518Z,html:recruitmentPageAsSinglePosting,200,allowed,ownDomain,true,採用情報
8220001002008,株式会社金沢エンジニアリングシステムズ,パート、アルバイト採用情報,https://kanazawa-es.co.jp/recruit/part_time/,アルバイト | パート,,,,,,false,false,false,false,,false,false,false,false,false,,,2026-10-04T14:39:44.039Z,html,200,allowed,ownDomain,true,パート、アルバイト採用情報 - 株式会社金沢エンジニアリングシステムズ
8220001002008,株式会社金沢エンジニアリングシステムズ,コース一覧,https://kanazawa-es.co.jp/recruit/new_graduates/internship/,アルバイト | パート | インターン,,,,,,false,true,false,false,,false,false,false,false,false,,,2026-10-04T14:39:46.855Z,html,200,allowed,ownDomain,true,インターンシップ - 株式会社金沢エンジニアリングシステムズ
8240001008754,株式会社ハイエレコン,中途採用募集要項,https://www.hek.co.jp/recruit/career/,正社員,広島県,,,,,false,false,false,false,5,true,false,false,false,false,必須条件: インフラエンジニアの経験をお持ちの方 ・リーダー及びマネジメント経験者 ■,歓迎条件: 職務内容に記載した取り扱い製品/サービスや技術に精通、導入経験のある方 ・ソリューション提案、Azure等のクラウドサービス導入・運用経験のある方 ■資格 ・IPAの基本情報技術者試験または上位資格を有している方、具体的な取得目標を持たれている方 (ネットワークスペシャリスト/データベーススペシャリスト/情報処理安全確,2026-10-04T14:39:37.463Z,html,200,unavailable,ownDomain,true,中途採用募集要項 | 株式会社ハイエレコン
8240001008754,株式会社ハイエレコン,中途採用ENTRY,https://www.hek.co.jp/recruit/entry/,,があればご記入ください エントリーいただく前に、必ず下記の【個人情報の取り扱い】をお読みください。 個人情報の取り扱い (1)事業者の名称および個人情報保護管理責任者について 株式会社ハイエレコン 管理本部 総務部長 住所/〒733-083,,,,,false,false,false,false,,false,false,false,false,false,,,2026-10-04T14:39:52.531Z,html,200,unavailable,ownDomain,true,エントリー | 株式会社ハイエレコン
8320001001478,株式会社スリーエイ・システム,Special Talk 01 「穏やかでフランク」な先輩たちに囲まれて、自分らしく成長する。 若手社員 新卒採用担当,https://www.aaa-system.co.jp/recruit/dialogue01/,,東京都 | 大分県,,,,,false,true,false,false,,false,true,true,false,false,,,2026-10-04T14:39:33.184Z,html,200,allowed,ownDomain,true,スペシャル対談：若手社員×新卒採用担当 | 株式会社スリーエイ・システム
8430001041505,株式会社アイコン,RECRUIT,https://iconfor.co.jp/recruit/,正社員,"札幌市 勤務時間 9時~18時(休憩 60分) 給与 想定年収 4,000,000円〜 想定年収=月給(12ヶ月分)+賞与(基本給 2ヶ月分を想定) 月給制 月給は経験や能力に応じて当社規定により決定します。 月給には固定残業手当を含み、固",250000,330000,MONTH,html:月給レンジ(円),false,true,false,false,,true,false,true,false,false,応募資格: 以下の要件に該当する方 ーアイコンの理想やビジョンへの共感 ーWebアプリケーション開発における設計・製造・テストなどの実務経験 ーいずれかのオブジェクト言語・フレームワークの理解 歓迎する要件 ーチームリーダーなど、先頭を走った経験 ー若年者、IT職未経験者へのOff-JT教育経験 ーユーザー企業の情報システム部門で,,2026-10-04T14:39:35.795Z,html:recruitmentPageAsSinglePosting,200,allowed,ownDomain,true,RECRUIT | iCON
8500001014453,株式会社フロントエンド,中途採用エントリー,https://www.frontend.co.jp/recruit/chuto_entry/,パート,,,,,,false,false,false,false,,false,false,false,false,false,,,2026-10-04T14:39:43.674Z,html,200,allowed,ownDomain,true,中途採用エントリー – 株式会社フロントエンド
9010701009710,株式会社メトロ,新卒採用,https://www.metro.co.jp/recruit/newgrads/,正社員 | 契約社員 | インターン,東京都 | 静岡県,,,,,true,false,true,false,,false,true,false,false,false,応募資格: 2027年3月卒業予定の大学生・大学院生・短大生・高等専門学校生・専門学校生、既卒、第二新卒 ※ 日本国内在住かつ日本語能力N1相当を求めます。 募集職種 募集職種 をご覧ください。,,2026-10-04T14:39:40.499Z,html,200,allowed,ownDomain,true,新卒採用 | 採用情報 | 株式会社メトロ
9010701009710,株式会社メトロ,キャリア採用 募集要項,https://www.metro.co.jp/recruit/careers/,契約社員 | インターン,東京都,,,,,true,false,true,false,,false,true,true,false,false,応募資格: 各募集ポジションに求めるスキル、および経験がございます。 詳細は 募集職種 をご確認ください。 募集職種 仕事内容、募集背景、求める人物像については 募集職種 をご確認ください。,,2026-10-04T14:39:49.700Z,html,200,allowed,ownDomain,true,募集要項 | キャリア採用 | 株式会社メトロ
9011001073901,株式会社ハニカムラボ,Ue Unityエンジニア,https://www.honeycomb-lab.co.jp/recruit/detail/4,正社員,東京都,,,,,false,false,false,false,1,false,false,false,false,false,必須スキル: 以下のいずれか一つ以上の経験があること Unityもしくはその他ゲームエンジンでの開発経験1年以上 コンシューマもしくはアーケードゲーム開発経験1年以上 スマートフォンゲーム開発経験1年以上,歓迎スキル: 必要要件にある開発経験のうち、複数の経験 C/C++での開発経験 3Dプログラム/シェーダの知識 3Dモデリング/3Dアニメーションの知識 サーバサイド/クラウドの知識 ネイティブアプリの開発経験 求める人物像 ポジティブに物事を考えられて、前向きに行動ができる方 主体的に自らの仕事を作り、取り組んでいける方 何かひと,2026-10-04T14:39:39.703Z,html,200,allowed,ownDomain,true,株式会社ハニカムラボ | RECRUIT | Unityエンジニア
9011001073901,株式会社ハニカムラボ,Ie インタラクションエンジニア,https://www.honeycomb-lab.co.jp/recruit/detail/1,正社員,東京都,,,,,false,false,false,false,2,false,false,false,false,false,必須スキル: 新しいことに挑戦するのが好きであること 以下のいずれかひとつ以上の経験があること UnityもしくはUE4での開発経験2年以上 リアルタイム3Dプログラミングの経験2年以上 VR / AR / MRコンテンツの開発経験2年以上 Arduino / Raspberry Piを使ったコンテンツ開発の経験,歓迎スキル: 必要スキルにある開発経験のうち、複数の経験 C/C++での開発経験 3Dプログラム/シェーダの知識 3Dモデリング/3Dアニメーションの知識 サーバサイド/クラウドの知識 求める人物像 ポジティブに物事を考えられて、前向きに行動ができる方 主体的に自らの仕事を作り、取り組んでいける方 何かひとつでも熱く語れることがある,2026-10-04T14:39:41.224Z,html,200,allowed,ownDomain,true,株式会社ハニカムラボ | RECRUIT | インタラクションエンジニア
9011001073901,株式会社ハニカムラボ,D ディレクター,https://www.honeycomb-lab.co.jp/recruit/detail/8,正社員 | パート,東京都,,,,,false,false,false,false,2,false,false,false,false,false,必須スキル: 業種を問わず、ディレクション業務経験2年以上(フリーランス含む) 情報設計 / UI設計 / ワイヤーフレームの制作経験2年以上,歓迎スキル: Webサイト / インスタレーション / アプリいずれかの制作経験(元デザイナー/元エンジニアなど) 見積もり作成など予算面でのマネジメント経験 外部パートナーのスタッフィング、マネジメント経験 制作、開発現場における進行管理経験 様々な技術を組み合わせて実現したプロジェクト実績 複数人でのプロジェクト実績 求める人物,2026-10-04T14:39:42.738Z,html,200,allowed,ownDomain,true,株式会社ハニカムラボ | RECRUIT | ディレクター
9011001073901,株式会社ハニカムラボ,Td テクニカルディレクター,https://www.honeycomb-lab.co.jp/recruit/detail/2,正社員,東京都,,,,,false,false,false,false,,false,false,false,false,false,必須スキル: 最新技術への興味、関心、幅広い知識 要件を実現するために何が必要かを考える力 様々な手法やソリューションについて提案する力 人を不快にさせないコミュニケーション能力 何らかの開発 / 制作経験,歓迎スキル: デジタルコンテンツ、Webサイト、アプリケーションなどの制作・開発実績 様々な技術を組み合わせて実現したプロジェクト実績 求める人物像 ポジティブに物事を考えられて、前向きに行動ができる方 主体的に自らの仕事を作り、取り組んでいける方 何かひとつでも熱く語れることがある方 好奇心旺盛 / 挑戦することが好きな方 新しい,2026-10-04T14:39:44.313Z,html,200,allowed,ownDomain,true,株式会社ハニカムラボ | RECRUIT | テクニカルディレクター
9011001073901,株式会社ハニカムラボ,Se サーバーサイドエンジニア,https://www.honeycomb-lab.co.jp/recruit/detail/7,正社員,東京都,,,,,false,false,false,false,1,false,false,false,false,false,必須スキル: 常に新しい技術に興味があること 基本的なネットワークの知識 サーバーサイドプログラミング経験1年以上,歓迎スキル: AWS / Azureなどクラウド上でのサーバー設計/構築/運用経験1年以上 機械学習系サービスを用いた開発経験 求める人物像 ポジティブに物事を考えられて、前向きに行動ができる方 主体的に自らの仕事を作り、取り組んでいける方 何かひとつでも熱く語れることがある方 好奇心旺盛 / 挑戦することが好きな方 新しい技術やテ,2026-10-04T14:39:45.827Z,html,200,allowed,ownDomain,true,株式会社ハニカムラボ | RECRUIT | サーバーサイドエンジニア
9011001073901,株式会社ハニカムラボ,Ae アプリエンジニア,https://www.honeycomb-lab.co.jp/recruit/detail/5,正社員,東京都,,,,,false,false,false,false,,false,false,false,false,false,必須スキル: 以下のいずれか一つ以上の経験があること Objective-CもしくはSwiftでのiOSネイティブアプリ開発経験 JavaもしくはKotlinでのAndroidネイティブアプリ開発経験 UnityもしくはUE4を用いたスマートフォンアプリ開発経験,歓迎スキル: 必要要件にある開発経験のうち、複数の経験 3Dプログラミングの知識 サーバサイド/クラウドの知識 求める人物像 ポジティブに物事を考えられて、前向きに行動ができる方 主体的に自らの仕事を作り、取り組んでいける方 何かひとつでも熱く語れることがある方 好奇心旺盛 / 挑戦することが好きな方 新しい技術やテクノロジーが好き,2026-10-04T14:39:47.409Z,html,200,allowed,ownDomain,true,株式会社ハニカムラボ | RECRUIT | アプリエンジニア
9011001073901,株式会社ハニカムラボ,We Webエンジニア,https://www.honeycomb-lab.co.jp/recruit/detail/6,正社員,東京都,,,,,false,false,false,false,3,false,false,false,false,false,"必須スキル: 常に新しい技術に興味があること CSS,HTMLによるウェブサイトのマークアップ/実装経験が3年以上 JavaScriptによるインタラクティブなウェブサイトの開発/実装経験が3年以上",歓迎スキル: Vue.js、React(もしくはこれらがベースのフレームワーク、ライブラリ等)を使用した運用開発経験 サーバサイドプログラミングの経験 求める人物像 ポジティブに物事を考えられて、前向きに行動ができる方 主体的に自らの仕事を作り、取り組んでいける方 何かひとつでも熱く語れることがある方 好奇心旺盛 / 挑戦することが,2026-10-04T14:39:48.923Z,html,200,allowed,ownDomain,true,株式会社ハニカムラボ | RECRUIT | Webエンジニア
9120001189275,株式会社ＭＳＥＮ,職場環境と制度,https://msen.jp/recruit/works/,,,,,,,false,false,false,false,,false,true,true,false,false,,,2026-10-04T14:39:54.322Z,html,200,allowed,ownDomain,true,職場環境と制度 | MSEN Inc.
9260001000262,株式会社アストロ,採用情報 |   | 課題を解決するシステム開発コンサルティング,https://www.astroinc.co.jp/html/recruit.html,,大阪府 | 岡山県,,,,,false,false,false,false,1,false,false,false,false,false,応募資格: 2027年3月卒業予定者(全学部・全学科) 採用人員 若干名 採用職種 システムエンジニア・プログラマー,,2026-10-04T14:39:52.270Z,html:recruitmentPageAsSinglePosting,200,unavailable,ownDomain,true,採用情報 ｜ 株式会社アストロ ｜ 課題を解決するシステム開発コンサルティング
9290001097189,九州朝日放送株式会社,NEW GRADUATE 新卒採用,https://kbc.co.jp/recruit/fresh/,インターン,,,,,,false,false,false,false,,false,false,false,false,false,,,2026-10-04T14:39:58.930Z,html,200,unavailable,ownDomain,true,新卒採用｜採用情報 ～KBC RECRUITING SITE～｜KBC九州朝日放送
9290001097189,九州朝日放送株式会社,CAREER キャリア採用 募集要項,https://kbc.co.jp/recruit/career/,正社員 | インターン | 時短勤務,東京都 | 大阪府 | 福岡県,288600,,MONTH,html:月給下限のみ,false,false,false,false,1,false,true,true,false,false,応募資格: 四年制大学卒業以上 2026年春に入社可能な方(詳細日程については応相談),,2026-10-04T14:40:00.441Z,html,200,unavailable,ownDomain,true,キャリア採用 募集要項｜採用情報 ～KBC RECRUITING SITE～｜KBC九州朝日放送
9430001038814,ジャスティン株式会社,採用情報,https://www.justin-inc.com/recruit.html,,札幌市 ※業務内容により出張あり 就業時間 9 00~18 00(休憩60分) 休 日 土日祝、夏期休暇(3日)、年末年始休暇(5日)、誕生日休暇(1日) ワクチン休暇(最大4日) 賃 金 月給制(経験に応じて優遇) 賞 与 年2回+決算賞,,,,,false,false,false,false,,false,false,false,false,false,応募資格: 高卒以上 就業場所 札幌市 ※業務内容により出張あり 就業時間 9:00~18:00(休憩60分) 休 日 土日祝、夏期休暇(3日)、年末年始休暇(5日)、誕生日休暇(1日) ワクチン休暇(最大4日) 賃 金,,2026-10-04T14:39:54.062Z,html:recruitmentPageAsSinglePosting,200,unavailable,ownDomain,true,採用情報|ジャスティン株式会社
