service_id,service_name,snapshot_year,snapshot_url,snapshot_timestamp,price_shown,catch_copy,lawyer_supervised_claim,labor_union_claim,refund_guarantee,support_24h,career_support_claim,career_counseling_claim,unemployment_support_claim,mentions_20s,mentions_new_grad,mentions_second_new_grad,fetch_outcome,notes,retrieved_at
SVC005,退職代行Jobs,2024,http://web.archive.org/web/20240417050330/https://jobs1.jp/,20240417050330,"27,000円（税込）",今すぐ、辞めたい…そんなあなたの退職を支援し次のステージへ導きます,true,true,true,true,true,false,true,false,true,false,200,liveness_checks記載の20240525133241は元サイトのbot認証画面がアーカイブされ本文なし。同年の代替キャプチャ20240417050330を使用。「無料転職サポート」「給付金サポート」を別メニューとして掲載。新卒は利用者体験談内の言及,2026-10-07
SVC006,退職代行ネルサポ,2024,http://web.archive.org/web/20240527094211/https://newlife-support.com/,20240527094211,"22,000円",労働組合で適正に円満退職へ,true,true,true,false,true,false,false,false,false,false,200,価格はmeta descriptionと画像内のみ（本文に価格テキストなし）。画像alt「正社員もアルバイトも通常24000円が一律20000円」はリピーター限定。「退職代行ネルサポは転職活動を応援します！」,2026-10-07
SVC010,退職代行モームリ,2024,http://web.archive.org/web/20240601040450/https://momuri.com/,20240601040450,"22,000円",もうムリだ！っと会社で感じたら,true,true,true,true,true,false,true,false,false,false,200,"価格は比較表の「依頼費用の相場 22,000円※正社員の方」。本文は「12,000円から」とも記載。POINT8「失業保険・社会保険給付金サポートの完備」、POINT12「無料で転職支援・メンタルクリニックの紹介が可能」",2026-10-07
SVC011,退職代行ヤメドキ,2024,http://web.archive.org/web/20240505232306/http://yamedoki.co.jp/,20240505232306,"￥24,000（税込）",即日から出社の必要無し 完全後払いの退職代行,true,true,false,true,false,false,true,true,false,false,200,「失業手当受給プラン」あり（期間：要相談）。転職支援の訴求はこの時点では無し。20代は利用者の声の表記,2026-10-07
SVC012,弁護士法人みやび,2024,http://web.archive.org/web/20240601232323/https://www.miyabi-law.jp/,20240601232323,,弁護士法人みやびへようこそ,false,false,false,false,false,false,false,false,false,false,200,アーカイブ対象がapexの事務所トップページで退職代行LPではない。退職代行の料金・訴求の記載なし。弁護士運営だが「弁護士監修」表記はなし,2026-10-07
SVC015,退職代行EXIT,2024,http://web.archive.org/web/20240528013029/https://www.taishokudaikou.com/,20240528013029,"20,000円（税込）",明日から会社に行かなくてOK,true,false,true,false,true,false,false,true,false,false,200,「5 転職も代行します／次の職場探しも、内定が出るまで、ずっと無料でサポート」「履歴書、職務経歴書の作成、求人への応募〜面接日程調整など転職に必要な作業（面接以外）を全て代行」。労働組合は比較表の他業態列のみ。失業保険は離職票等の確認言及のみでサポート訴求ではないためfalse,2026-10-07
SVC017,弁護士法人ガイアの退職代行サービス,2024,http://web.archive.org/web/20240525201245/https://www.gaia-law-office.jp/,20240525201245,,初回30分無料法律相談,false,false,false,true,false,false,false,false,false,false,200,アーカイブ対象がapexの事務所トップページで退職代行LPではない。「メールでのお問い合わせは24時間受付」。弁護士運営だが「弁護士監修」表記なし,2026-10-07
SVC023,弁護士ビーノ,2024,http://web.archive.org/web/20240606072943/https://law-mamori.jp/,20240606072943,,皆さんの人生を“守り”支える,false,false,false,false,false,false,false,false,false,false,200,アーカイブ対象がapexの弁護士法人mamoriトップページ。退職代行（弁護士ビーノ）の料金・訴求の記載なし,2026-10-07
SVC024,ITJ法律事務所,2024,http://web.archive.org/web/20240923140603/https://itjlaw.com/,20240923140603,,ITJ LAW OFFICE,false,false,false,false,false,false,false,false,false,false,200,アーカイブ対象がapexの事務所トップページ。ごく短い構成で退職代行の料金・訴求なし,2026-10-07
SVC025,あおぞら退職代行サービス,2024,http://web.archive.org/web/20240602071142/http://aozora-union.com/,20240602071142,,ひとりで加入できる労働組合,false,true,false,false,false,false,false,false,false,false,200,アーカイブ対象がapexのあおぞらユニオン（労働組合）トップページ。退職代行サービスの料金・訴求の記載なし,2026-10-07
SVC026,ベンゴシNOW,2024,http://web.archive.org/web/20240527005925/https://bengoshinow.app/,20240527005925,,スマホひとつで法律サービスを使える世界に,false,false,false,false,false,false,false,false,false,false,200,アプリのapexトップページ。退職代行固有の料金・訴求なし。2026年時点でドメイン消滅,2026-10-07
SVC030,退職代行やめたらええねん,2024,http://web.archive.org/web/20240608211431/https://yametaraeenen.com/,20240608211431,"22,000円",業界最安級！大阪発の退職代行サービス,false,true,false,false,true,false,false,false,false,false,200,「退職後の転職サポート制度／全国125社の人材紹介・人材派遣会社と提携」「転職支援実績10年以上のプロも在籍」。提携先「人財共同労働組合」から交渉。弁護士は顧問弁護士・社労士在籍の記載で「弁護士監修」表記なし,2026-10-07
SVC041,スイスイ退職代行,2024,http://web.archive.org/web/20240609131547/https://suisui-daikou.com/,20240609131547,"22,000円（税込）",退職代行サービススイスイは弁護士監修で安心！給付金紹介あり！,true,false,true,true,true,false,true,false,true,false,200,価格はmeta descriptionのみ（本文の料金欄は画像）。タイトル「新卒・バイト・内定辞退も迅速対応！給付金紹介！」。「09 無料求人紹介で転職先紹介」,2026-10-07
SVC045,若井綜合法律事務所,2024,http://web.archive.org/web/20240602052859/https://wakailaw.com/,20240602052859,,全力で対応いたします,false,false,false,true,false,false,false,false,false,false,200,アーカイブ対象がapexの事務所トップページで退職代行LPではない。「受付24時間電話・メールOK」「年中無休・24時間」。弁護士運営だが「弁護士監修」表記なし,2026-10-07
SVC046,小澤・竹内弁護士の退職代行,2024,http://web.archive.org/web/20240523191241/https://taisyoku-daikou.com/,20240523191241,"71,500円（内税6,500円）",退職代行サービスは弁護士にお任せください,false,false,false,true,false,false,true,false,false,false,200,"管理職以外71,500円／管理職110,000円。「失業保険受給サポートオプション ＋16,500円（内税1,500円）」。返金保証は非弁業者の事例説明内の引用であり自社保証ではない。弁護士監修は寄稿記事の監修実績の記載のみ",2026-10-07
SVC048,退職あんしん代行,2024,http://web.archive.org/web/20241115052247/https://taishoku-anshin-daiko.com/,20241115052247,"2,980円","業界最安値2,980円・24時間365日対応",,,,true,,true,,,,,200_spa_body_not_archived,Next.jsのSPAで本文がアーカイブされておらず、title・meta description・ヘッダーナビのみ取得可能。metaに「24時間365日対応。パワハラ・メンタルヘルス・キャリアアップ相談に対応。退職後の副業支援やキャリアプランニングもサポート」。確認不能な項目は空欄,2026-10-07
SVC056,退職代行だいじょうぶ,2024,http://web.archive.org/web/20240925070237/https://daijoubu.jp/,20240925070237,"14,800円",自分で言えなくてもだいじょうぶ,true,false,true,false,false,true,false,false,false,false,200,「退職後の無料相談／新しい職場への適応やキャリアチェンジ、各種手当の申請に関するアドバイス」。転職支援サービスの訴求はこの時点では無し。365日受付の記載のみで24時間表記なし。労働組合は他業態との比較内で自社は民間企業と明記,2026-10-07
SVC063,弁護士法人エース,2024,http://web.archive.org/web/20240518033356/https://xn--ace-ns9dl08t02jl8m.jp/,20240518033356,5万円,退職代行サービスは、労働弁護士に相談,false,false,true,true,false,false,false,false,false,false,200,「正規社員・契約社員・パート・アルバイト 5万円（税別）」「退職できなければ全額返金」。画像altに「24時間受付中！」。転職は「安心して転職先を探すことができます」の効用記述で支援サービスではない。失業保険は離職票の用途説明のみ,2026-10-07
SVC001,退職代行OITOMA,2025,http://web.archive.org/web/20250622212423/https://o-itoma.jp/,20250622212423,"24,000円",OITOMA(オイトマ)なら会社を今すぐ辞められる！,true,true,true,true,true,false,true,true,true,false,200,"「雇用形態に関係なく一律24,000円」。「転職サポート・成功数業界TOP！」「退職前の給付金診断で最大500万円」。弁護士監修は「弁護士監修の退職届」の表記。運営は労働組合運営日本通信ユニオン",2026-10-07
SVC002,退職代行ガーディアン,2025,http://web.archive.org/web/20250715162412/https://taisyokudaiko.jp/,20250715162412,"19,800円",退職代行なら労働組合法人のガーディアン,false,true,false,false,false,false,false,false,false,false,200,"「組合費19,800円以外は一切掛かりません」。弁護士監修は【要注意】欄で他社方式の短所として否定的に言及しており自社の訴求ではない。転職は利用者の声の中の言及のみ",2026-10-07
SVC005,退職代行Jobs,2025,http://web.archive.org/web/20250723111610/https://jobs1.jp/,20250723111610,"27,000円（税込）",今すぐ、辞めたい…そんなあなたの退職を支援し次のステージへ導きます,true,true,true,true,true,false,true,false,true,false,200,liveness_checks記載の20250616055316は元サイトのbot認証画面がアーカイブされ本文なし。同年の代替キャプチャ20250723111610を使用。ヒーローの訴求が2024年の「弁護士監修なのに」から「顧問弁護士 ＆ 労働組合 なのに」へ変化。転職・給付金サポートは2024年から継続,2026-10-07
SVC006,退職代行ネルサポ,2025,http://web.archive.org/web/20250622114321/https://newlife-support.com/,20250622114321,"22,000円",労働組合で適正に円満退職へ,true,true,true,false,true,false,false,false,false,false,200,2024年スナップショットとページ構成・価格表記・訴求がほぼ同一。価格はmeta descriptionと画像内のみ,2026-10-07
SVC008,フォーゲル綜合法律事務所,2025,http://web.archive.org/web/20250521204550/https://enman-taishokudaikou.com/,20250521204550,"25,000円 税込",退職代行は安心確実な弁護士へ,false,false,true,true,false,false,false,false,false,false,200,"A/円満退職スタンダード25,000円税込、公務員・業務委託は55,000円〜110,000円。弁護士が直接対応する事務所で「弁護士監修」表記はなし。労働組合は他社批判の文脈。失業給付は依頼者の声の中の言及のみ",2026-10-07
SVC011,退職代行ヤメドキ,2025,http://web.archive.org/web/20250516075203/https://yamedoki.co.jp/,20250516075203,"24,000円（税込）",即日から出社の必要無し 完全後払いの退職代行,true,true,false,true,true,false,true,true,false,false,200,「失業手当受給プラン 期間1〜7日」。会社概要の事業内容欄に「転職サポート事業、社会保険給付金サポート事業」が追加（2024年スナップショットには転職関連の記載なし）,2026-10-07
SVC012,弁護士法人みやび,2025,http://web.archive.org/web/20250619185842/https://www.miyabi-law.jp/,20250619185842,,どんな課題にも寄り添い、共に最適な解決へ,false,false,false,false,false,false,false,false,false,false,200,アーカイブ対象がapexの事務所トップページで退職代行LPではない。退職代行の料金・訴求の記載なし,2026-10-07
SVC013,アディーレ法律事務所,2025,http://web.archive.org/web/20250526161659/https://www.adire-roudou.jp/,20250526161659,,アディーレは働くあなたの味方です,false,false,false,true,false,false,false,false,false,false,200,アーカイブ対象がapexの労働問題トップページで退職代行専用LPではない。退職代行は取扱業務の一つとして記載のみで料金表示なし。「24h受付」。給付金はB型肝炎給付金請求（別分野）の言及,2026-10-07
SVC016,退職代行辞スル,2025,http://web.archive.org/web/20250515062846/https://jisuru.com/,20250515062846,"正社員 22,000円","辞スルで即辞ス｜業界最安級22,000円＜即日退職＞",true,true,true,true,false,false,false,false,false,false,200,「顧問弁護士が監修」「労働組合提携 日本労働改善ユニオン」「退職できなかったら全額返金保証」「LINEで簡単！24時間相談可能」。退職後フォローは必須書類の用意までで転職・キャリア支援の訴求なし,2026-10-07
SVC018,退職110番,2025,http://web.archive.org/web/20250618115042/https://aoba.lawyer/,20250618115042,,人の暮らしを守る、最良のパートナー,false,false,false,false,false,false,false,false,false,false,200,アーカイブ対象がapexの弁護士法人あおばトップページ。退職110番の料金・訴求の記載なし,2026-10-07
SVC024,ITJ法律事務所,2025,http://web.archive.org/web/20250320174405/https://itjlaw.com/,20250320174405,,ITJ LAW OFFICE,false,false,false,false,false,false,false,false,false,false,200,2024年スナップショットと内容同一のapexトップページ。退職代行の料金・訴求なし,2026-10-07
SVC025,あおぞら退職代行サービス,2025,http://web.archive.org/web/20250524230811/https://aozora-union.com/,20250524230811,,ひとりで加入できる労働組合,false,true,false,false,false,false,false,false,false,false,200,2024年スナップショットと内容同一のapexトップページ。退職代行サービスの料金・訴求の記載なし,2026-10-07
SVC029,退職代行プラスサービス,2025,http://web.archive.org/web/20250430172814/http://plus3-service.com/,20250430172814,"19,800円／正社員（＋税＝21,780円）",24時間対応＆即日退職可能！,true,false,true,true,true,false,false,false,false,false,200,"アルバイト14,800円（＋税16,280円）。「転職サポートあり／総合転職エージェントと提携しており、次の仕事がまだ決まっていない方は」。返金は「Point2 返金保障／全額返金」",2026-10-07
SVC030,退職代行やめたらええねん,2025,http://web.archive.org/web/20250516043603/https://yametaraeenen.com/,20250516043603,"19,800円",業界最安級！大阪発の退職代行サービス,false,false,true,false,true,false,false,true,true,false,200,"価格が2024年の22,000円から19,800円へ。「退職後の転職サポート制度／全国130社」（2024年は125社）「退職代行後の転職成功者が100名以上」。労働組合提携の記載が2024年スナップショットから消え「顧問弁護士の見解を基に対応」へ。新卒退職をテーマにしたTV出演・ブログ記事を掲載",2026-10-07
SVC031,退職代行スマートヤメマス,2025,http://web.archive.org/web/20250523112157/https://smartyamemasu.co.jp/,20250523112157,,スマートヤメマスは、あなたの退職を全力でサポートします,,,,,,,,,,,200_spa_body_not_archived,本文が完全にJS描画でアーカイブされておらずtitleとmeta descriptionのみ取得可能。価格・各種訴求は確認不能のため空欄。metaに「【鈴木おさむ氏 公式推薦サービス】…今なら早割キャンペーン実施中！」,2026-10-07
SVC033,弁護士法人川越みずほ法律会計,2025,http://web.archive.org/web/20250521072753/https://www.lawyer-taishokudaikou.com/,20250521072753,"¥22,000(税込)",今すぐにでも退職したい方へ。,false,false,true,true,false,false,true,false,true,false,200,"基本プラン：正社員¥22,000、公務員¥55,000、パート¥12,000。「新卒（卒業から３年以内）」が料金区分として存在。「退職時の給付金サポート・コンサルティング」「特定理由離職者の失業保険給付コンサルティング」。弁護士が直接対応する事務所で「弁護士監修」表記なし。titleタグはテンプレート未差し替えで「Example: A Site about Examples」",2026-10-07
SVC038,YELL!!,2025,http://web.archive.org/web/20250405021101/https://www.pif-yell.com/,20250405021101,"10,000円＋税",退職から転職まで、あなたを応援します,true,false,false,true,true,true,true,true,false,false,200,"シンプル退職プラン10,000円+税／キャッシュバック退職プラン5,000円+税（退職代行＋失業給付サポート or 転職サポート）。「退職〜失業給付金〜転職まで一社ですべて完結」「キャリアプランのカウンセリング／面接対策・書類添削」。返金は条件達成時のキャッシュバックで退職失敗時の返金保証ではないためfalse",2026-10-07
SVC041,スイスイ退職代行,2025,http://web.archive.org/web/20250515185423/https://suisui-daikou.com/,20250515185423,"22,000円(税込)",日本最安値に挑戦中、電話無料相談24時間365日受付中,true,false,true,true,true,false,true,false,false,false,200,"期間限定18,000円(税込)、アルバイト11,000円(税込)。「無料求人紹介で転職先紹介」「給付金サポート」。2024年タイトルにあった「新卒・バイト・内定辞退も迅速対応」の訴求が消えている",2026-10-07
SVC045,若井綜合法律事務所,2025,http://web.archive.org/web/20250521020301/https://wakailaw.com/,20250521020301,,全力で対応いたします,false,false,false,true,false,false,false,false,false,false,200,2024年スナップショットとほぼ同一のapex事務所トップページ。退職代行の料金・訴求の記載なし,2026-10-07
SVC048,退職あんしん代行,2025,http://web.archive.org/web/20250424040737/https://taishoku-anshin-daiko.com/,20250424040737,"2,980円",退職のノウハウから、キャリアプランまであなたの新しい一歩を、私たちがサポートします,true,true,true,true,true,true,true,false,false,false,200,本文が描画済みで取得できた2025年スナップショット。「退職後のキャリア相談」「キャリア支援」「給付金サポート／失業給付金等の申請手続きを完全サポート」「正社員としての転職先も紹介」。退職後の年収上昇事例を前面に掲載,2026-10-07
SVC056,退職代行だいじょうぶ,2025,http://web.archive.org/web/20250522150725/https://daijoubu.jp/,20250522150725,"19,800円(税込)",日本でいちばんやさしい退職代行サービス,true,false,true,true,true,true,false,false,true,false,200,"価格が2024年の14,800円から19,800円へ。新たに「07 無料転職支援サービス／転職支援サービスと提携して無料で転職支援」「最短1週間で内定」「回数無制限の書類添削・選考対策」「転職成功で全額キャッシュバック」を追加。「24時間365日受付」も追加。2026年時点でドメイン消滅",2026-10-07
SVC060,退職代行みらい,2025,http://web.archive.org/web/20250515165014/https://mirai-restart.com/,20250515165014,"27,500円(税込)",未来の為に今すぐ辞める,true,true,false,false,true,true,true,false,false,false,200,"パート・アルバイト15,400円(税込)。グローバルナビに「転職支援サービス」。「退職後のキャリアカウンセリングも充実」（対面50分9,900円／オンライン7,700円）。「傷病手当や失業手当の申請をスムーズに」",2026-10-07
SVC063,弁護士法人エース,2025,http://web.archive.org/web/20250617135817/https://xn--ace-ns9dl08t02jl8m.jp/,20250617135817,5万円,退職代行サービスは、労働弁護士に相談,false,false,true,true,false,false,false,false,false,false,200,2024年スナップショットと内容同一。「正規社員・契約社員・パート・アルバイト 5万円（税別）」。2026年時点でTLSエラーで到達不能,2026-10-07
SVC064,弁護士法人サリュ,2025,http://web.archive.org/web/20250519114539/https://xn--m1q29bh7cv7etyjht3e70s.jp/,20250519114539,,働いた分の残業代を、きちんと。,false,false,false,false,false,false,false,false,false,false,200,アーカイブ対象がapexの残業代請求・労働問題トップページで退職代行LPではない。退職代行は取扱分野の一つとして記載のみで料金表示なし,2026-10-07
