service_id,operator_name,corporate_number,registry_name,registry_address,address_match,multiple_candidates,entity_has_no_corporate_number,corporate_number_assigned_date,corporation_established_date,address_change_count,latest_change_date,registration_closed,registration_closed_date,source_url,notes,retrieved_at
SVC001,株式会社H4,6180001105741,株式会社Ｈ４,愛知県一宮市森本４丁目１３番８号,true,false,false,2015-10-05,,1,2022-10-25,false,,https://www.houjin-bangou.nta.go.jp/henkorireki-johoto.html?selHouzinNo=6180001105741,"NTA registry address matches 特商法 address exactly. A different 株式会社H4 exists (5120001203683) but at a different prefecture; address test excludes it. Prior address 愛知県一宮市浅野字青石62番地 until 2022-10-25.",2026-10-07
SVC002,東京労働経済組合（略称:TRK）,8011305000569,東京労働経済組合,東京都新宿区四谷１丁目１５番アーバンビルサカス８Ｂ棟１階３号室,true,false,false,2015-10-05,,2,2022-01-12,false,,https://www.houjin-bangou.nta.go.jp/henkorireki-johoto.html?selHouzinNo=8011305000569,"This labour union IS a 法人である労働組合 and does have a 法人番号. Registry address matches 特商法 exactly. Earlier addresses: 東京都北区王子4-24-11 IKビル501 (until 2022-01-12) and 東京都杉並区成田西4-6-8 (until 2019-12-09).",2026-10-07
SVC003,株式会社スムリエ,4290001088234,株式会社スムリエ,福岡県福岡市中央区大名１丁目８－１８ロイヤルパークス大名１１０１,false,false,false,2020-03-04,,2,2023-12-28,false,,https://www.houjin-bangou.nta.go.jp/henkorireki-johoto.html?selHouzinNo=4290001088234,"MISMATCH FLAG: the 特商法 address (天神3-10-32 ロゼ天神303) is this company's PRE-2021-03-30 registered address and appears verbatim in the NTA 変更履歴 as 旧情報; identity is therefore confirmed but the 特商法 page is stale by two moves. Registry moved 天神→福岡県田川郡香春町 (2021-03-30) then →中央区大名 (2023-12-28). Only one other 株式会社スムリエ exists nationwide (8090001019585, 山梨県北杜市) and it is not a candidate.",2026-10-07
SVC004,toNEXTドットジェイピー（to-NEXT.jp）／合同労働組合 退職代行toNEXTユニオン,,,,,false,true,,,,,,,https://www.houjin-bangou.nta.go.jp/,"NO 法人番号 EXISTS. Authoritative NTA 法人番号公表サイト 部分一致 searches for 「toNEXT」「ネクストユニオン」「退職代行」 return no entity named 退職代行toNEXTユニオン and no entity at 東京都港区南青山2-2-15. toNEXTドットジェイピー is a trade name (屋号) and the service is run by an unincorporated 合同労働組合; neither has a corporate registration. The operator's own 特商法 page lists no 法人番号 (contact 鈴木 良典).",2026-10-07
SVC005,株式会社アレス,8120001234503,株式会社アレス,大阪府大阪市東淀川区上新庄３丁目１４番１２－１２０２号,true,false,false,2021-01-13,,0,,false,,https://www.houjin-bangou.nta.go.jp/henkorireki-johoto.html?selHouzinNo=8120001234503,"Registry address matches 特商法 exactly. Never moved or renamed since 法人番号 assignment. Many same-named 株式会社アレス exist nationwide but none other at 東淀川区上新庄.",2026-10-07
SVC006,ネルサポート株式会社,4130003006267,ネルサポート株式会社,京都府八幡市八幡科手７番１０科手ビル２Ｂ,true,false,false,2019-11-11,,2,2026-05-28,false,,https://www.houjin-bangou.nta.go.jp/henkorireki-johoto.html?selHouzinNo=4130003006267,"Registry address matches 特商法 exactly — but only since 2026-05-28. Many third-party databases still show the superseded 八幡源氏垣外10-2 パデシオン京八幡607号. Also renamed from ネルサポート合同会社 to ネルサポート株式会社 on 2020-11-11. Earlier address 京都市中京区御池通東洞院東入笹屋町436 永和御池ビル606号 until 2024-09-03. Total history rows 4 (2 address + 1 name + 1 新規).",2026-10-07
SVC008,弁護士法人フォーゲル綜合法律事務所,6120005011644,弁護士法人フォーゲル綜合法律事務所,大阪府大阪市北区天神橋２丁目４番１７号千代田第一ビル５階,true,false,false,2015-10-05,,0,,false,,https://www.houjin-bangou.nta.go.jp/henkorireki-johoto.html?selHouzinNo=6120005011644,"Registry address matches 特商法 exactly. No changes since 法人番号 assignment.",2026-10-07
SVC010,株式会社アルバトロス,3020001145095,株式会社アルバトロス,神奈川県横浜市中区本町１丁目５番地２ロワレール横浜本町県庁前３０４号室,true,false,false,2022-02-03,,6,2025-12-10,false,,https://www.houjin-bangou.nta.go.jp/henkorireki-johoto.html?selHouzinNo=3020001145095,"Registry address matches 特商法 exactly. HIGH CHURN: 6 head-office relocations in under 4 years (2022-10-17 川崎市川崎区; 2023-04-12 大田区西蒲田 レオパレス蓮沼第一101; 2024-07-01 大田区仲六郷; 2025-04-10 港区芝大門; 2025-11-21 品川区西五反田; 2025-12-10 current). Over 40 same-named 株式会社アルバトロス exist nationwide but only this one is at 横浜市中区本町.",2026-10-07
SVC011,株式会社25H,2012301013529,株式会社２５Ｈ,群馬県伊勢崎市田中島町１４２０－１ＢＩＺ‐ＳＴＹＬＥ‐Ｃ,true,false,false,2023-07-19,,2,2025-01-15,false,,https://www.houjin-bangou.nta.go.jp/henkorireki-johoto.html?selHouzinNo=2012301013529,"Registry address matches 特商法 exactly. Originally registered at 東京都町田市高ヶ坂1-7-20; moved to 伊勢崎市 on 2024-11-08; the 2025-01-15 change was only a typo correction of the building name (BIZ-STLYE-C → BIZ-STYLE-C).",2026-10-07
SVC012,弁護士法人みやび,8010405012012,弁護士法人みやび,東京都中央区銀座７丁目１３番２０号銀座ＴＨビル９階,false,false,false,2015-10-05,,3,2026-08-20,false,,https://www.houjin-bangou.nta.go.jp/henkorireki-johoto.html?selHouzinNo=8010405012012,"MISMATCH FLAG: the 特商法 address (港区東新橋1-1-21 今朝ビル5階) appears verbatim in the NTA 変更履歴 as the 旧情報 superseded on 2026-08-20; identity is confirmed but the firm's 特商法 page is out of date — the current registered head office is 中央区銀座7-13-20 銀座THビル9階. Also renamed from 弁護士法人汐留パートナーズ法律事務所 on 2019-12-20. Total history rows 5 (3 address + 1 name + 1 新規).",2026-10-07
SVC013,弁護士法人AdIre法律事務所,9013305003294,弁護士法人ＡｄＩｒｅ法律事務所,東京都豊島区東池袋３丁目１番１号サンシャイン６０,true,false,false,2022-01-12,,0,,false,,https://www.houjin-bangou.nta.go.jp/henkorireki-johoto.html?selHouzinNo=9013305003294,"Registry address matches 特商法 exactly. No changes since 法人番号 assignment (2022-01-12).",2026-10-07
SVC015,ENTRANCE株式会社,5011001141769,ＥＮＴＲＡＮＣＥ株式会社,東京都渋谷区神南１丁目１１－４ＦＰＧリンクス神南５階,true,false,false,2021-07-15,,1,2026-02-02,false,,https://www.houjin-bangou.nta.go.jp/henkorireki-johoto.html?selHouzinNo=5011001141769,"Registry address matches 特商法 exactly. History has 3 rows: 1 address change (from 渋谷区宇田川町7-17-303 ユニーブル渋谷神南 on 2024-09-17) and a 吸収合併 recorded 2026-02-02 — it absorbed EXIT株式会社 (7011001123914) effective 2026-02-01 at the same address. Note: the absorbed company is the operator of the 退職代行EXIT service.",2026-10-07
SVC016,株式会社シーズ,8010801017663,株式会社シーズ,東京都大田区蒲田５丁目４９番１０号－１０１号,true,false,false,2015-10-05,,2,2025-04-16,false,,https://www.houjin-bangou.nta.go.jp/henkorireki-johoto.html?selHouzinNo=8010801017663,"Registry address matches 特商法 exactly. Renamed from 株式会社アドストレージ on 2019-05-28. Notable: its registered address until 2024-06-21 was 東京都港区南青山2丁目2番15号 — the same building as SVC004's 特商法 address (a shared virtual-office address; not evidence of a link). Then 大田区蒲田本町2-15-7 until 2025-04-16. Total history rows 4 (2 address + 1 name + 1 新規).",2026-10-07
SVC017,弁護士法人ガイア総合法律事務所,4010405013393,弁護士法人ガイア総合法律事務所,東京都港区新橋３丁目２番３号千代川ビル６階,true,false,false,2015-10-05,,1,2018-10-12,false,,https://www.houjin-bangou.nta.go.jp/henkorireki-johoto.html?selHouzinNo=4010405013393,"Registry address matches 特商法 exactly. One move only: from 港区西新橋1-18-14 第2須賀ビル7階 on 2018-10-12.",2026-10-07
SVC018,弁護士法人あおば,7120005020735,弁護士法人あおば,大阪府大阪市西区立売堀１丁目１番１号立売堀壱番館４Ｆ,true,false,false,2019-02-22,,5,2026-10-01,false,,https://www.houjin-bangou.nta.go.jp/henkorireki-johoto.html?selHouzinNo=7120005020735,"Registry address matches 特商法 exactly (building name 立売堀壱番館 is omitted on the 特商法 page). Found only via the NTA 法人番号公表サイト name search — no third-party database or web source surfaced this number. HIGH CHURN / UNUSUAL PATTERN: 5 head-office moves that oscillate between Osaka and Hiroshima — 2019-08-27 →広島市南区京橋町6-13-102; 2025-09-18 →大阪市西区立売堀; 2026-05-25 →広島市南区京橋町; 2026-09-14 →大阪市西区新町2-18-23-401; 2026-10-01 →current 立売堀. The latest move is 6 days before retrieval. Several lawyer-directory pages still list the Hiroshima address as the head office and 立売堀 as a branch. Representative 相川祐一朗 (大阪弁護士会). Other 弁護士法人 with あおば in the name (5420005003414 八戸, 8260005009499 倉敷, 3180005006435 名古屋) have different exact names and addresses and are not candidates.",2026-10-07
SVC020,株式会社Maimo,8120001238223,株式会社Ｍａｉｍｏ,大阪府大阪市中央区久太郎町１丁目５－３１リアライズ堺筋本町ビル５０２,true,false,false,2021-06-14,,2,2025-08-05,false,,https://www.houjin-bangou.nta.go.jp/henkorireki-johoto.html?selHouzinNo=8120001238223,"Registry address matches 特商法 exactly. Earlier addresses 大阪市阿倍野区北畠1-22-5-1002 (until 2024-09-17) and 大阪市中央区南本町1-3-21 トウマビル502 (until 2025-08-05). A different 株式会社Ｍａｉｍｏ exists in 東京都中央区 (1010001206536); address test excludes it.",2026-10-07
SVC022,労働基準調査組合,7120005023597,労働基準調査組合,大阪府大阪市西区新町１丁目１４番３９号日宝立売堀ビル４０５号室,true,false,false,2023-05-01,,0,,false,,https://www.houjin-bangou.nta.go.jp/henkorireki-johoto.html?selHouzinNo=7120005023597,"This organisation IS incorporated and does have a 法人番号 (その他の法人 series). Registry address matches 特商法 exactly. No changes since assignment on 2023-05-01. Not to be confused with 日本労働調査組合 (8011805003113) whose registration is CLOSED — a different entity outside this operator list.",2026-10-07
SVC023,弁護士法人mamori,5010705003143,弁護士法人ｍａｍｏｒｉ,東京都渋谷区恵比寿西１丁目３番１０号ファイブアネックス８階,true,false,false,2020-12-02,,4,2025-06-18,false,,https://www.houjin-bangou.nta.go.jp/henkorireki-johoto.html?selHouzinNo=5010705003143,"Registry address matches 特商法 exactly. HIGH CHURN: 4 head-office moves in under 5 years — 品川区上大崎2-13-33 ヨロヅヤビル8階 (until 2021-12-22); 渋谷区恵比寿南1-5-2 恵比寿JEBL3階 (until 2022-08-23); 山形県鶴岡市山王町9-29 (until 2024-08-29); 品川区上大崎2-15-19 (until 2025-06-18). Includes one out-of-Tokyo relocation to 山形県 and back.",2026-10-07
SVC024,弁護士法人ITJ法律事務所,7010405008580,弁護士法人ＩＴＪ法律事務所,東京都港区芝浦４丁目１６番２３号アクアシティ芝浦９階,true,false,false,2015-10-05,,1,2020-08-03,false,,https://www.houjin-bangou.nta.go.jp/henkorireki-johoto.html?selHouzinNo=7010405008580,"Registry address matches 特商法 exactly. One move only: from 港区西新橋2-7-4 CJビル6階 on 2020-08-03.",2026-10-07
SVC025,労働組合 あおぞらユニオン,,,,,false,true,,,,,,,https://www.houjin-bangou.nta.go.jp/,"NO 法人番号 EXISTS. Authoritative NTA 法人番号公表サイト 部分一致 search for 「あおぞらユニオン」 returns 入力された条件に該当するデータが存在しません (zero results); a 「ユニオン」 sweep also returns nothing at 豊島区東池袋1-36-3. This is an unincorporated 労働組合 under 労働組合法 第2条/第5条2項 (formed 2017-01, 執行委員長 窪田義人) and has not taken 法人 registration, so no corporate number is assignable. Do not confuse with 労働組合法人 cases such as SVC002.",2026-10-07
SVC028,株式会社PULLBACK,1010901033823,株式会社ＰＵＬＬＢＡＣＫ,東京都渋谷区東２丁目２３番１４号白鳳堂ビル２階,true,false,false,2015-10-05,,8,2025-12-25,false,,https://www.houjin-bangou.nta.go.jp/henkorireki-johoto.html?selHouzinNo=1010901033823,"Registry address matches 特商法 exactly. HIGHEST CHURN IN THIS SET: 8 head-office relocations since 2015 — 世田谷区池尻 (until 2016-02-12); 渋谷区広尾 (2016-11-15); 港区港南 太陽生命品川ビル28F (2017-10-10); 目黒区中町 (2019-02-19); 目黒区祐天寺 (2021-05-28); 目黒区青葉台1-25-9 (2022-03-08); 渋谷区恵比寿西 I.T.O代官山203 (2024-08-06); 渋谷区東2-23-6 第二池田ビル4F (2025-12-25). Current move is only ~9 months old.",2026-10-07
SVC029,株式会社スリープラス,6010601054553,株式会社スリープラス,東京都墨田区両国４丁目４－５ナウスギウラビル６階,false,false,false,2018-11-05,,1,2025-05-20,false,,https://www.houjin-bangou.nta.go.jp/henkorireki-johoto.html?selHouzinNo=6010601054553,"MISMATCH FLAG: the 特商法 address (墨田区亀沢1-27-10 ヤマモトビル201) appears verbatim in the NTA 変更履歴 as the 旧情報 superseded on 2025-05-20; identity is confirmed but the operator's 特商法 page is stale — the current registered head office is 墨田区両国4-4-5 ナウスギウラビル6階. Only one 株式会社スリープラス exists in 東京都; the others are in 埼玉/兵庫/岐阜/大阪.",2026-10-07
SVC030,株式会社熱狂スタイル,2120001230557,株式会社熱狂スタイル,大阪府大阪市北区曾根崎２丁目８－５お初天神ＥＡＳＴＢＬＤＧ,true,false,false,2020-07-22,,0,,false,,https://www.houjin-bangou.nta.go.jp/henkorireki-johoto.html?selHouzinNo=2120001230557,"Registry address matches 特商法 (registry uses 曾根崎; the 特商法 page writes 曽根崎 — accepted variant. The 特商法 page adds room 3F-C25 which the registry omits). No changes since assignment on 2020-07-22.",2026-10-07
SVC031,株式会社スマートヤメマス,9011001163875,株式会社スマートヤメマス,東京都目黒区青葉台３丁目１３‐１１‐２階,,false,false,2024-08-13,,0,,false,,https://www.houjin-bangou.nta.go.jp/henkorireki-johoto.html?selHouzinNo=9011001163875,"address_match left EMPTY: no 特商法 address was supplied for this operator so the required cross-check could not be performed. The number is unique nationally for this exact name. No changes since assignment on 2024-08-13. IMPORTANT: 登記記録の閉鎖 is NOT shown on the NTA page as of 2026-10-07; however 東京商工リサーチ reports the company received a 破産手続開始決定 from 東京地裁 on 2026-03-25 — insolvency has begun but the registry record is still open. Needs follow-up.",2026-10-07
SVC033,弁護士法人川越みずほ法律会計,2030005018834,弁護士法人川越みずほ法律会計,埼玉県川越市豊田本４丁目３番地１５,true,false,false,2018-01-24,,1,2018-03-23,false,,https://www.houjin-bangou.nta.go.jp/henkorireki-johoto.html?selHouzinNo=2030005018834,"Registry address matches 特商法 exactly. One move only: from 川越市大字豊田本1217-2 on 2018-03-23. Stable for 8 years.",2026-10-07
SVC034,SG行政書士法務事務所,,,,,false,true,,,,,,,https://www.houjin-bangou.nta.go.jp/,"NO 法人番号 EXISTS. Authoritative NTA 法人番号公表サイト 部分一致 search for 「SG行政書士」 returns only NSG行政書士法人 (7030005020331, 戸田市) and VSG行政書士法人 (3011005006631, 渋谷区) — neither is this office. The operator's own 会社概要 states it is an individual 行政書士 practice (個人事業), not a 行政書士法人: 代表行政書士 重松祐達, 日本行政書士会連合会 登録番号 23191059, opened 2023-05-01, 名古屋市中区錦3-2-32 錦アクシスビル8階. Sole-proprietor offices are not assigned 法人番号.",2026-10-07
SVC038,合同会社Pay It Forward,1040003027085,合同会社Ｐａｙ　Ｉｔ　Ｆｏｒｗａｒｄ,千葉県千葉市花見川区検見川町３丁目３１７番地７－１０１号,true,false,false,2025-03-17,,0,,false,,https://www.houjin-bangou.nta.go.jp/henkorireki-johoto.html?selHouzinNo=1040003027085,"Registry address matches 特商法 exactly. Newly registered (法人番号 assigned 2025-03-17); no changes. Distinct from 合同会社Ｐａｙ Ｉｔ Ｆｏｒｗａｒｄ (1310003004271) and Ｐａｙ ｉｔ ｆｏｒｗａｒｄ合同会社 (4010003030361) which are different entities elsewhere.",2026-10-07
