service_name,operator_name,operator_type_raw,price_raw,service_url,source_url,source_title,retrieved_at
退職代行ネルサポ,ネルサポート株式会社,民間企業,"15,000円",,https://chuokaikei.co.jp/shigoto-nayami/taishoku-daikou-osusume/,退職代行おすすめランキング22選【2026年最新】弁護士・労働組合・民間の全比較,2026-10-07
退職代行ガーディアン,東京労働経済組合,労働組合,"19,800円",,https://chuokaikei.co.jp/shigoto-nayami/taishoku-daikou-osusume/,退職代行おすすめランキング22選【2026年最新】弁護士・労働組合・民間の全比較,2026-10-07
わたしNEXT,合同労働組合 退職代行toNEXTユニオン,労働組合,"21,800円(正社員)/18,800円(アルバイト)",,https://chuokaikei.co.jp/shigoto-nayami/taishoku-daikou-osusume/,退職代行おすすめランキング22選【2026年最新】弁護士・労働組合・民間の全比較,2026-10-07
退職サポート（私のユニオン）,合同労働組合 私のユニオン,労働組合,"22,000円",,https://chuokaikei.co.jp/shigoto-nayami/taishoku-daikou-osusume/,退職代行おすすめランキング22選【2026年最新】弁護士・労働組合・民間の全比較,2026-10-07
退職代行モームリ,株式会社アルバトロス,民間企業,"22,000円(正社員)/12,000円(アルバイト)",,https://chuokaikei.co.jp/shigoto-nayami/taishoku-daikou-osusume/,退職代行おすすめランキング22選【2026年最新】弁護士・労働組合・民間の全比較,2026-10-07
退職代行SARABA,退職代行SARABAユニオン,労働組合,"24,000円",,https://chuokaikei.co.jp/shigoto-nayami/taishoku-daikou-osusume/,退職代行おすすめランキング22選【2026年最新】弁護士・労働組合・民間の全比較,2026-10-07
退職代行OITOMA,株式会社H4,労働組合,"24,000円",,https://chuokaikei.co.jp/shigoto-nayami/taishoku-daikou-osusume/,退職代行おすすめランキング22選【2026年最新】弁護士・労働組合・民間の全比較,2026-10-07
男の退職代行,合同労働組合 退職代行toNEXTユニオン,労働組合,"26,800円",,https://chuokaikei.co.jp/shigoto-nayami/taishoku-daikou-osusume/,退職代行おすすめランキング22選【2026年最新】弁護士・労働組合・民間の全比較,2026-10-07
退職代行ローキ,労働基準調査組合,労働組合,"19,800円",,https://chuokaikei.co.jp/shigoto-nayami/taishoku-daikou-osusume/,退職代行おすすめランキング22選【2026年最新】弁護士・労働組合・民間の全比較,2026-10-07
あおぞら退職代行サービス,あおぞらユニオン,労働組合,"12,000円〜",,https://chuokaikei.co.jp/shigoto-nayami/taishoku-daikou-osusume/,退職代行おすすめランキング22選【2026年最新】弁護士・労働組合・民間の全比較,2026-10-07
アディーレ法律事務所,弁護士法人アディーレ法律事務所,弁護士法人,"19,800円〜77,000円",,https://chuokaikei.co.jp/shigoto-nayami/taishoku-daikou-osusume/,退職代行おすすめランキング22選【2026年最新】弁護士・労働組合・民間の全比較,2026-10-07
フォーゲル綜合法律事務所,フォーゲル綜合法律事務所,弁護士法人,"22,000円〜110,000円",,https://chuokaikei.co.jp/shigoto-nayami/taishoku-daikou-osusume/,退職代行おすすめランキング22選【2026年最新】弁護士・労働組合・民間の全比較,2026-10-07
弁護士法人川越みずほ法律会計,弁護士法人川越みずほ法律会計,弁護士法人,"22,000円〜",,https://chuokaikei.co.jp/shigoto-nayami/taishoku-daikou-osusume/,退職代行おすすめランキング22選【2026年最新】弁護士・労働組合・民間の全比較,2026-10-07
弁護士法人みやび,弁護士法人みやび,弁護士法人,"27,500円〜77,000円",,https://chuokaikei.co.jp/shigoto-nayami/taishoku-daikou-osusume/,退職代行おすすめランキング22選【2026年最新】弁護士・労働組合・民間の全比較,2026-10-07
退職110番,弁護士法人あおば,弁護士法人,"43,800円",,https://chuokaikei.co.jp/shigoto-nayami/taishoku-daikou-osusume/,退職代行おすすめランキング22選【2026年最新】弁護士・労働組合・民間の全比較,2026-10-07
退職代行EXIT,ENTRANCE株式会社,民間企業,"15,000円",,https://chuokaikei.co.jp/shigoto-nayami/taishoku-daikou-osusume/,退職代行おすすめランキング22選【2026年最新】弁護士・労働組合・民間の全比較,2026-10-07
退職代行辞スル,株式会社シーズ,民間企業,"22,000円(正社員)/18,000円(アルバイト)",,https://chuokaikei.co.jp/shigoto-nayami/taishoku-daikou-osusume/,退職代行おすすめランキング22選【2026年最新】弁護士・労働組合・民間の全比較,2026-10-07
辞めるんです,LENIS Entertainment株式会社,民間企業,"27,000円",,https://chuokaikei.co.jp/shigoto-nayami/taishoku-daikou-osusume/,退職代行おすすめランキング22選【2026年最新】弁護士・労働組合・民間の全比較,2026-10-07
退職代行Jobs,株式会社アレス,民間企業,"27,000円",,https://chuokaikei.co.jp/shigoto-nayami/taishoku-daikou-osusume/,退職代行おすすめランキング22選【2026年最新】弁護士・労働組合・民間の全比較,2026-10-07
退職代行ニコイチ,株式会社ニコイチ,民間企業,"27,000円",,https://chuokaikei.co.jp/shigoto-nayami/taishoku-daikou-osusume/,退職代行おすすめランキング22選【2026年最新】弁護士・労働組合・民間の全比較,2026-10-07
退職代行ヤメドキ,株式会社25H,民間企業,"24,000円",,https://chuokaikei.co.jp/shigoto-nayami/taishoku-daikou-osusume/,退職代行おすすめランキング22選【2026年最新】弁護士・労働組合・民間の全比較,2026-10-07
退職代行プラスサービス,株式会社スリープラス,民間企業,"21,780円(正社員)/16,280円(アルバイト)",,https://chuokaikei.co.jp/shigoto-nayami/taishoku-daikou-osusume/,退職代行おすすめランキング22選【2026年最新】弁護士・労働組合・民間の全比較,2026-10-07
退職代行辞スル,株式会社シーズ,労働組合提携,"22,000円",,https://gold-career.co.jp/media/retirement-agency/,【23社比較】退職代行おすすめランキング！2026年最新,2026-10-07
退職代行Jobs,株式会社アレス,労働組合,"27,000円",,https://gold-career.co.jp/media/retirement-agency/,【23社比較】退職代行おすすめランキング！2026年最新,2026-10-07
リーガルジャパン,日本労働産業ユニオン,労働組合,"19,800円",,https://gold-career.co.jp/media/retirement-agency/,【23社比較】退職代行おすすめランキング！2026年最新,2026-10-07
退職代行トリケシ,日本労働産業ユニオン,労働組合,"19,800円",,https://gold-career.co.jp/media/retirement-agency/,【23社比較】退職代行おすすめランキング！2026年最新,2026-10-07
退職代行モームリ,株式会社アルバトロス,民間企業,"22,000円（正社員）/12,000円（アルバイト・パート）",,https://gold-career.co.jp/media/retirement-agency/,【23社比較】退職代行おすすめランキング！2026年最新,2026-10-07
退職代行の窓口,日本経済合同労働組合,労働組合,"28,800円",,https://gold-career.co.jp/media/retirement-agency/,【23社比較】退職代行おすすめランキング！2026年最新,2026-10-07
退職代行わたしNEXT,日本退職代行協会,労働組合,"29,800円（正社員）/19,800円（パート・アルバイト）",,https://gold-career.co.jp/media/retirement-agency/,【23社比較】退職代行おすすめランキング！2026年最新,2026-10-07
退職代行OITOMA,株式会社5core,労働組合,"24,000円",,https://gold-career.co.jp/media/retirement-agency/,【23社比較】退職代行おすすめランキング！2026年最新,2026-10-07
男の退職代行,日本退職代行協会,労働組合,"26,800円（正社員）/19,800円（パート・アルバイト）",,https://gold-career.co.jp/media/retirement-agency/,【23社比較】退職代行おすすめランキング！2026年最新,2026-10-07
退職代行ヤメドキ,株式会社25H,民間企業,"24,000円",,https://gold-career.co.jp/media/retirement-agency/,【23社比較】退職代行おすすめランキング！2026年最新,2026-10-07
退職代行辞めるんです,LENIS Entertainment株式会社,民間企業,"27,000円",,https://gold-career.co.jp/media/retirement-agency/,【23社比較】退職代行おすすめランキング！2026年最新,2026-10-07
退職代行ネルサポ,合同労働組合ユニオンネルサポート,労働組合,"15,000円",,https://gold-career.co.jp/media/retirement-agency/,【23社比較】退職代行おすすめランキング！2026年最新,2026-10-07
弁護士法人ガイアの退職代行サービス,弁護士法人ガイア総合法律事務所,弁護士事務所,"25,300円/55,000円/77,000円",,https://gold-career.co.jp/media/retirement-agency/,【23社比較】退職代行おすすめランキング！2026年最新,2026-10-07
弁護士法人みやびの退職代行サービス,弁護士法人みやび,弁護士事務所,"27,500円/55,000円/77,000円",,https://gold-career.co.jp/media/retirement-agency/,【23社比較】退職代行おすすめランキング！2026年最新,2026-10-07
退職代行SARABA,退職代行SARABAユニオン,労働組合,"24,000円",,https://gold-career.co.jp/media/retirement-agency/,【23社比較】退職代行おすすめランキング！2026年最新,2026-10-07
退職代行ガーディアン,東京労働経済組合,労働組合,"24,800円",,https://gold-career.co.jp/media/retirement-agency/,【23社比較】退職代行おすすめランキング！2026年最新,2026-10-07
弁護士ビーノ,弁護士法人mamori,弁護士事務所,"66,000円",,https://gold-career.co.jp/media/retirement-agency/,【23社比較】退職代行おすすめランキング！2026年最新,2026-10-07
退職代行EXIT,EXIT株式会社,民間企業,"20,000円",,https://gold-career.co.jp/media/retirement-agency/,【23社比較】退職代行おすすめランキング！2026年最新,2026-10-07
退職代行のABAYO,株式会社アクロサポート,民間企業,"22,000円",,https://gold-career.co.jp/media/retirement-agency/,【23社比較】退職代行おすすめランキング！2026年最新,2026-10-07
退職代行ニコイチ,株式会社ニコイチ,民間企業,"27,000円",,https://gold-career.co.jp/media/retirement-agency/,【23社比較】退職代行おすすめランキング！2026年最新,2026-10-07
円満退職のピンチヒッター,株式会社Pino,民間企業,"25,000円",,https://gold-career.co.jp/media/retirement-agency/,【23社比較】退職代行おすすめランキング！2026年最新,2026-10-07
退職代行即ヤメ,ネルサポート株式会社,労働組合,"24,000円",,https://gold-career.co.jp/media/retirement-agency/,【23社比較】退職代行おすすめランキング！2026年最新,2026-10-07
退職代行サービスのretry,行政書士翔事務所,行政書士事務所,"30,000円（正社員）/20,000円（パート・アルバイト）",,https://gold-career.co.jp/media/retirement-agency/,【23社比較】退職代行おすすめランキング！2026年最新,2026-10-07
退職代行jobs,株式会社アレス,民間企業（労働組合提携）,"22,000円～24,000円",,https://goal4864.com/taisyokudaikou/osusume-ranking/,退職代行会社おすすめ比較20選【2026年版】,2026-10-07
退職代行ヤメドキ,株式会社25H,民間企業,"24,000円",,https://goal4864.com/taisyokudaikou/osusume-ranking/,退職代行会社おすすめ比較20選【2026年版】,2026-10-07
退職代行EXIT,ENTRANCE株式会社,民間企業,"15,000円",,https://goal4864.com/taisyokudaikou/osusume-ranking/,退職代行会社おすすめ比較20選【2026年版】,2026-10-07
退職代行ガーディアン,東京労働経済組合,労働組合,"19,800円",,https://goal4864.com/taisyokudaikou/osusume-ranking/,退職代行会社おすすめ比較20選【2026年版】,2026-10-07
フォーゲル綜合法律事務所,弁護士法人フォーゲル綜合法律事務所,弁護士,"22,000円～",,https://goal4864.com/taisyokudaikou/osusume-ranking/,退職代行会社おすすめ比較20選【2026年版】,2026-10-07
退職代行OITOMA,日本通信ユニオン/株式会社H4,労働組合,"20,000円",,https://goal4864.com/taisyokudaikou/osusume-ranking/,退職代行会社おすすめ比較20選【2026年版】,2026-10-07
辞めるんです,レニスエンターテイメント,民間企業,"27,000円",,https://goal4864.com/taisyokudaikou/osusume-ranking/,退職代行会社おすすめ比較20選【2026年版】,2026-10-07
わたしNEXT,退職代行toNEXTユニオン,労働組合,"18,800円～21,800円",,https://goal4864.com/taisyokudaikou/osusume-ranking/,退職代行会社おすすめ比較20選【2026年版】,2026-10-07
退職代行SARABA,退職代行SARABAユニオン,労働組合,"24,000円",,https://goal4864.com/taisyokudaikou/osusume-ranking/,退職代行会社おすすめ比較20選【2026年版】,2026-10-07
退職代行ニコイチ,株式会社ニコイチ,民間企業,"27,000円",,https://goal4864.com/taisyokudaikou/osusume-ranking/,退職代行会社おすすめ比較20選【2026年版】,2026-10-07
男の退職代行,退職代行toNEXTユニオン,労働組合,"18,800円～21,800円",,https://goal4864.com/taisyokudaikou/osusume-ranking/,退職代行会社おすすめ比較20選【2026年版】,2026-10-07
退職代行サービスのretry,行政書士翔事務所,行政書士,"20,000円～30,000円",,https://goal4864.com/taisyokudaikou/osusume-ranking/,退職代行会社おすすめ比較20選【2026年版】,2026-10-07
あおぞら退職代行サービス,労働組合あおぞらユニオン,労働組合,"15,000円",,https://goal4864.com/taisyokudaikou/osusume-ranking/,退職代行会社おすすめ比較20選【2026年版】,2026-10-07
退職代行MIRAI,株式会社NFJ,民間企業,"14,800円",,https://goal4864.com/taisyokudaikou/osusume-ranking/,退職代行会社おすすめ比較20選【2026年版】,2026-10-07
退職代行プラスサービス,株式会社スリープラス,民間企業,"16,280円～21,780円",,https://goal4864.com/taisyokudaikou/osusume-ranking/,退職代行会社おすすめ比較20選【2026年版】,2026-10-07
退職代行イマスグヤメタイ,株式会社Maimo,民間企業,"18,000円～19,000円",,https://goal4864.com/taisyokudaikou/osusume-ranking/,退職代行会社おすすめ比較20選【2026年版】,2026-10-07
退職代行辞スル,株式会社シーズ,民間企業,"18,000円～22,000円",,https://goal4864.com/taisyokudaikou/osusume-ranking/,退職代行会社おすすめ比較20選【2026年版】,2026-10-07
退職代行ヒトヤスミ,PULLBACK,民間企業,"22,000円",,https://goal4864.com/taisyokudaikou/osusume-ranking/,退職代行会社おすすめ比較20選【2026年版】,2026-10-07
退職代行Jobs,株式会社アレス,弁護士監修・労働組合連携,"23,000円（税込）",,https://jobs1.jp/media/columns/5674/,【2026年最新】退職代行サービスおすすめランキング20選｜料金・口コミで徹底比較,2026-10-07
退職代行ヤメドキ,株式会社25H,民間企業,"24,000円（税込）",,https://jobs1.jp/media/columns/5674/,【2026年最新】退職代行サービスおすすめランキング20選｜料金・口コミで徹底比較,2026-10-07
退職代行オイトマ,株式会社H4／労働組合日本通信ユニオン,労働組合,"24,000円",,https://jobs1.jp/media/columns/5674/,【2026年最新】退職代行サービスおすすめランキング20選｜料金・口コミで徹底比較,2026-10-07
退職代行ニコイチ,,民間企業,"27,000円",,https://jobs1.jp/media/columns/5674/,【2026年最新】退職代行サービスおすすめランキング20選｜料金・口コミで徹底比較,2026-10-07
退職代行EXIT,,民間企業,"15,000円",,https://jobs1.jp/media/columns/5674/,【2026年最新】退職代行サービスおすすめランキング20選｜料金・口コミで徹底比較,2026-10-07
退職代行イマスグヤメタイ,,労働組合,"19,000円",,https://jobs1.jp/media/columns/5674/,【2026年最新】退職代行サービスおすすめランキング20選｜料金・口コミで徹底比較,2026-10-07
男の退職代行,,労働組合,"21,800円（税込）",,https://jobs1.jp/media/columns/5674/,【2026年最新】退職代行サービスおすすめランキング20選｜料金・口コミで徹底比較,2026-10-07
退職代行辞スル,,民間企業,"21,000円",,https://jobs1.jp/media/columns/5674/,【2026年最新】退職代行サービスおすすめランキング20選｜料金・口コミで徹底比較,2026-10-07
退職代行わたしNEXT,,労働組合,"21,800円（税込）",https://taishoku.to-next.jp/,https://jobs1.jp/media/columns/5674/,【2026年最新】退職代行サービスおすすめランキング20選｜料金・口コミで徹底比較,2026-10-07
退職代行SARABA,退職代行SARABAユニオン,労働組合,"24,000円",,https://jobs1.jp/media/columns/5674/,【2026年最新】退職代行サービスおすすめランキング20選｜料金・口コミで徹底比較,2026-10-07
退職代行ローキ,,労働組合,"19,800円",https://rouki.help/,https://jobs1.jp/media/columns/5674/,【2026年最新】退職代行サービスおすすめランキング20選｜料金・口コミで徹底比較,2026-10-07
退職代行ネルサポ,ネルサポート株式会社,民間企業,"15,000円",https://newlife-support.com/,https://jobs1.jp/media/columns/5674/,【2026年最新】退職代行サービスおすすめランキング20選｜料金・口コミで徹底比較,2026-10-07
退職代行ヒトヤスミ,株式会社PULLBACK,弁護士監修,"22,000円",https://www.taisyokudaikouhitoyasumi.com/,https://jobs1.jp/media/columns/5674/,【2026年最新】退職代行サービスおすすめランキング20選｜料金・口コミで徹底比較,2026-10-07
退職代行やめたらええねん,株式会社熱狂スタイル,民間企業,"19,800円",https://yametaraeenen.com/,https://jobs1.jp/media/columns/5674/,【2026年最新】退職代行サービスおすすめランキング20選｜料金・口コミで徹底比較,2026-10-07
退職代行プラスサービス,株式会社スリープラス,行政書士運営,"21,780円（税込）",https://plus3-service.com/,https://jobs1.jp/media/columns/5674/,【2026年最新】退職代行サービスおすすめランキング20選｜料金・口コミで徹底比較,2026-10-07
退職代行retry,行政書士翔事務所,行政書士運営,"33,000円（税込）",https://office-kakeru.jp/retry/lp3/,https://jobs1.jp/media/columns/5674/,【2026年最新】退職代行サービスおすすめランキング20選｜料金・口コミで徹底比較,2026-10-07
あおぞら退職代行サービス,労働組合あおぞらユニオン,労働組合,"15,000円",https://aozora-union.com/resignation/,https://jobs1.jp/media/columns/5674/,【2026年最新】退職代行サービスおすすめランキング20選｜料金・口コミで徹底比較,2026-10-07
退職代行みらい,株式会社あいゆめ,労働組合連携,"27,500円（税込）",https://mirai-restart.com/,https://jobs1.jp/media/columns/5674/,【2026年最新】退職代行サービスおすすめランキング20選｜料金・口コミで徹底比較,2026-10-07
退職代行ガーディアン,東京労働経済組合,労働組合,"19,800円",https://taisyokudaiko.jp/,https://jobs1.jp/media/columns/5674/,【2026年最新】退職代行サービスおすすめランキング20選｜料金・口コミで徹底比較,2026-10-07
退職代行モームリ,株式会社アルバトロス,弁護士監修・労働組合提携,"22,000円（税込）",https://momuri.com/,https://jobs1.jp/media/columns/5674/,【2026年最新】退職代行サービスおすすめランキング20選｜料金・口コミで徹底比較,2026-10-07
退職代行Jobs,株式会社アレス,民間（弁護士監修・労働組合連携）,"24,000円～26,000円",,https://taishokudaikou.tng-marketing.com/,退職代行比較ガイド｜おすすめの退職代行サービス16社を徹底比較,2026-10-07
退職代行オイトマ,株式会社5core,民間（弁護士監修）,"22,000円",https://o-itoma.jp/,https://taishokudaikou.tng-marketing.com/,退職代行比較ガイド｜おすすめの退職代行サービス16社を徹底比較,2026-10-07
退職代行ガーディアン,東京労働経済組合,労働組合,"24,800円",,https://taishokudaikou.tng-marketing.com/,退職代行比較ガイド｜おすすめの退職代行サービス16社を徹底比較,2026-10-07
辞めるんです,LENIS Entertainment株式会社,民間（弁護士監修）,"27,000円",,https://taishokudaikou.tng-marketing.com/,退職代行比較ガイド｜おすすめの退職代行サービス16社を徹底比較,2026-10-07
退職代行モームリ,株式会社アルバトロス,民間（弁護士監修・労働組合提携）,"12,000円～22,000円",,https://taishokudaikou.tng-marketing.com/,退職代行比較ガイド｜おすすめの退職代行サービス16社を徹底比較,2026-10-07
男の退職代行,退職代行toNEXTユニオン,労働組合,"21,800円",,https://taishokudaikou.tng-marketing.com/,退職代行比較ガイド｜おすすめの退職代行サービス16社を徹底比較,2026-10-07
わたしNEXT,退職代行toNEXTユニオン,労働組合,"21,800円",,https://taishokudaikou.tng-marketing.com/,退職代行比較ガイド｜おすすめの退職代行サービス16社を徹底比較,2026-10-07
退職代行ニコイチ,株式会社ニコイチ,民間（弁護士監修）,"27,000円",,https://taishokudaikou.tng-marketing.com/,退職代行比較ガイド｜おすすめの退職代行サービス16社を徹底比較,2026-10-07
退職代行ネルサポ,合同労働組合ユニオンネルサポート,労働組合,"15,000円",,https://taishokudaikou.tng-marketing.com/,退職代行比較ガイド｜おすすめの退職代行サービス16社を徹底比較,2026-10-07
退職代行ヤメドキ,株式会社25H,民間（労働組合・社労士連携）,"24,000円",,https://taishokudaikou.tng-marketing.com/,退職代行比較ガイド｜おすすめの退職代行サービス16社を徹底比較,2026-10-07
EXIT,EXIT株式会社,民間（弁護士監修）,"15,000円",https://www.taishokudaikou.com/,https://taishokudaikou.tng-marketing.com/,退職代行比較ガイド｜おすすめの退職代行サービス16社を徹底比較,2026-10-07
退職代行SARABA,退職代行SARABAユニオン,労働組合,"24,000円",https://taisyokudaikou.com/,https://taishokudaikou.tng-marketing.com/,退職代行比較ガイド｜おすすめの退職代行サービス16社を徹底比較,2026-10-07
やめたらええねん,株式会社熱狂スタイル,民間（弁護士・社労士監修・労働組合提携）,"19,800円",https://yametaraeenen.com/,https://taishokudaikou.tng-marketing.com/,退職代行比較ガイド｜おすすめの退職代行サービス16社を徹底比較,2026-10-07
弁護士法人みやび,弁護士法人みやび,弁護士,"27,500円～77,000円",https://www.miyabi-law.jp/retirement/,https://taishokudaikou.tng-marketing.com/,退職代行比較ガイド｜おすすめの退職代行サービス16社を徹底比較,2026-10-07
アディーレ法律事務所,アディーレ法律事務所,弁護士,"19,800円～77,000円",https://www.adire-roudou.jp/daikou/lp_1907_a.html,https://taishokudaikou.tng-marketing.com/,退職代行比較ガイド｜おすすめの退職代行サービス16社を徹底比較,2026-10-07
フォーゲル綜合法律事務所,フォーゲル綜合法律事務所,弁護士,"22,000円～55,000円",https://enman-taishokudaikou.com/,https://taishokudaikou.tng-marketing.com/,退職代行比較ガイド｜おすすめの退職代行サービス16社を徹底比較,2026-10-07
退職代行ヒトヤスミ,株式会社PULLBACK,民間企業型,"22,000円",,https://b-pos.jp/g044/,退職代行サービス19選比較！費用相場や選び方のポイントまで解説,2026-10-07
退職代行エージェント,株式会社RHコンサルティング,民間企業型,"22,000円~",,https://b-pos.jp/g044/,退職代行サービス19選比較！費用相場や選び方のポイントまで解説,2026-10-07
退職代行イマスグヤメタイ,株式会社Maimo,民間企業型,"22,000円",,https://b-pos.jp/g044/,退職代行サービス19選比較！費用相場や選び方のポイントまで解説,2026-10-07
辞めるんです,LENIS Entertainment株式会社,民間企業型,"27,000円",,https://b-pos.jp/g044/,退職代行サービス19選比較！費用相場や選び方のポイントまで解説,2026-10-07
退職代行Jobs,株式会社アレス,民間企業型,"27,000円",,https://b-pos.jp/g044/,退職代行サービス19選比較！費用相場や選び方のポイントまで解説,2026-10-07
退職代行EXIT,EXIT株式会社,民間企業型,"20,000円",,https://b-pos.jp/g044/,退職代行サービス19選比較！費用相場や選び方のポイントまで解説,2026-10-07
退職代行ニコイチ,株式会社ニコイチ,民間企業型,"27,000円",,https://b-pos.jp/g044/,退職代行サービス19選比較！費用相場や選び方のポイントまで解説,2026-10-07
退職代行ヤメドキ,株式会社25H,民間企業型,"24,000円",,https://b-pos.jp/g044/,退職代行サービス19選比較！費用相場や選び方のポイントまで解説,2026-10-07
退職代行ガーディアン,東京労働経済組合,労働組合型,"24,800円",,https://b-pos.jp/g044/,退職代行サービス19選比較！費用相場や選び方のポイントまで解説,2026-10-07
退職代行ネルサポ,ネルサポート株式会社,労働組合型,"15,000円",,https://b-pos.jp/g044/,退職代行サービス19選比較！費用相場や選び方のポイントまで解説,2026-10-07
退職代行トリケシ,日本労働産業ユニオン,労働組合型,"25,000円",,https://b-pos.jp/g044/,退職代行サービス19選比較！費用相場や選び方のポイントまで解説,2026-10-07
退職代行オイトマ,株式会社H4,労働組合型,"24,000円",,https://b-pos.jp/g044/,退職代行サービス19選比較！費用相場や選び方のポイントまで解説,2026-10-07
退職代行SARABA,株式会社スムリエ,労働組合型,"24,000円",,https://b-pos.jp/g044/,退職代行サービス19選比較！費用相場や選び方のポイントまで解説,2026-10-07
退職代行ローキ,労働基準調査組合,労働組合型,"19,800円",,https://b-pos.jp/g044/,退職代行サービス19選比較！費用相場や選び方のポイントまで解説,2026-10-07
弁護士法人ガイア総合法律事務所,弁護士法人ガイア総合法律事務所,法律事務所型,"55,000円",,https://b-pos.jp/g044/,退職代行サービス19選比較！費用相場や選び方のポイントまで解説,2026-10-07
アディーレ法律事務所,アディーレ法律事務所,法律事務所型,"33,000円~",,https://b-pos.jp/g044/,退職代行サービス19選比較！費用相場や選び方のポイントまで解説,2026-10-07
フォーゲル綜合法律事務所,フォーゲル綜合法律事務所,法律事務所型,"33,000円~",,https://b-pos.jp/g044/,退職代行サービス19選比較！費用相場や選び方のポイントまで解説,2026-10-07
弁護士法人ITJ法律事務所,弁護士法人ITJ法律事務所,法律事務所型,"19,900円",,https://b-pos.jp/g044/,退職代行サービス19選比較！費用相場や選び方のポイントまで解説,2026-10-07
ベンゴシNOW,トップコート国際法律事務所,法律事務所型,"19,800円~",,https://b-pos.jp/g044/,退職代行サービス19選比較！費用相場や選び方のポイントまで解説,2026-10-07
退職代行SARABA,株式会社スムリエ / 労働組合「退職代行さらばユニオン」,労働組合,"24,000円",,https://yasume.org/yameyo/,退職代行おすすめ11選。安い/後払い/労働組合/弁護士の人気サービスを徹底比較 - YAMEYO,2026-10-07
弁護士法人みやび,弁護士法人みやび,弁護士,"55,000円（金銭請求は回収金額の20%）",,https://yasume.org/yameyo/,退職代行おすすめ11選。安い/後払い/労働組合/弁護士の人気サービスを徹底比較 - YAMEYO,2026-10-07
退職代行辞めるんです,LENIS Entertainment株式会社,民間,"27,000円",,https://yasume.org/yameyo/,退職代行おすすめ11選。安い/後払い/労働組合/弁護士の人気サービスを徹底比較 - YAMEYO,2026-10-07
退職代行ニコイチ,株式会社ニコイチ,民間,"27,000円",,https://yasume.org/yameyo/,退職代行おすすめ11選。安い/後払い/労働組合/弁護士の人気サービスを徹底比較 - YAMEYO,2026-10-07
退職代行モームリ,株式会社アルバトロス / 労働環境改善組合,労働組合,"22,000円（正社員）",,https://yasume.org/yameyo/,退職代行おすすめ11選。安い/後払い/労働組合/弁護士の人気サービスを徹底比較 - YAMEYO,2026-10-07
退職代行Jobs,株式会社アレス / 合同労働組合ユニオンジャパン,労働組合,"29,000円",,https://yasume.org/yameyo/,退職代行おすすめ11選。安い/後払い/労働組合/弁護士の人気サービスを徹底比較 - YAMEYO,2026-10-07
退職代行OITOMA,株式会社5core / 労働組合日本通信ユニオン,労働組合,"24,000円",,https://yasume.org/yameyo/,退職代行おすすめ11選。安い/後払い/労働組合/弁護士の人気サービスを徹底比較 - YAMEYO,2026-10-07
退職代行ネルサポ,合同労働組合ユニオンネルサポート,労働組合,"22,000円",,https://yasume.org/yameyo/,退職代行おすすめ11選。安い/後払い/労働組合/弁護士の人気サービスを徹底比較 - YAMEYO,2026-10-07
退職代行J-NEXT,J-NEXT株式会社,民間,"20,000円",,https://yasume.org/yameyo/,退職代行おすすめ11選。安い/後払い/労働組合/弁護士の人気サービスを徹底比較 - YAMEYO,2026-10-07
退職代行ピンチヒッター,株式会社Pino,民間,"27,500円",,https://yasume.org/yameyo/,退職代行おすすめ11選。安い/後払い/労働組合/弁護士の人気サービスを徹底比較 - YAMEYO,2026-10-07
退職代行ニチロー,労働組合法人 日本労働調査組合,労働組合,"28,000円",,https://yasume.org/yameyo/,退職代行おすすめ11選。安い/後払い/労働組合/弁護士の人気サービスを徹底比較 - YAMEYO,2026-10-07
フォーゲル,,弁護士,"33,000円",enman-taishokudaikou.com,https://yasume.org/yameyo/,退職代行おすすめ11選。安い/後払い/労働組合/弁護士の人気サービスを徹底比較 - YAMEYO,2026-10-07
アディーレ,,弁護士,"77,000円",adire-roudou.jp,https://yasume.org/yameyo/,退職代行おすすめ11選。安い/後払い/労働組合/弁護士の人気サービスを徹底比較 - YAMEYO,2026-10-07
