service_name,operator_name,announced_launch_date,service_url,source_url,source_title,source_type,published_at,retrieved_at
ベンゴシNOW,株式会社マチベン,2024-05-07,https://bengoshinow.app/taishokudaikou,https://prtimes.jp/main/html/rd/p/000000008.000089788.html,新卒専門の退職代行『ベンゴシNOW』をリリース,PR,2024-05-07,2026-10-07
スイスイ退職代行,株式会社スマートテック,,https://suisui-daikou.com/,https://prtimes.jp/main/html/rd/p/000000206.000057398.html,株式会社アシスト（代表取締役：宇井和朗）は【スイスイ退職代行】のサービスサイトを制作,PR,2024-06-14,2026-10-07
退職代行やめたらええねん,株式会社熱狂スタイル,2024-06-27,https://yametaraeenen.com/,https://prtimes.jp/main/html/rd/p/000000005.000093189.html,業界初！社員指名制度&プロフィール公開を実現！アルバイトの業界最安値にも挑戦！,PR,2024-06-27,2026-10-07
退職代行サービス ライトプラン（アディーレ法律事務所）,弁護士法人アディーレ法律事務所,2024-07-11,https://www.adire-roudou.jp/lp/taishokudaikou/1907/,https://prtimes.jp/main/html/rd/p/000000159.000004491.html,アディーレ法律事務所が退職代行サービスの新プランを開始,PR,2024-07-11,2026-10-07
退職代行 辞スル,株式会社シーズ,2024-07-10,https://jisuru.com/,https://prtimes.jp/main/html/rd/p/000000002.000151907.html,『退職代行 辞スル』１日の対応数最高記録達成！１日70件以上対応 タレント 重盛さと美さんのプロモーション起用を開始！,PR,2025-01-08,2026-10-07
退職代行だいじょうぶ,株式会社Wandering Seagull,2024-09-23,https://daijoubu.jp,https://prtimes.jp/main/html/rd/p/000000001.000149471.html,"業界最安値14,800円「退職代行だいじょうぶ」サービス提供開始",PR,2024-09-24,2026-10-07
退職代行JITAI,退職代行JITAI株式会社,2024-10-21,https://taishoku-jitai.com/,https://prtimes.jp/main/html/rd/p/000000001.000151451.html,人気インフルエンサー「ゆゆうた」さん監修、「退職代行JITAI」サービススタート,PR,2024-10-21,2026-10-07
MOMURI+（モームリプラス）,株式会社アルバトロス,2024-12-15,https://momuriplus.com/,https://prtimes.jp/main/html/rd/p/000000021.000103965.html,退職代行モームリの情報開示型コンサル『MOMURI+（モームリプラス）』事業開始のお知らせ,PR,2024-12-11,2026-10-07
退職代行OITOMA,株式会社5core,,,https://prtimes.jp/main/html/rd/p/000000013.000080651.html,退職代行OITOMAは行政書士東京中央法務オフィスとの提携を3月25日に発表！,PR,2024-04-04,2026-10-07
退職あんしん代行,株式会社エヌアンドエス,2025-01-14,https://taishoku-anshin-daiko.com/,https://prtimes.jp/main/html/rd/p/000000004.000155176.html,"【業界最安値】退職代行2,980円から始まるAI時代の新しいキャリアづくり",PR,2025-01-14,2026-10-07
退職.com,株式会社SAMURAIマーケティング,2025-02-01,,https://www.mapion.co.jp/news/release/000000002.000152317/,株式会社SAMURAIマーケティング、新サービス『退職.com』をローンチ！,PR,2025-01-13,2026-10-07
AI退職適正診断,株式会社エヌアンドエス,,https://taishoku-anshin-daiko.com/,https://prtimes.jp/main/html/rd/p/000000007.000155176.html,"「退職代行 2,980円 新サービス」AI退職適正診断を無料リリース",PR,2025-02-27,2026-10-07
モープリ,株式会社アルバトロス,2025-04-01,https://ms-store.jp/,https://prtimes.jp/main/html/rd/p/000000025.000103965.html,退職代行モームリが退職者専用サプリ『モープリ』を開発！,PR,2025-04-01,2026-10-07
YELL!!,合同会社Pay It Forward,,https://www.pif-yell.com/,https://prtimes.jp/main/html/rd/p/000000001.000161673.html,【顧問弁護士監修】退職から転職までワンストップ！キャッシュバックで“実質0円”の退職代行サービス『YELL!!』提供開始,PR,2025-05-07,2026-10-07
SAYONARA CONCIERGE（サヨナラコンシェルジュ）,株式会社NexusAdvisors,,https://sayonaraconcierge.com/,https://prtimes.jp/main/html/rd/p/000000007.000153411.html,「退職にもテクノロジーと個別最適化を」—AI HR TechのNexusAdvisors、次世代型退職支援サービスを提供開始,PR,2025-07-09,2026-10-07
イテクレヤ,株式会社おくりバント,2025-08-01,,https://prtimes.jp/main/html/rd/p/000000010.000090563.html,株式会社おくりバント、退職引き止めサービス「イテクレヤ」を正式リリース,PR,2025-09-04,2026-10-07
退職代行スマートヤメマス 法人向けサービス,株式会社スマートヤメマス,,https://smartyamemasu.co.jp/taishokudaiko,https://prtimes.jp/main/html/rd/p/000000010.000157021.html,退職代行は、企業のためになる。退職代行スマートヤメマス、従業員定着と職場環境改善につながる法人向け新サービスを開始,PR,2025-09-10,2026-10-07
AI退職代行 by 行政書士,SG株式会社（SG行政書士法務事務所）,2026-01-26,https://ai-taishoku.sg-gss.com/,https://prtimes.jp/main/html/rd/p/000000003.000131994.html,SG株式会社、AI音声技術を活用した退職代行システムを開発 「AI退職代行 by 行政書士」として提供開始,PR,2026-01-26,2026-10-07
退職代行ヤメルート,ミックスナッツ,2026-08-03,https://yame-route.com/,https://prtimes.jp/main/html/rd/p/000000002.000187609.html,退職代行サービス「ヤメルート」を提供開始,PR,2026-08-03,2026-10-07
引継ぎ代行プラス,inovie株式会社,2026-09-29,https://hikitsugi-daiko.com/,https://prtimes.jp/main/html/rd/p/000000006.000184916.html,退職・休業時の“引継ぎ先”を外に置く「引継ぎ代行」。「引継ぎ代行プラス」を提供開始、モニター企業を先着5社募集,PR,2026-09-29,2026-10-07
