batch,service_name,name_key,operator_name,operator_type_raw,price_raw,service_url,domain,source_url,source_title,retrieved_at
discovered_services_batch_comparison.csv,退職代行ネルサポ,ネルサポ,ネルサポート株式会社,民間企業,"15,000円",,,https://chuokaikei.co.jp/shigoto-nayami/taishoku-daikou-osusume/,退職代行おすすめランキング22選【2026年最新】弁護士・労働組合・民間の全比較,2026-10-07
discovered_services_batch_comparison.csv,退職代行ガーディアン,ガーディアン,東京労働経済組合,労働組合,"19,800円",,,https://chuokaikei.co.jp/shigoto-nayami/taishoku-daikou-osusume/,退職代行おすすめランキング22選【2026年最新】弁護士・労働組合・民間の全比較,2026-10-07
discovered_services_batch_comparison.csv,わたしNEXT,わたしnext,合同労働組合 退職代行toNEXTユニオン,労働組合,"21,800円(正社員)/18,800円(アルバイト)",,,https://chuokaikei.co.jp/shigoto-nayami/taishoku-daikou-osusume/,退職代行おすすめランキング22選【2026年最新】弁護士・労働組合・民間の全比較,2026-10-07
discovered_services_batch_comparison.csv,退職サポート（私のユニオン）,退職サポート,合同労働組合 私のユニオン,労働組合,"22,000円",,,https://chuokaikei.co.jp/shigoto-nayami/taishoku-daikou-osusume/,退職代行おすすめランキング22選【2026年最新】弁護士・労働組合・民間の全比較,2026-10-07
discovered_services_batch_comparison.csv,退職代行モームリ,モームリ,株式会社アルバトロス,民間企業,"22,000円(正社員)/12,000円(アルバイト)",,,https://chuokaikei.co.jp/shigoto-nayami/taishoku-daikou-osusume/,退職代行おすすめランキング22選【2026年最新】弁護士・労働組合・民間の全比較,2026-10-07
discovered_services_batch_comparison.csv,退職代行SARABA,saraba,退職代行SARABAユニオン,労働組合,"24,000円",,,https://chuokaikei.co.jp/shigoto-nayami/taishoku-daikou-osusume/,退職代行おすすめランキング22選【2026年最新】弁護士・労働組合・民間の全比較,2026-10-07
discovered_services_batch_comparison.csv,退職代行OITOMA,oitoma,株式会社H4,労働組合,"24,000円",,,https://chuokaikei.co.jp/shigoto-nayami/taishoku-daikou-osusume/,退職代行おすすめランキング22選【2026年最新】弁護士・労働組合・民間の全比較,2026-10-07
discovered_services_batch_comparison.csv,男の退職代行,男,合同労働組合 退職代行toNEXTユニオン,労働組合,"26,800円",,,https://chuokaikei.co.jp/shigoto-nayami/taishoku-daikou-osusume/,退職代行おすすめランキング22選【2026年最新】弁護士・労働組合・民間の全比較,2026-10-07
discovered_services_batch_comparison.csv,退職代行ローキ,ローキ,労働基準調査組合,労働組合,"19,800円",,,https://chuokaikei.co.jp/shigoto-nayami/taishoku-daikou-osusume/,退職代行おすすめランキング22選【2026年最新】弁護士・労働組合・民間の全比較,2026-10-07
discovered_services_batch_comparison.csv,あおぞら退職代行サービス,あおぞら,あおぞらユニオン,労働組合,"12,000円〜",,,https://chuokaikei.co.jp/shigoto-nayami/taishoku-daikou-osusume/,退職代行おすすめランキング22選【2026年最新】弁護士・労働組合・民間の全比較,2026-10-07
discovered_services_batch_comparison.csv,アディーレ法律事務所,アディーレ法律事務所,弁護士法人アディーレ法律事務所,弁護士法人,"19,800円〜77,000円",,,https://chuokaikei.co.jp/shigoto-nayami/taishoku-daikou-osusume/,退職代行おすすめランキング22選【2026年最新】弁護士・労働組合・民間の全比較,2026-10-07
discovered_services_batch_comparison.csv,フォーゲル綜合法律事務所,フォーゲル綜合法律事務所,フォーゲル綜合法律事務所,弁護士法人,"22,000円〜110,000円",,,https://chuokaikei.co.jp/shigoto-nayami/taishoku-daikou-osusume/,退職代行おすすめランキング22選【2026年最新】弁護士・労働組合・民間の全比較,2026-10-07
discovered_services_batch_comparison.csv,弁護士法人川越みずほ法律会計,弁護士法人川越みずほ法律会計,弁護士法人川越みずほ法律会計,弁護士法人,"22,000円〜",,,https://chuokaikei.co.jp/shigoto-nayami/taishoku-daikou-osusume/,退職代行おすすめランキング22選【2026年最新】弁護士・労働組合・民間の全比較,2026-10-07
discovered_services_batch_comparison.csv,弁護士法人みやび,弁護士法人みやび,弁護士法人みやび,弁護士法人,"27,500円〜77,000円",,,https://chuokaikei.co.jp/shigoto-nayami/taishoku-daikou-osusume/,退職代行おすすめランキング22選【2026年最新】弁護士・労働組合・民間の全比較,2026-10-07
discovered_services_batch_comparison.csv,退職110番,退職110番,弁護士法人あおば,弁護士法人,"43,800円",,,https://chuokaikei.co.jp/shigoto-nayami/taishoku-daikou-osusume/,退職代行おすすめランキング22選【2026年最新】弁護士・労働組合・民間の全比較,2026-10-07
discovered_services_batch_comparison.csv,退職代行EXIT,exit,ENTRANCE株式会社,民間企業,"15,000円",,,https://chuokaikei.co.jp/shigoto-nayami/taishoku-daikou-osusume/,退職代行おすすめランキング22選【2026年最新】弁護士・労働組合・民間の全比較,2026-10-07
discovered_services_batch_comparison.csv,退職代行辞スル,辞スル,株式会社シーズ,民間企業,"22,000円(正社員)/18,000円(アルバイト)",,,https://chuokaikei.co.jp/shigoto-nayami/taishoku-daikou-osusume/,退職代行おすすめランキング22選【2026年最新】弁護士・労働組合・民間の全比較,2026-10-07
discovered_services_batch_comparison.csv,辞めるんです,辞めるんです,LENIS Entertainment株式会社,民間企業,"27,000円",,,https://chuokaikei.co.jp/shigoto-nayami/taishoku-daikou-osusume/,退職代行おすすめランキング22選【2026年最新】弁護士・労働組合・民間の全比較,2026-10-07
discovered_services_batch_comparison.csv,退職代行Jobs,jobs,株式会社アレス,民間企業,"27,000円",,,https://chuokaikei.co.jp/shigoto-nayami/taishoku-daikou-osusume/,退職代行おすすめランキング22選【2026年最新】弁護士・労働組合・民間の全比較,2026-10-07
discovered_services_batch_comparison.csv,退職代行ニコイチ,ニコイチ,株式会社ニコイチ,民間企業,"27,000円",,,https://chuokaikei.co.jp/shigoto-nayami/taishoku-daikou-osusume/,退職代行おすすめランキング22選【2026年最新】弁護士・労働組合・民間の全比較,2026-10-07
discovered_services_batch_comparison.csv,退職代行ヤメドキ,ヤメドキ,株式会社25H,民間企業,"24,000円",,,https://chuokaikei.co.jp/shigoto-nayami/taishoku-daikou-osusume/,退職代行おすすめランキング22選【2026年最新】弁護士・労働組合・民間の全比較,2026-10-07
discovered_services_batch_comparison.csv,退職代行プラスサービス,プラス,株式会社スリープラス,民間企業,"21,780円(正社員)/16,280円(アルバイト)",,,https://chuokaikei.co.jp/shigoto-nayami/taishoku-daikou-osusume/,退職代行おすすめランキング22選【2026年最新】弁護士・労働組合・民間の全比較,2026-10-07
discovered_services_batch_comparison.csv,退職代行辞スル,辞スル,株式会社シーズ,労働組合提携,"22,000円",,,https://gold-career.co.jp/media/retirement-agency/,【23社比較】退職代行おすすめランキング！2026年最新,2026-10-07
discovered_services_batch_comparison.csv,退職代行Jobs,jobs,株式会社アレス,労働組合,"27,000円",,,https://gold-career.co.jp/media/retirement-agency/,【23社比較】退職代行おすすめランキング！2026年最新,2026-10-07
discovered_services_batch_comparison.csv,リーガルジャパン,リーガルジャパン,日本労働産業ユニオン,労働組合,"19,800円",,,https://gold-career.co.jp/media/retirement-agency/,【23社比較】退職代行おすすめランキング！2026年最新,2026-10-07
discovered_services_batch_comparison.csv,退職代行トリケシ,トリケシ,日本労働産業ユニオン,労働組合,"19,800円",,,https://gold-career.co.jp/media/retirement-agency/,【23社比較】退職代行おすすめランキング！2026年最新,2026-10-07
discovered_services_batch_comparison.csv,退職代行モームリ,モームリ,株式会社アルバトロス,民間企業,"22,000円（正社員）/12,000円（アルバイト・パート）",,,https://gold-career.co.jp/media/retirement-agency/,【23社比較】退職代行おすすめランキング！2026年最新,2026-10-07
discovered_services_batch_comparison.csv,退職代行の窓口,の窓口,日本経済合同労働組合,労働組合,"28,800円",,,https://gold-career.co.jp/media/retirement-agency/,【23社比較】退職代行おすすめランキング！2026年最新,2026-10-07
discovered_services_batch_comparison.csv,退職代行わたしNEXT,わたしnext,日本退職代行協会,労働組合,"29,800円（正社員）/19,800円（パート・アルバイト）",,,https://gold-career.co.jp/media/retirement-agency/,【23社比較】退職代行おすすめランキング！2026年最新,2026-10-07
discovered_services_batch_comparison.csv,退職代行OITOMA,oitoma,株式会社5core,労働組合,"24,000円",,,https://gold-career.co.jp/media/retirement-agency/,【23社比較】退職代行おすすめランキング！2026年最新,2026-10-07
discovered_services_batch_comparison.csv,男の退職代行,男,日本退職代行協会,労働組合,"26,800円（正社員）/19,800円（パート・アルバイト）",,,https://gold-career.co.jp/media/retirement-agency/,【23社比較】退職代行おすすめランキング！2026年最新,2026-10-07
discovered_services_batch_comparison.csv,退職代行ヤメドキ,ヤメドキ,株式会社25H,民間企業,"24,000円",,,https://gold-career.co.jp/media/retirement-agency/,【23社比較】退職代行おすすめランキング！2026年最新,2026-10-07
discovered_services_batch_comparison.csv,退職代行辞めるんです,辞めるんです,LENIS Entertainment株式会社,民間企業,"27,000円",,,https://gold-career.co.jp/media/retirement-agency/,【23社比較】退職代行おすすめランキング！2026年最新,2026-10-07
discovered_services_batch_comparison.csv,退職代行ネルサポ,ネルサポ,合同労働組合ユニオンネルサポート,労働組合,"15,000円",,,https://gold-career.co.jp/media/retirement-agency/,【23社比較】退職代行おすすめランキング！2026年最新,2026-10-07
discovered_services_batch_comparison.csv,弁護士法人ガイアの退職代行サービス,弁護士法人ガイア,弁護士法人ガイア総合法律事務所,弁護士事務所,"25,300円/55,000円/77,000円",,,https://gold-career.co.jp/media/retirement-agency/,【23社比較】退職代行おすすめランキング！2026年最新,2026-10-07
discovered_services_batch_comparison.csv,弁護士法人みやびの退職代行サービス,弁護士法人みやび,弁護士法人みやび,弁護士事務所,"27,500円/55,000円/77,000円",,,https://gold-career.co.jp/media/retirement-agency/,【23社比較】退職代行おすすめランキング！2026年最新,2026-10-07
discovered_services_batch_comparison.csv,退職代行SARABA,saraba,退職代行SARABAユニオン,労働組合,"24,000円",,,https://gold-career.co.jp/media/retirement-agency/,【23社比較】退職代行おすすめランキング！2026年最新,2026-10-07
discovered_services_batch_comparison.csv,退職代行ガーディアン,ガーディアン,東京労働経済組合,労働組合,"24,800円",,,https://gold-career.co.jp/media/retirement-agency/,【23社比較】退職代行おすすめランキング！2026年最新,2026-10-07
discovered_services_batch_comparison.csv,弁護士ビーノ,弁護士ビーノ,弁護士法人mamori,弁護士事務所,"66,000円",,,https://gold-career.co.jp/media/retirement-agency/,【23社比較】退職代行おすすめランキング！2026年最新,2026-10-07
discovered_services_batch_comparison.csv,退職代行EXIT,exit,EXIT株式会社,民間企業,"20,000円",,,https://gold-career.co.jp/media/retirement-agency/,【23社比較】退職代行おすすめランキング！2026年最新,2026-10-07
discovered_services_batch_comparison.csv,退職代行のABAYO,のabayo,株式会社アクロサポート,民間企業,"22,000円",,,https://gold-career.co.jp/media/retirement-agency/,【23社比較】退職代行おすすめランキング！2026年最新,2026-10-07
discovered_services_batch_comparison.csv,退職代行ニコイチ,ニコイチ,株式会社ニコイチ,民間企業,"27,000円",,,https://gold-career.co.jp/media/retirement-agency/,【23社比較】退職代行おすすめランキング！2026年最新,2026-10-07
discovered_services_batch_comparison.csv,円満退職のピンチヒッター,円満退職のピンチヒッター,株式会社Pino,民間企業,"25,000円",,,https://gold-career.co.jp/media/retirement-agency/,【23社比較】退職代行おすすめランキング！2026年最新,2026-10-07
discovered_services_batch_comparison.csv,退職代行即ヤメ,即ヤメ,ネルサポート株式会社,労働組合,"24,000円",,,https://gold-career.co.jp/media/retirement-agency/,【23社比較】退職代行おすすめランキング！2026年最新,2026-10-07
discovered_services_batch_comparison.csv,退職代行サービスのretry,のretry,行政書士翔事務所,行政書士事務所,"30,000円（正社員）/20,000円（パート・アルバイト）",,,https://gold-career.co.jp/media/retirement-agency/,【23社比較】退職代行おすすめランキング！2026年最新,2026-10-07
discovered_services_batch_comparison.csv,退職代行jobs,jobs,株式会社アレス,民間企業（労働組合提携）,"22,000円～24,000円",,,https://goal4864.com/taisyokudaikou/osusume-ranking/,退職代行会社おすすめ比較20選【2026年版】,2026-10-07
discovered_services_batch_comparison.csv,退職代行ヤメドキ,ヤメドキ,株式会社25H,民間企業,"24,000円",,,https://goal4864.com/taisyokudaikou/osusume-ranking/,退職代行会社おすすめ比較20選【2026年版】,2026-10-07
discovered_services_batch_comparison.csv,退職代行EXIT,exit,ENTRANCE株式会社,民間企業,"15,000円",,,https://goal4864.com/taisyokudaikou/osusume-ranking/,退職代行会社おすすめ比較20選【2026年版】,2026-10-07
discovered_services_batch_comparison.csv,退職代行ガーディアン,ガーディアン,東京労働経済組合,労働組合,"19,800円",,,https://goal4864.com/taisyokudaikou/osusume-ranking/,退職代行会社おすすめ比較20選【2026年版】,2026-10-07
discovered_services_batch_comparison.csv,フォーゲル綜合法律事務所,フォーゲル綜合法律事務所,弁護士法人フォーゲル綜合法律事務所,弁護士,"22,000円～",,,https://goal4864.com/taisyokudaikou/osusume-ranking/,退職代行会社おすすめ比較20選【2026年版】,2026-10-07
discovered_services_batch_comparison.csv,退職代行OITOMA,oitoma,日本通信ユニオン/株式会社H4,労働組合,"20,000円",,,https://goal4864.com/taisyokudaikou/osusume-ranking/,退職代行会社おすすめ比較20選【2026年版】,2026-10-07
discovered_services_batch_comparison.csv,辞めるんです,辞めるんです,レニスエンターテイメント,民間企業,"27,000円",,,https://goal4864.com/taisyokudaikou/osusume-ranking/,退職代行会社おすすめ比較20選【2026年版】,2026-10-07
discovered_services_batch_comparison.csv,わたしNEXT,わたしnext,退職代行toNEXTユニオン,労働組合,"18,800円～21,800円",,,https://goal4864.com/taisyokudaikou/osusume-ranking/,退職代行会社おすすめ比較20選【2026年版】,2026-10-07
discovered_services_batch_comparison.csv,退職代行SARABA,saraba,退職代行SARABAユニオン,労働組合,"24,000円",,,https://goal4864.com/taisyokudaikou/osusume-ranking/,退職代行会社おすすめ比較20選【2026年版】,2026-10-07
discovered_services_batch_comparison.csv,退職代行ニコイチ,ニコイチ,株式会社ニコイチ,民間企業,"27,000円",,,https://goal4864.com/taisyokudaikou/osusume-ranking/,退職代行会社おすすめ比較20選【2026年版】,2026-10-07
discovered_services_batch_comparison.csv,男の退職代行,男,退職代行toNEXTユニオン,労働組合,"18,800円～21,800円",,,https://goal4864.com/taisyokudaikou/osusume-ranking/,退職代行会社おすすめ比較20選【2026年版】,2026-10-07
discovered_services_batch_comparison.csv,退職代行サービスのretry,のretry,行政書士翔事務所,行政書士,"20,000円～30,000円",,,https://goal4864.com/taisyokudaikou/osusume-ranking/,退職代行会社おすすめ比較20選【2026年版】,2026-10-07
discovered_services_batch_comparison.csv,あおぞら退職代行サービス,あおぞら,労働組合あおぞらユニオン,労働組合,"15,000円",,,https://goal4864.com/taisyokudaikou/osusume-ranking/,退職代行会社おすすめ比較20選【2026年版】,2026-10-07
discovered_services_batch_comparison.csv,退職代行MIRAI,mirai,株式会社NFJ,民間企業,"14,800円",,,https://goal4864.com/taisyokudaikou/osusume-ranking/,退職代行会社おすすめ比較20選【2026年版】,2026-10-07
discovered_services_batch_comparison.csv,退職代行プラスサービス,プラス,株式会社スリープラス,民間企業,"16,280円～21,780円",,,https://goal4864.com/taisyokudaikou/osusume-ranking/,退職代行会社おすすめ比較20選【2026年版】,2026-10-07
discovered_services_batch_comparison.csv,退職代行イマスグヤメタイ,イマスグヤメタイ,株式会社Maimo,民間企業,"18,000円～19,000円",,,https://goal4864.com/taisyokudaikou/osusume-ranking/,退職代行会社おすすめ比較20選【2026年版】,2026-10-07
discovered_services_batch_comparison.csv,退職代行辞スル,辞スル,株式会社シーズ,民間企業,"18,000円～22,000円",,,https://goal4864.com/taisyokudaikou/osusume-ranking/,退職代行会社おすすめ比較20選【2026年版】,2026-10-07
discovered_services_batch_comparison.csv,退職代行ヒトヤスミ,ヒトヤスミ,PULLBACK,民間企業,"22,000円",,,https://goal4864.com/taisyokudaikou/osusume-ranking/,退職代行会社おすすめ比較20選【2026年版】,2026-10-07
discovered_services_batch_comparison.csv,退職代行Jobs,jobs,株式会社アレス,弁護士監修・労働組合連携,"23,000円（税込）",,,https://jobs1.jp/media/columns/5674/,【2026年最新】退職代行サービスおすすめランキング20選｜料金・口コミで徹底比較,2026-10-07
discovered_services_batch_comparison.csv,退職代行ヤメドキ,ヤメドキ,株式会社25H,民間企業,"24,000円（税込）",,,https://jobs1.jp/media/columns/5674/,【2026年最新】退職代行サービスおすすめランキング20選｜料金・口コミで徹底比較,2026-10-07
discovered_services_batch_comparison.csv,退職代行オイトマ,オイトマ,株式会社H4／労働組合日本通信ユニオン,労働組合,"24,000円",,,https://jobs1.jp/media/columns/5674/,【2026年最新】退職代行サービスおすすめランキング20選｜料金・口コミで徹底比較,2026-10-07
discovered_services_batch_comparison.csv,退職代行ニコイチ,ニコイチ,,民間企業,"27,000円",,,https://jobs1.jp/media/columns/5674/,【2026年最新】退職代行サービスおすすめランキング20選｜料金・口コミで徹底比較,2026-10-07
discovered_services_batch_comparison.csv,退職代行EXIT,exit,,民間企業,"15,000円",,,https://jobs1.jp/media/columns/5674/,【2026年最新】退職代行サービスおすすめランキング20選｜料金・口コミで徹底比較,2026-10-07
discovered_services_batch_comparison.csv,退職代行イマスグヤメタイ,イマスグヤメタイ,,労働組合,"19,000円",,,https://jobs1.jp/media/columns/5674/,【2026年最新】退職代行サービスおすすめランキング20選｜料金・口コミで徹底比較,2026-10-07
discovered_services_batch_comparison.csv,男の退職代行,男,,労働組合,"21,800円（税込）",,,https://jobs1.jp/media/columns/5674/,【2026年最新】退職代行サービスおすすめランキング20選｜料金・口コミで徹底比較,2026-10-07
discovered_services_batch_comparison.csv,退職代行辞スル,辞スル,,民間企業,"21,000円",,,https://jobs1.jp/media/columns/5674/,【2026年最新】退職代行サービスおすすめランキング20選｜料金・口コミで徹底比較,2026-10-07
discovered_services_batch_comparison.csv,退職代行わたしNEXT,わたしnext,,労働組合,"21,800円（税込）",https://taishoku.to-next.jp/,to-next.jp,https://jobs1.jp/media/columns/5674/,【2026年最新】退職代行サービスおすすめランキング20選｜料金・口コミで徹底比較,2026-10-07
discovered_services_batch_comparison.csv,退職代行SARABA,saraba,退職代行SARABAユニオン,労働組合,"24,000円",,,https://jobs1.jp/media/columns/5674/,【2026年最新】退職代行サービスおすすめランキング20選｜料金・口コミで徹底比較,2026-10-07
discovered_services_batch_comparison.csv,退職代行ローキ,ローキ,,労働組合,"19,800円",https://rouki.help/,rouki.help,https://jobs1.jp/media/columns/5674/,【2026年最新】退職代行サービスおすすめランキング20選｜料金・口コミで徹底比較,2026-10-07
discovered_services_batch_comparison.csv,退職代行ネルサポ,ネルサポ,ネルサポート株式会社,民間企業,"15,000円",https://newlife-support.com/,newlife-support.com,https://jobs1.jp/media/columns/5674/,【2026年最新】退職代行サービスおすすめランキング20選｜料金・口コミで徹底比較,2026-10-07
discovered_services_batch_comparison.csv,退職代行ヒトヤスミ,ヒトヤスミ,株式会社PULLBACK,弁護士監修,"22,000円",https://www.taisyokudaikouhitoyasumi.com/,taisyokudaikouhitoyasumi.com,https://jobs1.jp/media/columns/5674/,【2026年最新】退職代行サービスおすすめランキング20選｜料金・口コミで徹底比較,2026-10-07
discovered_services_batch_comparison.csv,退職代行やめたらええねん,やめたらええねん,株式会社熱狂スタイル,民間企業,"19,800円",https://yametaraeenen.com/,yametaraeenen.com,https://jobs1.jp/media/columns/5674/,【2026年最新】退職代行サービスおすすめランキング20選｜料金・口コミで徹底比較,2026-10-07
discovered_services_batch_comparison.csv,退職代行プラスサービス,プラス,株式会社スリープラス,行政書士運営,"21,780円（税込）",https://plus3-service.com/,plus3-service.com,https://jobs1.jp/media/columns/5674/,【2026年最新】退職代行サービスおすすめランキング20選｜料金・口コミで徹底比較,2026-10-07
discovered_services_batch_comparison.csv,退職代行retry,retry,行政書士翔事務所,行政書士運営,"33,000円（税込）",https://office-kakeru.jp/retry/lp3/,office-kakeru.jp,https://jobs1.jp/media/columns/5674/,【2026年最新】退職代行サービスおすすめランキング20選｜料金・口コミで徹底比較,2026-10-07
discovered_services_batch_comparison.csv,あおぞら退職代行サービス,あおぞら,労働組合あおぞらユニオン,労働組合,"15,000円",https://aozora-union.com/resignation/,aozora-union.com,https://jobs1.jp/media/columns/5674/,【2026年最新】退職代行サービスおすすめランキング20選｜料金・口コミで徹底比較,2026-10-07
discovered_services_batch_comparison.csv,退職代行みらい,みらい,株式会社あいゆめ,労働組合連携,"27,500円（税込）",https://mirai-restart.com/,mirai-restart.com,https://jobs1.jp/media/columns/5674/,【2026年最新】退職代行サービスおすすめランキング20選｜料金・口コミで徹底比較,2026-10-07
discovered_services_batch_comparison.csv,退職代行ガーディアン,ガーディアン,東京労働経済組合,労働組合,"19,800円",https://taisyokudaiko.jp/,taisyokudaiko.jp,https://jobs1.jp/media/columns/5674/,【2026年最新】退職代行サービスおすすめランキング20選｜料金・口コミで徹底比較,2026-10-07
discovered_services_batch_comparison.csv,退職代行モームリ,モームリ,株式会社アルバトロス,弁護士監修・労働組合提携,"22,000円（税込）",https://momuri.com/,momuri.com,https://jobs1.jp/media/columns/5674/,【2026年最新】退職代行サービスおすすめランキング20選｜料金・口コミで徹底比較,2026-10-07
discovered_services_batch_comparison.csv,退職代行Jobs,jobs,株式会社アレス,民間（弁護士監修・労働組合連携）,"24,000円～26,000円",,,https://taishokudaikou.tng-marketing.com/,退職代行比較ガイド｜おすすめの退職代行サービス16社を徹底比較,2026-10-07
discovered_services_batch_comparison.csv,退職代行オイトマ,オイトマ,株式会社5core,民間（弁護士監修）,"22,000円",https://o-itoma.jp/,o-itoma.jp,https://taishokudaikou.tng-marketing.com/,退職代行比較ガイド｜おすすめの退職代行サービス16社を徹底比較,2026-10-07
discovered_services_batch_comparison.csv,退職代行ガーディアン,ガーディアン,東京労働経済組合,労働組合,"24,800円",,,https://taishokudaikou.tng-marketing.com/,退職代行比較ガイド｜おすすめの退職代行サービス16社を徹底比較,2026-10-07
discovered_services_batch_comparison.csv,辞めるんです,辞めるんです,LENIS Entertainment株式会社,民間（弁護士監修）,"27,000円",,,https://taishokudaikou.tng-marketing.com/,退職代行比較ガイド｜おすすめの退職代行サービス16社を徹底比較,2026-10-07
discovered_services_batch_comparison.csv,退職代行モームリ,モームリ,株式会社アルバトロス,民間（弁護士監修・労働組合提携）,"12,000円～22,000円",,,https://taishokudaikou.tng-marketing.com/,退職代行比較ガイド｜おすすめの退職代行サービス16社を徹底比較,2026-10-07
discovered_services_batch_comparison.csv,男の退職代行,男,退職代行toNEXTユニオン,労働組合,"21,800円",,,https://taishokudaikou.tng-marketing.com/,退職代行比較ガイド｜おすすめの退職代行サービス16社を徹底比較,2026-10-07
discovered_services_batch_comparison.csv,わたしNEXT,わたしnext,退職代行toNEXTユニオン,労働組合,"21,800円",,,https://taishokudaikou.tng-marketing.com/,退職代行比較ガイド｜おすすめの退職代行サービス16社を徹底比較,2026-10-07
discovered_services_batch_comparison.csv,退職代行ニコイチ,ニコイチ,株式会社ニコイチ,民間（弁護士監修）,"27,000円",,,https://taishokudaikou.tng-marketing.com/,退職代行比較ガイド｜おすすめの退職代行サービス16社を徹底比較,2026-10-07
discovered_services_batch_comparison.csv,退職代行ネルサポ,ネルサポ,合同労働組合ユニオンネルサポート,労働組合,"15,000円",,,https://taishokudaikou.tng-marketing.com/,退職代行比較ガイド｜おすすめの退職代行サービス16社を徹底比較,2026-10-07
discovered_services_batch_comparison.csv,退職代行ヤメドキ,ヤメドキ,株式会社25H,民間（労働組合・社労士連携）,"24,000円",,,https://taishokudaikou.tng-marketing.com/,退職代行比較ガイド｜おすすめの退職代行サービス16社を徹底比較,2026-10-07
discovered_services_batch_comparison.csv,EXIT,exit,EXIT株式会社,民間（弁護士監修）,"15,000円",https://www.taishokudaikou.com/,taishokudaikou.com,https://taishokudaikou.tng-marketing.com/,退職代行比較ガイド｜おすすめの退職代行サービス16社を徹底比較,2026-10-07
discovered_services_batch_comparison.csv,退職代行SARABA,saraba,退職代行SARABAユニオン,労働組合,"24,000円",https://taisyokudaikou.com/,taisyokudaikou.com,https://taishokudaikou.tng-marketing.com/,退職代行比較ガイド｜おすすめの退職代行サービス16社を徹底比較,2026-10-07
discovered_services_batch_comparison.csv,やめたらええねん,やめたらええねん,株式会社熱狂スタイル,民間（弁護士・社労士監修・労働組合提携）,"19,800円",https://yametaraeenen.com/,yametaraeenen.com,https://taishokudaikou.tng-marketing.com/,退職代行比較ガイド｜おすすめの退職代行サービス16社を徹底比較,2026-10-07
discovered_services_batch_comparison.csv,弁護士法人みやび,弁護士法人みやび,弁護士法人みやび,弁護士,"27,500円～77,000円",https://www.miyabi-law.jp/retirement/,miyabi-law.jp,https://taishokudaikou.tng-marketing.com/,退職代行比較ガイド｜おすすめの退職代行サービス16社を徹底比較,2026-10-07
discovered_services_batch_comparison.csv,アディーレ法律事務所,アディーレ法律事務所,アディーレ法律事務所,弁護士,"19,800円～77,000円",https://www.adire-roudou.jp/daikou/lp_1907_a.html,adire-roudou.jp,https://taishokudaikou.tng-marketing.com/,退職代行比較ガイド｜おすすめの退職代行サービス16社を徹底比較,2026-10-07
discovered_services_batch_comparison.csv,フォーゲル綜合法律事務所,フォーゲル綜合法律事務所,フォーゲル綜合法律事務所,弁護士,"22,000円～55,000円",https://enman-taishokudaikou.com/,enman-taishokudaikou.com,https://taishokudaikou.tng-marketing.com/,退職代行比較ガイド｜おすすめの退職代行サービス16社を徹底比較,2026-10-07
discovered_services_batch_comparison.csv,退職代行ヒトヤスミ,ヒトヤスミ,株式会社PULLBACK,民間企業型,"22,000円",,,https://b-pos.jp/g044/,退職代行サービス19選比較！費用相場や選び方のポイントまで解説,2026-10-07
discovered_services_batch_comparison.csv,退職代行エージェント,エージェント,株式会社RHコンサルティング,民間企業型,"22,000円~",,,https://b-pos.jp/g044/,退職代行サービス19選比較！費用相場や選び方のポイントまで解説,2026-10-07
discovered_services_batch_comparison.csv,退職代行イマスグヤメタイ,イマスグヤメタイ,株式会社Maimo,民間企業型,"22,000円",,,https://b-pos.jp/g044/,退職代行サービス19選比較！費用相場や選び方のポイントまで解説,2026-10-07
discovered_services_batch_comparison.csv,辞めるんです,辞めるんです,LENIS Entertainment株式会社,民間企業型,"27,000円",,,https://b-pos.jp/g044/,退職代行サービス19選比較！費用相場や選び方のポイントまで解説,2026-10-07
discovered_services_batch_comparison.csv,退職代行Jobs,jobs,株式会社アレス,民間企業型,"27,000円",,,https://b-pos.jp/g044/,退職代行サービス19選比較！費用相場や選び方のポイントまで解説,2026-10-07
discovered_services_batch_comparison.csv,退職代行EXIT,exit,EXIT株式会社,民間企業型,"20,000円",,,https://b-pos.jp/g044/,退職代行サービス19選比較！費用相場や選び方のポイントまで解説,2026-10-07
discovered_services_batch_comparison.csv,退職代行ニコイチ,ニコイチ,株式会社ニコイチ,民間企業型,"27,000円",,,https://b-pos.jp/g044/,退職代行サービス19選比較！費用相場や選び方のポイントまで解説,2026-10-07
discovered_services_batch_comparison.csv,退職代行ヤメドキ,ヤメドキ,株式会社25H,民間企業型,"24,000円",,,https://b-pos.jp/g044/,退職代行サービス19選比較！費用相場や選び方のポイントまで解説,2026-10-07
discovered_services_batch_comparison.csv,退職代行ガーディアン,ガーディアン,東京労働経済組合,労働組合型,"24,800円",,,https://b-pos.jp/g044/,退職代行サービス19選比較！費用相場や選び方のポイントまで解説,2026-10-07
discovered_services_batch_comparison.csv,退職代行ネルサポ,ネルサポ,ネルサポート株式会社,労働組合型,"15,000円",,,https://b-pos.jp/g044/,退職代行サービス19選比較！費用相場や選び方のポイントまで解説,2026-10-07
discovered_services_batch_comparison.csv,退職代行トリケシ,トリケシ,日本労働産業ユニオン,労働組合型,"25,000円",,,https://b-pos.jp/g044/,退職代行サービス19選比較！費用相場や選び方のポイントまで解説,2026-10-07
discovered_services_batch_comparison.csv,退職代行オイトマ,オイトマ,株式会社H4,労働組合型,"24,000円",,,https://b-pos.jp/g044/,退職代行サービス19選比較！費用相場や選び方のポイントまで解説,2026-10-07
discovered_services_batch_comparison.csv,退職代行SARABA,saraba,株式会社スムリエ,労働組合型,"24,000円",,,https://b-pos.jp/g044/,退職代行サービス19選比較！費用相場や選び方のポイントまで解説,2026-10-07
discovered_services_batch_comparison.csv,退職代行ローキ,ローキ,労働基準調査組合,労働組合型,"19,800円",,,https://b-pos.jp/g044/,退職代行サービス19選比較！費用相場や選び方のポイントまで解説,2026-10-07
discovered_services_batch_comparison.csv,弁護士法人ガイア総合法律事務所,弁護士法人ガイア総合法律事務所,弁護士法人ガイア総合法律事務所,法律事務所型,"55,000円",,,https://b-pos.jp/g044/,退職代行サービス19選比較！費用相場や選び方のポイントまで解説,2026-10-07
discovered_services_batch_comparison.csv,アディーレ法律事務所,アディーレ法律事務所,アディーレ法律事務所,法律事務所型,"33,000円~",,,https://b-pos.jp/g044/,退職代行サービス19選比較！費用相場や選び方のポイントまで解説,2026-10-07
discovered_services_batch_comparison.csv,フォーゲル綜合法律事務所,フォーゲル綜合法律事務所,フォーゲル綜合法律事務所,法律事務所型,"33,000円~",,,https://b-pos.jp/g044/,退職代行サービス19選比較！費用相場や選び方のポイントまで解説,2026-10-07
discovered_services_batch_comparison.csv,弁護士法人ITJ法律事務所,弁護士法人itj法律事務所,弁護士法人ITJ法律事務所,法律事務所型,"19,900円",,,https://b-pos.jp/g044/,退職代行サービス19選比較！費用相場や選び方のポイントまで解説,2026-10-07
discovered_services_batch_comparison.csv,ベンゴシNOW,ベンゴシnow,トップコート国際法律事務所,法律事務所型,"19,800円~",,,https://b-pos.jp/g044/,退職代行サービス19選比較！費用相場や選び方のポイントまで解説,2026-10-07
discovered_services_batch_comparison.csv,退職代行SARABA,saraba,株式会社スムリエ / 労働組合「退職代行さらばユニオン」,労働組合,"24,000円",,,https://yasume.org/yameyo/,退職代行おすすめ11選。安い/後払い/労働組合/弁護士の人気サービスを徹底比較 - YAMEYO,2026-10-07
discovered_services_batch_comparison.csv,弁護士法人みやび,弁護士法人みやび,弁護士法人みやび,弁護士,"55,000円（金銭請求は回収金額の20%）",,,https://yasume.org/yameyo/,退職代行おすすめ11選。安い/後払い/労働組合/弁護士の人気サービスを徹底比較 - YAMEYO,2026-10-07
discovered_services_batch_comparison.csv,退職代行辞めるんです,辞めるんです,LENIS Entertainment株式会社,民間,"27,000円",,,https://yasume.org/yameyo/,退職代行おすすめ11選。安い/後払い/労働組合/弁護士の人気サービスを徹底比較 - YAMEYO,2026-10-07
discovered_services_batch_comparison.csv,退職代行ニコイチ,ニコイチ,株式会社ニコイチ,民間,"27,000円",,,https://yasume.org/yameyo/,退職代行おすすめ11選。安い/後払い/労働組合/弁護士の人気サービスを徹底比較 - YAMEYO,2026-10-07
discovered_services_batch_comparison.csv,退職代行モームリ,モームリ,株式会社アルバトロス / 労働環境改善組合,労働組合,"22,000円（正社員）",,,https://yasume.org/yameyo/,退職代行おすすめ11選。安い/後払い/労働組合/弁護士の人気サービスを徹底比較 - YAMEYO,2026-10-07
discovered_services_batch_comparison.csv,退職代行Jobs,jobs,株式会社アレス / 合同労働組合ユニオンジャパン,労働組合,"29,000円",,,https://yasume.org/yameyo/,退職代行おすすめ11選。安い/後払い/労働組合/弁護士の人気サービスを徹底比較 - YAMEYO,2026-10-07
discovered_services_batch_comparison.csv,退職代行OITOMA,oitoma,株式会社5core / 労働組合日本通信ユニオン,労働組合,"24,000円",,,https://yasume.org/yameyo/,退職代行おすすめ11選。安い/後払い/労働組合/弁護士の人気サービスを徹底比較 - YAMEYO,2026-10-07
discovered_services_batch_comparison.csv,退職代行ネルサポ,ネルサポ,合同労働組合ユニオンネルサポート,労働組合,"22,000円",,,https://yasume.org/yameyo/,退職代行おすすめ11選。安い/後払い/労働組合/弁護士の人気サービスを徹底比較 - YAMEYO,2026-10-07
discovered_services_batch_comparison.csv,退職代行J-NEXT,jnext,J-NEXT株式会社,民間,"20,000円",,,https://yasume.org/yameyo/,退職代行おすすめ11選。安い/後払い/労働組合/弁護士の人気サービスを徹底比較 - YAMEYO,2026-10-07
discovered_services_batch_comparison.csv,退職代行ピンチヒッター,ピンチヒッター,株式会社Pino,民間,"27,500円",,,https://yasume.org/yameyo/,退職代行おすすめ11選。安い/後払い/労働組合/弁護士の人気サービスを徹底比較 - YAMEYO,2026-10-07
discovered_services_batch_comparison.csv,退職代行ニチロー,ニチロー,労働組合法人 日本労働調査組合,労働組合,"28,000円",,,https://yasume.org/yameyo/,退職代行おすすめ11選。安い/後払い/労働組合/弁護士の人気サービスを徹底比較 - YAMEYO,2026-10-07
discovered_services_batch_comparison.csv,フォーゲル,フォーゲル,,弁護士,"33,000円",enman-taishokudaikou.com,enman-taishokudaikou.com,https://yasume.org/yameyo/,退職代行おすすめ11選。安い/後払い/労働組合/弁護士の人気サービスを徹底比較 - YAMEYO,2026-10-07
discovered_services_batch_comparison.csv,アディーレ,アディーレ,,弁護士,"77,000円",adire-roudou.jp,adire-roudou.jp,https://yasume.org/yameyo/,退職代行おすすめ11選。安い/後払い/労働組合/弁護士の人気サービスを徹底比較 - YAMEYO,2026-10-07
discovered_services_batch_launches.csv,ベンゴシNOW,ベンゴシnow,株式会社マチベン,,,https://bengoshinow.app/taishokudaikou,bengoshinow.app,https://prtimes.jp/main/html/rd/p/000000008.000089788.html,新卒専門の退職代行『ベンゴシNOW』をリリース,2026-10-07
discovered_services_batch_launches.csv,スイスイ退職代行,スイスイ,株式会社スマートテック,,,https://suisui-daikou.com/,suisui-daikou.com,https://prtimes.jp/main/html/rd/p/000000206.000057398.html,株式会社アシスト（代表取締役：宇井和朗）は【スイスイ退職代行】のサービスサイトを制作,2026-10-07
discovered_services_batch_launches.csv,退職代行やめたらええねん,やめたらええねん,株式会社熱狂スタイル,,,https://yametaraeenen.com/,yametaraeenen.com,https://prtimes.jp/main/html/rd/p/000000005.000093189.html,業界初！社員指名制度&プロフィール公開を実現！アルバイトの業界最安値にも挑戦！,2026-10-07
discovered_services_batch_launches.csv,退職代行サービス ライトプラン（アディーレ法律事務所）,ライトプラン,弁護士法人アディーレ法律事務所,,,https://www.adire-roudou.jp/lp/taishokudaikou/1907/,adire-roudou.jp,https://prtimes.jp/main/html/rd/p/000000159.000004491.html,アディーレ法律事務所が退職代行サービスの新プランを開始,2026-10-07
discovered_services_batch_launches.csv,退職代行 辞スル,辞スル,株式会社シーズ,,,https://jisuru.com/,jisuru.com,https://prtimes.jp/main/html/rd/p/000000002.000151907.html,『退職代行 辞スル』１日の対応数最高記録達成！１日70件以上対応 タレント 重盛さと美さんのプロモーション起用を開始！,2026-10-07
discovered_services_batch_launches.csv,退職代行だいじょうぶ,だいじょうぶ,株式会社Wandering Seagull,,,https://daijoubu.jp,daijoubu.jp,https://prtimes.jp/main/html/rd/p/000000001.000149471.html,"業界最安値14,800円「退職代行だいじょうぶ」サービス提供開始",2026-10-07
discovered_services_batch_launches.csv,退職代行JITAI,jitai,退職代行JITAI株式会社,,,https://taishoku-jitai.com/,taishoku-jitai.com,https://prtimes.jp/main/html/rd/p/000000001.000151451.html,人気インフルエンサー「ゆゆうた」さん監修、「退職代行JITAI」サービススタート,2026-10-07
discovered_services_batch_launches.csv,MOMURI+（モームリプラス）,momuri+,株式会社アルバトロス,,,https://momuriplus.com/,momuriplus.com,https://prtimes.jp/main/html/rd/p/000000021.000103965.html,退職代行モームリの情報開示型コンサル『MOMURI+（モームリプラス）』事業開始のお知らせ,2026-10-07
discovered_services_batch_launches.csv,退職代行OITOMA,oitoma,株式会社5core,,,,,https://prtimes.jp/main/html/rd/p/000000013.000080651.html,退職代行OITOMAは行政書士東京中央法務オフィスとの提携を3月25日に発表！,2026-10-07
discovered_services_batch_launches.csv,退職あんしん代行,退職あんしん代行,株式会社エヌアンドエス,,,https://taishoku-anshin-daiko.com/,taishoku-anshin-daiko.com,https://prtimes.jp/main/html/rd/p/000000004.000155176.html,"【業界最安値】退職代行2,980円から始まるAI時代の新しいキャリアづくり",2026-10-07
discovered_services_batch_launches.csv,退職.com,退職.com,株式会社SAMURAIマーケティング,,,,,https://www.mapion.co.jp/news/release/000000002.000152317/,株式会社SAMURAIマーケティング、新サービス『退職.com』をローンチ！,2026-10-07
discovered_services_batch_launches.csv,AI退職適正診断,ai退職適正診断,株式会社エヌアンドエス,,,https://taishoku-anshin-daiko.com/,taishoku-anshin-daiko.com,https://prtimes.jp/main/html/rd/p/000000007.000155176.html,"「退職代行 2,980円 新サービス」AI退職適正診断を無料リリース",2026-10-07
discovered_services_batch_launches.csv,モープリ,モープリ,株式会社アルバトロス,,,https://ms-store.jp/,ms-store.jp,https://prtimes.jp/main/html/rd/p/000000025.000103965.html,退職代行モームリが退職者専用サプリ『モープリ』を開発！,2026-10-07
discovered_services_batch_launches.csv,YELL!!,yell!!,合同会社Pay It Forward,,,https://www.pif-yell.com/,pif-yell.com,https://prtimes.jp/main/html/rd/p/000000001.000161673.html,【顧問弁護士監修】退職から転職までワンストップ！キャッシュバックで“実質0円”の退職代行サービス『YELL!!』提供開始,2026-10-07
discovered_services_batch_launches.csv,SAYONARA CONCIERGE（サヨナラコンシェルジュ）,sayonaraconcierge,株式会社NexusAdvisors,,,https://sayonaraconcierge.com/,sayonaraconcierge.com,https://prtimes.jp/main/html/rd/p/000000007.000153411.html,「退職にもテクノロジーと個別最適化を」—AI HR TechのNexusAdvisors、次世代型退職支援サービスを提供開始,2026-10-07
discovered_services_batch_launches.csv,イテクレヤ,イテクレヤ,株式会社おくりバント,,,,,https://prtimes.jp/main/html/rd/p/000000010.000090563.html,株式会社おくりバント、退職引き止めサービス「イテクレヤ」を正式リリース,2026-10-07
discovered_services_batch_launches.csv,退職代行スマートヤメマス 法人向けサービス,スマートヤメマス法人向け,株式会社スマートヤメマス,,,https://smartyamemasu.co.jp/taishokudaiko,smartyamemasu.co.jp,https://prtimes.jp/main/html/rd/p/000000010.000157021.html,退職代行は、企業のためになる。退職代行スマートヤメマス、従業員定着と職場環境改善につながる法人向け新サービスを開始,2026-10-07
discovered_services_batch_launches.csv,AI退職代行 by 行政書士,aiby行政書士,SG株式会社（SG行政書士法務事務所）,,,https://ai-taishoku.sg-gss.com/,sg-gss.com,https://prtimes.jp/main/html/rd/p/000000003.000131994.html,SG株式会社、AI音声技術を活用した退職代行システムを開発 「AI退職代行 by 行政書士」として提供開始,2026-10-07
discovered_services_batch_launches.csv,退職代行ヤメルート,ヤメルート,ミックスナッツ,,,https://yame-route.com/,yame-route.com,https://prtimes.jp/main/html/rd/p/000000002.000187609.html,退職代行サービス「ヤメルート」を提供開始,2026-10-07
discovered_services_batch_launches.csv,引継ぎ代行プラス,引継ぎ代行プラス,inovie株式会社,,,https://hikitsugi-daiko.com/,hikitsugi-daiko.com,https://prtimes.jp/main/html/rd/p/000000006.000184916.html,退職・休業時の“引継ぎ先”を外に置く「引継ぎ代行」。「引継ぎ代行プラス」を提供開始、モニター企業を先着5社募集,2026-10-07
discovered_services_batch_manual.csv,退職代行スマートヤメマス,スマートヤメマス,株式会社スマートヤメマス,,,,,https://www.tsr-net.co.jp/news/tsr/detail/1202701_1521.html,（株）スマートヤメマス,2026-10-07
discovered_services_batch_union_lawyer.csv,退職代行OITOMA,oitoma,株式会社H4（労働組合日本通信ユニオン）,労働組合が運営,24000円(税込),https://o-itoma.jp/,o-itoma.jp,https://sakufuri.jp/media/retirement-agency-union/,労働組合が運営する退職代行サービス5選+α｜会社と条件交渉が可能,2026-10-07
discovered_services_batch_union_lawyer.csv,退職代行ガーディアン,ガーディアン,東京労働経済組合,労働組合が運営,19800円(税込),https://taisyokudaiko.jp/,taisyokudaiko.jp,https://sakufuri.jp/media/retirement-agency-union/,労働組合が運営する退職代行サービス5選+α｜会社と条件交渉が可能,2026-10-07
discovered_services_batch_union_lawyer.csv,男の退職代行,男,合同労働組合「退職代行toNEXTユニオン」,労働組合が運営,"正社員/派遣社員 26,800円、アルバイト/パート 19,800円",https://taishoku.to-next.jp/otoko/,to-next.jp,https://sakufuri.jp/media/retirement-agency-union/,労働組合が運営する退職代行サービス5選+α｜会社と条件交渉が可能,2026-10-07
discovered_services_batch_union_lawyer.csv,わたしNEXT,わたしnext,合同労働組合「退職代行toNEXTユニオン」,労働組合が運営,"正社員 29,800円、アルバイト 19,800円",https://taishoku.to-next.jp/w/,to-next.jp,https://sakufuri.jp/media/retirement-agency-union/,労働組合が運営する退職代行サービス5選+α｜会社と条件交渉が可能,2026-10-07
discovered_services_batch_union_lawyer.csv,退職代行イマスグヤメタイ,イマスグヤメタイ,株式会社Maimo（労働組合も運営に参画）,労働組合と提携,"正社員/契約社員/派遣社員 22,000円、アルバイト 12,000円、業務委託 30,000円、公務員 40,000円",https://maimo-inc.co.jp/,maimo-inc.co.jp,https://sakufuri.jp/media/retirement-agency-union/,労働組合が運営する退職代行サービス5選+α｜会社と条件交渉が可能,2026-10-07
discovered_services_batch_union_lawyer.csv,弁護士法人ガイア,弁護士法人ガイア,弁護士法人ガイア総合法律事務所,弁護士が運営,"退職意思伝達のみ 25,300円、アフターフォロー完備 55,000円、全雇用形態対応 77,000円",https://www.gaia-law-office.jp/taisyoku/,gaia-law-office.jp,https://sakufuri.jp/media/retirement-agency-union/,労働組合が運営する退職代行サービス5選+α｜会社と条件交渉が可能,2026-10-07
discovered_services_batch_union_lawyer.csv,退職110番,退職110番,弁護士法人あおば,弁護士が運営,"43,800円(税込)",https://aoba.lawyer/taishoku110/,aoba.lawyer,https://sakufuri.jp/media/retirement-agency-union/,労働組合が運営する退職代行サービス5選+α｜会社と条件交渉が可能,2026-10-07
discovered_services_batch_union_lawyer.csv,退職代行Jobs,jobs,株式会社アレス,労働組合,"【安心パックプラン】27,000円+労働組合費2,000円【シンプルプラン】27,000円",jobs1.jp,jobs1.jp,https://gold-career.co.jp/media/retirement-agency-union/,労働組合運営の退職代行おすすめランキング10選！2026年最新【ユニオンと弁護士・民間運営を比較】,2026-10-07
discovered_services_batch_union_lawyer.csv,リーガルジャパン,リーガルジャパン,日本労働産業ユニオン,労働組合,"19,800円",lp.legal-japan.net,legal-japan.net,https://gold-career.co.jp/media/retirement-agency-union/,労働組合運営の退職代行おすすめランキング10選！2026年最新【ユニオンと弁護士・民間運営を比較】,2026-10-07
discovered_services_batch_union_lawyer.csv,TORIKESHI（トリケシ）,torikeshi,日本労働産業ユニオン,労働組合,"19,800円",lp.torikeshi.jp,torikeshi.jp,https://gold-career.co.jp/media/retirement-agency-union/,労働組合運営の退職代行おすすめランキング10選！2026年最新【ユニオンと弁護士・民間運営を比較】,2026-10-07
discovered_services_batch_union_lawyer.csv,退職代行の窓口,の窓口,日本経済合同労働組合,労働組合,"28,800円",taishoku.me,taishoku.me,https://gold-career.co.jp/media/retirement-agency-union/,労働組合運営の退職代行おすすめランキング10選！2026年最新【ユニオンと弁護士・民間運営を比較】,2026-10-07
discovered_services_batch_union_lawyer.csv,退職代行 わたしNEXT,わたしnext,日本退職代行協会,労働組合,"正社員29,800円、アルバイト/パート19,800円",taishoku.to-next.jp,to-next.jp,https://gold-career.co.jp/media/retirement-agency-union/,労働組合運営の退職代行おすすめランキング10選！2026年最新【ユニオンと弁護士・民間運営を比較】,2026-10-07
discovered_services_batch_union_lawyer.csv,退職代行OITOMA,oitoma,株式会社5core,労働組合,"24,000円",o-itoma.jp,o-itoma.jp,https://gold-career.co.jp/media/retirement-agency-union/,労働組合運営の退職代行おすすめランキング10選！2026年最新【ユニオンと弁護士・民間運営を比較】,2026-10-07
discovered_services_batch_union_lawyer.csv,男の退職代行,男,日本退職代行協会,労働組合,"正社員26,800円、アルバイト/パート19,800円",otoko-next.jp,otoko-next.jp,https://gold-career.co.jp/media/retirement-agency-union/,労働組合運営の退職代行おすすめランキング10選！2026年最新【ユニオンと弁護士・民間運営を比較】,2026-10-07
discovered_services_batch_union_lawyer.csv,退職代行ネルサポ,ネルサポ,合同労働組合ユニオンネルサポート,労働組合,"15,000円",newlife-support.com,newlife-support.com,https://gold-career.co.jp/media/retirement-agency-union/,労働組合運営の退職代行おすすめランキング10選！2026年最新【ユニオンと弁護士・民間運営を比較】,2026-10-07
discovered_services_batch_union_lawyer.csv,退職代行SARABA,saraba,退職代行SARABAユニオン,労働組合,"24,000円",taisyokudaikou.com,taisyokudaikou.com,https://gold-career.co.jp/media/retirement-agency-union/,労働組合運営の退職代行おすすめランキング10選！2026年最新【ユニオンと弁護士・民間運営を比較】,2026-10-07
discovered_services_batch_union_lawyer.csv,退職代行ガーディアン,ガーディアン,東京労働経済組合,労働組合,"24,800円",taisyokudaiko.jp,taisyokudaiko.jp,https://gold-career.co.jp/media/retirement-agency-union/,労働組合運営の退職代行おすすめランキング10選！2026年最新【ユニオンと弁護士・民間運営を比較】,2026-10-07
discovered_services_batch_union_lawyer.csv,弁護士法人ガイアの退職代行サービス,弁護士法人ガイア,弁護士法人 ガイア総合法律事務所,弁護士事務所,"25,300円/55,000円/77,000円",gaia-law-office.jp,gaia-law-office.jp,https://gold-career.co.jp/media/retirement-agency-union/,労働組合運営の退職代行おすすめランキング10選！2026年最新【ユニオンと弁護士・民間運営を比較】,2026-10-07
discovered_services_batch_union_lawyer.csv,弁護士法人みやびの退職代行サービス,弁護士法人みやび,弁護士法人みやび,弁護士事務所,"27,500円/55,000円/77,000円",taishoku-service.com,taishoku-service.com,https://gold-career.co.jp/media/retirement-agency-union/,労働組合運営の退職代行おすすめランキング10選！2026年最新【ユニオンと弁護士・民間運営を比較】,2026-10-07
discovered_services_batch_union_lawyer.csv,弁護士ビーノ,弁護士ビーノ,弁護士法人mamori,弁護士事務所,"66,000円",law-mamori.jp,law-mamori.jp,https://gold-career.co.jp/media/retirement-agency-union/,労働組合運営の退職代行おすすめランキング10選！2026年最新【ユニオンと弁護士・民間運営を比較】,2026-10-07
discovered_services_batch_union_lawyer.csv,退職代行辞スル,辞スル,株式会社シーズ,労働組合提携,"22,000円（割引クーポンで19,500円）",jisuru.com,jisuru.com,https://gold-career.co.jp/media/retirement-agency-union/,労働組合運営の退職代行おすすめランキング10選！2026年最新【ユニオンと弁護士・民間運営を比較】,2026-10-07
discovered_services_batch_union_lawyer.csv,退職代行モームリ,モームリ,株式会社アルバトロス,民間企業,"正社員22,000円、アルバイト/パート12,000円",momuri.com,momuri.com,https://gold-career.co.jp/media/retirement-agency-union/,労働組合運営の退職代行おすすめランキング10選！2026年最新【ユニオンと弁護士・民間運営を比較】,2026-10-07
discovered_services_batch_union_lawyer.csv,退職代行ヤメドキ,ヤメドキ,株式会社25H,民間企業,"24,000円",yamedoki.co.jp,yamedoki.co.jp,https://gold-career.co.jp/media/retirement-agency-union/,労働組合運営の退職代行おすすめランキング10選！2026年最新【ユニオンと弁護士・民間運営を比較】,2026-10-07
discovered_services_batch_union_lawyer.csv,退職代行ガーディアン,ガーディアン,東京労働経済組合,労働組合が運営,"24,800円(税込)",https://asplay.biz/link.php?i=phpmpwqkyjxb&m=mhp1qr4ksm9w,,https://sakucareer-up.jp/retirement-agency-union/,労働組合が運営している退職代行サービス7選｜会社と条件交渉も可能,2026-10-07
discovered_services_batch_union_lawyer.csv,退職代行トリケシ,トリケシ,日本労働産業ユニオン,労働組合が運営,"25,000円(税込)",https://asplay.biz/link.php?i=phmztou72kgv&m=mhp1qr4ksm9w,,https://sakucareer-up.jp/retirement-agency-union/,労働組合が運営している退職代行サービス7選｜会社と条件交渉も可能,2026-10-07
discovered_services_batch_union_lawyer.csv,退職代行リーガルジャパン,リーガルジャパン,日本労働産業ユニオン,労働組合が運営,"27,000円(税込)",https://asplay.biz/link.php?i=phnhuhkvdbnz&m=mhp1qr4ksm9w,,https://sakucareer-up.jp/retirement-agency-union/,労働組合が運営している退職代行サービス7選｜会社と条件交渉も可能,2026-10-07
discovered_services_batch_union_lawyer.csv,退職代行ネルサポ,ネルサポ,合同労働組合ユニオンネルサポート,労働組合が運営,"22,000円(税込)",//af.moshimo.com/af/c/click?a_id=4512099&p_id=3652&pc_id=8891&pl_id=51319,,https://sakucareer-up.jp/retirement-agency-union/,労働組合が運営している退職代行サービス7選｜会社と条件交渉も可能,2026-10-07
discovered_services_batch_union_lawyer.csv,男の退職代行,男,合同労働組合「退職代行toNEXTユニオン」,労働組合が運営,"26,800円(正社員等) / 19,800円(アルバイト・パート)",//af.moshimo.com/af/c/click?a_id=4512104&p_id=2166&pc_id=4520&pl_id=29013,,https://sakucareer-up.jp/retirement-agency-union/,労働組合が運営している退職代行サービス7選｜会社と条件交渉も可能,2026-10-07
discovered_services_batch_union_lawyer.csv,わたしNEXT,わたしnext,合同労働組合「退職代行toNEXTユニオン」,労働組合が運営,"29,800円(正社員等) / 19,800円(アルバイト・パート)",//af.moshimo.com/af/c/click?a_id=4512106&p_id=2000&pc_id=4039&pl_id=27334,,https://sakucareer-up.jp/retirement-agency-union/,労働組合が運営している退職代行サービス7選｜会社と条件交渉も可能,2026-10-07
discovered_services_batch_union_lawyer.csv,退職代行SARABA,saraba,株式会社スムリエ（退職代行SARABAユニオン）,労働組合が運営,"24,000円(税込)",https://taisyokudaikou.com/,taisyokudaikou.com,https://sakucareer-up.jp/retirement-agency-union/,労働組合が運営している退職代行サービス7選｜会社と条件交渉も可能,2026-10-07
discovered_services_batch_union_lawyer.csv,退職代行スタイリード,スタイリード,株式会社スタイリード,民間企業が運営,"20,000円(正社員) / 15,000円(契約・派遣社員) / 10,000円(パート・アルバイト)",https://asplay.biz/link.php?i=phzocre9hca5&m=mhp1qr4ksm9w,,https://sakucareer-up.jp/retirement-agency-union/,労働組合が運営している退職代行サービス7選｜会社と条件交渉も可能,2026-10-07
discovered_services_batch_union_lawyer.csv,退職代行モームリ,モームリ,株式会社アルバトロス,労働組合と提携,"22,000円(正社員等) / 12,000円(パート・アルバイト)",//af.moshimo.com/af/c/click?a_id=4512103&p_id=4161&pc_id=10547&pl_id=57003,,https://sakucareer-up.jp/retirement-agency-union/,労働組合が運営している退職代行サービス7選｜会社と条件交渉も可能,2026-10-07
discovered_services_batch_union_lawyer.csv,弁護士法人みやび,弁護士法人みやび,弁護士法人みやび,弁護士が運営,"55,000円(税込) + オプション費用(回収額の20%)",//af.moshimo.com/af/c/click?a_id=4512108&p_id=2002&pc_id=4047&pl_id=27336,,https://sakucareer-up.jp/retirement-agency-union/,労働組合が運営している退職代行サービス7選｜会社と条件交渉も可能,2026-10-07
discovered_services_batch_union_lawyer.csv,退職110番,退職110番,弁護士法人あおば,弁護士が運営,"43,800円(税込)",//af.moshimo.com/af/c/click?a_id=4512111&p_id=3195&pc_id=7482&pl_id=41832,,https://sakucareer-up.jp/retirement-agency-union/,労働組合が運営している退職代行サービス7選｜会社と条件交渉も可能,2026-10-07
discovered_services_batch_union_lawyer.csv,退職代行ローキ,ローキ,労働基準調査組合,労働組合が運営,"弁護士保障プラン 19,800円",https://rouki.help/,rouki.help,https://career-buddy.co.jp/taishoku/retirement-agent/recommend-labor-union-daiko/,,2026-10-07
discovered_services_batch_union_lawyer.csv,退職代行ガーディアン,ガーディアン,東京労働経済組合,労働組合が運営,"19,800円",https://taisyokudaiko.jp/,taisyokudaiko.jp,https://career-buddy.co.jp/taishoku/retirement-agent/recommend-labor-union-daiko/,,2026-10-07
discovered_services_batch_union_lawyer.csv,退職代行OITOMA(オイトマ),oitoma,株式会社H4(日本通信ユニオンと提携),労働組合と提携,"24,000円",https://o-itoma.jp/,o-itoma.jp,https://career-buddy.co.jp/taishoku/retirement-agent/recommend-labor-union-daiko/,,2026-10-07
discovered_services_batch_union_lawyer.csv,退職代行Jobs,jobs,株式会社アレス(合同労働組合ユニオンジャパンと提携),労働組合と提携,"シンプルプラン 27,000円 / 安心パックプラン 29,000円",https://jobs1.jp/,jobs1.jp,https://career-buddy.co.jp/taishoku/retirement-agent/recommend-labor-union-daiko/,,2026-10-07
discovered_services_batch_union_lawyer.csv,弁護士法人ガイアの退職代行,弁護士法人ガイア,弁護士法人ガイア総合法律事務所,弁護士法人（届出番号：H-868）,"25,300円～77,000円（別途成功報酬：回収額の20%～30％）",gaia-law-office.jp/taisyoku,gaia-law-office.jp,https://career-buddy.co.jp/taishoku/retirement-agent/recommend-bengoshi-daiko/,,2026-10-07
discovered_services_batch_union_lawyer.csv,フォーゲル綜合法律事務所,フォーゲル綜合法律事務所,フォーゲル綜合法律事務所,弁護士法人（届出番号：H-381）,"ライト22,000円、スタンダード25,000円～55,000円、110,000円（成功報酬なし）",enman-taishokudaikou.com,enman-taishokudaikou.com,https://career-buddy.co.jp/taishoku/retirement-agent/recommend-bengoshi-daiko/,,2026-10-07
discovered_services_batch_union_lawyer.csv,退職110番,退職110番,弁護士法人あおば,弁護士法人（届出番号：H-1325）,"43,800円（別途費用必要な場合あり）",aoba.lawyer/taishoku110,aoba.lawyer,https://career-buddy.co.jp/taishoku/retirement-agent/recommend-bengoshi-daiko/,,2026-10-07
discovered_services_batch_union_lawyer.csv,弁護士法人川越みずほ法律会計,弁護士法人川越みずほ法律会計,弁護士法人川越みずほ法律会計,弁護士法人（届出番号：H-1216）,"17,000円～55,000円",lawyer-taishokudaikou.com,lawyer-taishokudaikou.com,https://career-buddy.co.jp/taishoku/retirement-agent/recommend-bengoshi-daiko/,,2026-10-07
discovered_services_batch_union_lawyer.csv,ITJ法律事務所,itj法律事務所,ITJ法律事務所,弁護士法人（届出番号：H-145）,"19,900円～39,900円",itjlaw.com,itjlaw.com,https://career-buddy.co.jp/taishoku/retirement-agent/recommend-bengoshi-daiko/,,2026-10-07
discovered_services_batch_union_lawyer.csv,弁護士ビーノ,弁護士ビーノ,弁護士法人mamori,弁護士法人（届出番号：H-1491）,"ライト33,000円、スタンダード66,000円、フル110,000円",law-mamori.jp/taisyokubino,law-mamori.jp,https://career-buddy.co.jp/taishoku/retirement-agent/recommend-bengoshi-daiko/,,2026-10-07
discovered_services_batch_union_lawyer.csv,ベンゴシNOW,ベンゴシnow,トップコート国際法律事務所,弁護士事務所,"ライトプラン 19,800円、スタンダードプラン 39,800円、プレミアムプラン 59,800円（税込）",https://bengoshinow.app/taishokudaikou,bengoshinow.app,https://topcourt-law.com/roudou/067,弁護士の退職代行おすすめ人気ランキング１３社を徹底比較【2025年最新】,2026-10-07
discovered_services_batch_union_lawyer.csv,ガイア法律事務所,ガイア法律事務所,ガイア法律事務所,弁護士事務所,"25,300円～、55,000円プラン",https://www.gaia-law-office.jp/taisyoku/index.html,gaia-law-office.jp,https://topcourt-law.com/roudou/067,弁護士の退職代行おすすめ人気ランキング１３社を徹底比較【2025年最新】,2026-10-07
discovered_services_batch_union_lawyer.csv,フォーゲル綜合法律事務所,フォーゲル綜合法律事務所,フォーゲル綜合法律事務所,弁護士事務所,"円満退職スタンダード 25,000円、円満退職あんしんプラス 55,000円（税込）",https://enman-taishokudaikou.com/,enman-taishokudaikou.com,https://topcourt-law.com/roudou/067,弁護士の退職代行おすすめ人気ランキング１３社を徹底比較【2025年最新】,2026-10-07
discovered_services_batch_union_lawyer.csv,弁護士法人みやび,弁護士法人みやび,弁護士法人みやび,弁護士法人,"55,000円（税込）＋成功報酬20%",https://taishoku-service.com/,taishoku-service.com,https://topcourt-law.com/roudou/067,弁護士の退職代行おすすめ人気ランキング１３社を徹底比較【2025年最新】,2026-10-07
discovered_services_batch_union_lawyer.csv,弁護士ビーノ,弁護士ビーノ,,弁護士,"66,000円（税込）",https://law-mamori.jp/taisyokubino/,law-mamori.jp,https://topcourt-law.com/roudou/067,弁護士の退職代行おすすめ人気ランキング１３社を徹底比較【2025年最新】,2026-10-07
discovered_services_batch_union_lawyer.csv,若井綜合法律事務所,若井綜合法律事務所,若井綜合法律事務所,弁護士事務所,"55,000円（税込）",https://wakailaw.com/taisyokudaiko/,wakailaw.com,https://topcourt-law.com/roudou/067,弁護士の退職代行おすすめ人気ランキング１３社を徹底比較【2025年最新】,2026-10-07
discovered_services_batch_union_lawyer.csv,ITJ法律事務所,itj法律事務所,ITJ法律事務所,弁護士事務所,"退職代行プラン 19,900円、退職代理プラン 29,900円、損害賠償請求プラン 39,900円",https://japanlaw.net/退職代行/,japanlaw.net,https://topcourt-law.com/roudou/067,弁護士の退職代行おすすめ人気ランキング１３社を徹底比較【2025年最新】,2026-10-07
discovered_services_batch_union_lawyer.csv,退職110番,退職110番,弁護士法人あおば,弁護士法人,"43,800円（一律）",https://aoba.lawyer/taishoku110/,aoba.lawyer,https://topcourt-law.com/roudou/067,弁護士の退職代行おすすめ人気ランキング１３社を徹底比較【2025年最新】,2026-10-07
discovered_services_batch_union_lawyer.csv,弁護士法人エース,弁護士法人エース,弁護士法人エース,弁護士法人,"65,000円（55,000円＋事務手数料10,000円）",https://xn--ace-ns9dl08t02jl8m.jp/,xn--ace-ns9dl08t02jl8m.jp,https://topcourt-law.com/roudou/067,弁護士の退職代行おすすめ人気ランキング１３社を徹底比較【2025年最新】,2026-10-07
discovered_services_batch_union_lawyer.csv,弁護士法人サリュ,弁護士法人サリュ,弁護士法人サリュ,弁護士法人,"退職代行プラン 20,000円、退職交渉プラン 60,000円（税込）",https://xn--m1q29bh7cv7etyjht3e70s.jp/retirement-agency/,xn--m1q29bh7cv7etyjht3e70s.jp,https://topcourt-law.com/roudou/067,弁護士の退職代行おすすめ人気ランキング１３社を徹底比較【2025年最新】,2026-10-07
discovered_services_batch_union_lawyer.csv,小澤・竹内弁護士の退職代行,小澤竹内弁護士,小澤亜季子弁護士・竹内瑞穂弁護士,弁護士,"管理職以外 71,500円、役員 110,000円",https://taisyoku-daikou.com/,taisyoku-daikou.com,https://topcourt-law.com/roudou/067,弁護士の退職代行おすすめ人気ランキング１３社を徹底比較【2025年最新】,2026-10-07
discovered_services_batch_union_lawyer.csv,グリーンリーフ法律事務所,グリーンリーフ法律事務所,グリーンリーフ法律事務所,弁護士事務所,"88,000円",https://www.saitama-bengoshi.com/taisyokudaikou/,saitama-bengoshi.com,https://topcourt-law.com/roudou/067,弁護士の退職代行おすすめ人気ランキング１３社を徹底比較【2025年最新】,2026-10-07
discovered_services_batch_union_lawyer.csv,アディーレ法律事務所,アディーレ法律事務所,アディーレ法律事務所,弁護士事務所,"33,000円",,,https://topcourt-law.com/roudou/067,弁護士の退職代行おすすめ人気ランキング１３社を徹底比較【2025年最新】,2026-10-07
discovered_services_batch_union_lawyer.csv,退職代行ネルサポ,ネルサポ,合同労働組合ユニオンネルサポート,労働組合が運営,"15,000円",https://af.moshimo.com/af/c/click?a_id=4779544&p_id=3652&pc_id=8891&pl_id=51319,,https://logsfix.com/blog/union/,労働組合が運営する退職代行を徹底比較｜料金・特徴・おすすめサービスを解説,2026-10-07
discovered_services_batch_union_lawyer.csv,退職代行ガーディアン,ガーディアン,労働組合法人「東京労働経済組合」,労働組合が運営,"19,800円",http://www.rentracks.jp/adx/r.html?idx=0.65718.354534.5416.7899&dna=103125,,https://logsfix.com/blog/union/,労働組合が運営する退職代行を徹底比較｜料金・特徴・おすすめサービスを解説,2026-10-07
discovered_services_batch_union_lawyer.csv,退職代行SARABA,saraba,退職代行SARABAユニオン,労働組合が運営,"24,000円",https://taisyokudaikou.com/,taisyokudaikou.com,https://logsfix.com/blog/union/,労働組合が運営する退職代行を徹底比較｜料金・特徴・おすすめサービスを解説,2026-10-07
discovered_services_batch_union_lawyer.csv,退職代行リーガルジャパン,リーガルジャパン,日本労働産業ユニオン,労働組合が運営,"19,800円",http://www.rentracks.jp/adx/r.html?idx=0.65718.354534.7893.11675&dna=139697,,https://logsfix.com/blog/union/,労働組合が運営する退職代行を徹底比較｜料金・特徴・おすすめサービスを解説,2026-10-07
discovered_services_batch_union_lawyer.csv,男の退職代行,男,退職代行toNEXTユニオン,労働組合が運営,"アルバイト・パート 18,800円 / 正社員 21,800円 + 組合費1,000円別途",http://www.rentracks.jp/adx/r.html?idx=0.65718.354534.4778.7001&dna=93226,,https://logsfix.com/blog/union/,労働組合が運営する退職代行を徹底比較｜料金・特徴・おすすめサービスを解説,2026-10-07
discovered_services_batch_union_lawyer.csv,わたしNEXT,わたしnext,退職代行toNEXTユニオン,労働組合が運営,"アルバイト・パート 18,800円 / 正社員 21,800円 + 組合費1,000円別途",http://www.rentracks.jp/adx/r.html?idx=0.65718.354534.4778.7006&dna=93259,,https://logsfix.com/blog/union/,労働組合が運営する退職代行を徹底比較｜料金・特徴・おすすめサービスを解説,2026-10-07
discovered_services_batch_union_lawyer.csv,退職代行OITOMA,oitoma,労働組合日本通信ユニオン,労働組合が運営,"24,000円",http://www.rentracks.jp/adx/r.html?idx=0.65718.354534.7190.10213&dna=125291,,https://logsfix.com/blog/union/,労働組合が運営する退職代行を徹底比較｜料金・特徴・おすすめサービスを解説,2026-10-07
discovered_services_batch_union_lawyer.csv,退職代行ゼロユニオン,ゼロユニオン,,労働組合が運営,"正社員23,980円から",,,WebSearch:退職代行 ユニオン 運営,WebSearch result snippet (service page: https://roudou-pro.com/columns/555/),2026-10-07
