service_id,service_name,checked_url,apex_fallback_from,http_status,final_url,redirect_count,page_title,content_length,fetch_error,website_alive,archive_2024_url,archive_2024_timestamp,archive_2024_note,archive_2025_url,archive_2025_timestamp,archive_2025_note,checked_at
SVC001,退職代行OITOMA,https://o-itoma.jp/,,200,https://o-itoma.jp/,0,退職代行｜OITOMA(オイトマ)なら会社を今すぐ辞められる！,119869,,true,,,no_snapshot,,,no_snapshot,2026-10-06T17:32:54.961Z
SVC002,退職代行ガーディアン,https://taisyokudaiko.jp/,,200,https://taisyokudaiko.jp/,0,労働組合法人による退職代行なら「退職代行ガーディアン」,304495,,true,http://web.archive.org/web/20240602063404/https://taisyokudaiko.jp/,20240602063404,,,,no_snapshot,2026-10-06T17:33:09.520Z
SVC003,退職代行SARABA,https://taisyokudaikou.com/,,200,https://taisyokudaikou.com/,0,退職代行SARABA,90463,,true,,,no_snapshot,http://web.archive.org/web/20250514022736/https://taisyokudaikou.com/,20250514022736,,2026-10-06T17:32:47.789Z
SVC004,わたしNEXT,https://taishoku.to-next.jp/,,200,https://taishoku.to-next.jp/,0,女性の退職代行「わたしNEXT」｜即日で退職ストレスから解放,134442,,true,http://web.archive.org/web/20240601010257/https://taishoku.to-next.jp/,20240601010257,,,,no_snapshot,2026-10-06T17:33:02.247Z
SVC005,退職代行Jobs,https://jobs1.jp,,200,https://jobs1.jp,0,"退職代行Jobsで円満退職 / 弁護士監修なのに27,000円",131956,,true,http://web.archive.org/web/20240525133241/https://jobs1.jp/,20240525133241,,http://web.archive.org/web/20250616055316/https://jobs1.jp/,20250616055316,,2026-10-06T17:33:25.534Z
SVC006,退職代行ネルサポ,https://newlife-support.com/,,200,https://newlife-support.com/,0,【最安値に挑戦】ストレスフリーの退職代行ネルサポ,803025,,true,http://web.archive.org/web/20240527094211/https://newlife-support.com/,20240527094211,,,,no_snapshot,2026-10-06T17:33:32.713Z
SVC007,男の退職代行,https://taishoku.to-next.jp/otoko/,,200,https://taishoku.to-next.jp/otoko/,0,【公式】男の退職代行｜業界No1＜成功率100%＞即日でストレスから解放,315360,,true,http://web.archive.org/web/20240601010257/https://taishoku.to-next.jp/,20240601010257,,,,no_snapshot,2026-10-06T17:33:34.900Z
SVC008,フォーゲル綜合法律事務所,https://enman-taishokudaikou.com/,,200,https://enman-taishokudaikou.com/,0,退職代行は安心確実な弁護士へ【フォーゲル綜合法律事務所】,138769,,true,http://web.archive.org/web/20240601014103/https://enman-taishokudaikou.com/,20240601014103,,http://web.archive.org/web/20250521204550/https://enman-taishokudaikou.com/,20250521204550,,2026-10-06T17:33:40.293Z
SVC009,退職代行ニコイチ,https://www.g-j.jp/lp04/,,200,https://www.g-j.jp/lp04/,0,退職代行ならニコイチ【業界No.1の実績】退職成功率100％継続中！,30651,,true,,,no_snapshot,,,no_snapshot,2026-10-06T17:34:07.244Z
SVC010,退職代行モームリ,https://momuri.com/,,200,https://momuri.com/,0,退職代行モームリ｜もうムリだ！っと会社で感じたら,121699,,true,,,no_snapshot,,,no_snapshot,2026-10-06T17:34:14.496Z
SVC011,退職代行ヤメドキ,https://yamedoki.co.jp,,200,https://yamedoki.co.jp,0,退職代行のサービスを提供する退職代行「ヤメドキ」【後払いOK】,32886,,true,,,no_snapshot,,,no_snapshot,2026-10-06T17:34:21.652Z
SVC012,弁護士法人みやび,https://www.miyabi-law.jp/retirement/,,200,https://www.miyabi-law.jp/retirement/,0,,50767,,true,http://web.archive.org/web/20240601232323/https://www.miyabi-law.jp/,20240601232323,,,,no_snapshot,2026-10-06T17:34:28.806Z
SVC013,アディーレ法律事務所,https://www.adire-roudou.jp/daikou/lp_1907_a.html,,200,https://www.adire-roudou.jp/taishokudaikou/,2,【公式】弁護士による退職代行ならアディーレ法律事務所,97593,,true,http://web.archive.org/web/20240526124722/https://www.adire-roudou.jp/,20240526124722,,,,no_snapshot,2026-10-06T17:35:00.941Z
SVC014,辞めるんです,https://yamerundesu.com/,,200,https://yamerundesu.com/,0,退職代行サービス 辞めるんです,31042,,true,http://web.archive.org/web/20240530091323/https://yamerundesu.com/,20240530091323,,,,no_snapshot,2026-10-06T17:35:08.340Z
SVC015,退職代行EXIT,https://www.taishokudaikou.com/,,200,https://www.taishokudaikou.com/,0,退職代行「EXIT」は業界最安値1.5万円で弁護士監修だから安心,75282,,true,,,no_snapshot,,,no_snapshot,2026-10-06T17:35:15.505Z
SVC016,退職代行辞スル,https://jisuru.com/,,200,https://jisuru.com/,0,"退職代行辞スル|業界最安級22,000円＜即日退職＞",32717,,true,http://web.archive.org/web/20240711004639/https://jisuru.com/,20240711004639,,,,no_snapshot,2026-10-06T17:35:22.659Z
SVC017,弁護士法人ガイアの退職代行サービス,https://www.gaia-law-office.jp/taisyoku/,,200,https://www.gaia-law-office.jp/taisyoku/,0,弁護士法人ガイアの退職代行,16508,,true,,,no_snapshot,,,no_snapshot,2026-10-06T17:35:54.798Z
SVC018,退職110番,https://aoba.lawyer/taishoku110/,,200,https://aoba.lawyer/taishoku110/,0,退職110番 | 弁護士運営の退職代行,83126,,true,http://web.archive.org/web/20240416043735/https://aoba.lawyer/,20240416043735,,,,no_snapshot,2026-10-06T17:36:01.939Z
SVC019,リーガルジャパン,https://lp.legal-japan.net,,,https://lp.legal-japan.net,0,,,dns_not_resolved:ENOTFOUND,false,,,no_snapshot,http://web.archive.org/web/20250519055604/https://lp.legal-japan.net/,20250519055604,,2026-10-06T17:36:06.904Z
SVC020,退職代行イマスグヤメタイ,https://maimo-inc.co.jp/,,200,https://maimo-inc.co.jp/,0,退職代行イマスグヤメタイ - 退職代行イマスグヤメタイでは弁護士監修のもと安心安全な退職を行うことができます。今すぐにあなたの退職をサポートいたします。,93277,,true,,,no_snapshot,,,no_snapshot,2026-10-06T17:36:14.049Z
SVC021,退職代行トリケシ,https://lp.torikeshi.jp,,,https://lp.torikeshi.jp,0,,,dns_not_resolved:ENOTFOUND,false,http://web.archive.org/web/20240602213445/https://lp.torikeshi.jp/,20240602213445,,,,no_snapshot,2026-10-06T17:36:43.174Z
SVC022,退職代行ローキ,https://rouki.help/,,200,https://rouki.help/,0,"退職代行ローキ｜労働組合が即日対応で安心退職【19,800円】",253206,,true,,,no_snapshot,http://web.archive.org/web/20250618023354/https://rouki.help/,20250618023354,,2026-10-06T17:36:47.066Z
SVC023,弁護士ビーノ,https://law-mamori.jp,,200,https://law-mamori.jp,0,弁護士法人mamori｜法律をもっと身近に,270084,,true,http://web.archive.org/web/20240606072943/https://law-mamori.jp/,20240606072943,,http://web.archive.org/web/20250429014954/https://law-mamori.jp/,20250429014954,,2026-10-06T17:36:54.027Z
SVC024,ITJ法律事務所,https://itjlaw.com,,200,https://itjlaw.com,0,弁護士法人ITJ法律事務所 | itjlaw.com,6437,,true,,,no_snapshot,,,no_snapshot,2026-10-06T17:37:01.230Z
SVC025,あおぞら退職代行サービス,https://aozora-union.com/resignation/,,200,https://aozora-union.com/resignation/,0,【あおぞら退職代行サービス】あおぞらユニオン,28890,,true,http://web.archive.org/web/20240602071142/http://aozora-union.com/,20240602071142,,,,no_snapshot,2026-10-06T17:37:29.236Z
SVC026,ベンゴシNOW,https://bengoshinow.app/taishokudaikou,,,https://bengoshinow.app/taishokudaikou,0,,,dns_not_resolved:ENOTFOUND,false,http://web.archive.org/web/20240527005925/https://bengoshinow.app/,20240527005925,,,,no_snapshot,2026-10-06T17:37:36.480Z
SVC027,退職代行サービスのretry,https://office-kakeru.jp/retry/lp3/,,403,https://office-kakeru.jp/retry/lp3/,0,,,,false,http://web.archive.org/web/20240529145825/https://office-kakeru.jp/,20240529145825,,,,no_snapshot,2026-10-06T17:37:43.740Z
SVC028,退職代行ヒトヤスミ,https://www.taisyokudaikouhitoyasumi.com/,,200,https://www.taisyokudaikouhitoyasumi.com/,0,最安値・即日退職・全国対応・相談無料 | 退職代行ヒトヤスミ,494960,,true,,,no_snapshot,,,no_snapshot,2026-10-06T17:37:50.881Z
SVC029,退職代行プラスサービス,https://plus3-service.com/,,200,https://plus3-service.com/,0,24時間対応＆即日退職可能！退職代行サービス「プラスサービス」,73494,,true,,,no_snapshot,,,no_snapshot,2026-10-06T17:38:27.071Z
SVC030,退職代行やめたらええねん,https://yametaraeenen.com/,,200,https://yametaraeenen.com/,0,業界最安級！大阪発の退職代行サービス「やめたらええねん」,196720,,true,http://web.archive.org/web/20240608211431/https://yametaraeenen.com/,20240608211431,,,,no_snapshot,2026-10-06T17:38:34.224Z
SVC031,退職代行スマートヤメマス,https://smartyamemasu.co.jp/taishokudaiko,,,https://smartyamemasu.co.jp/taishokudaiko,0,,,dns_not_resolved:ENOTFOUND,false,,,no_snapshot,,,no_snapshot,2026-10-06T17:38:41.450Z
SVC032,退職代行の窓口,https://taishoku.me,,404,https://taishoku.me,0,,,,false,,,no_snapshot,,,closest_is_20240808191519,2026-10-06T17:38:45.745Z
SVC033,退職代行ピンチヒッター,https://www.taishokudaikouenman.com/,,200,https://www.taishokudaikouenman.com/,0,Maintenance,1993,,true,http://web.archive.org/web/20240529200933/https://www.taishokudaikouenman.com/,20240529200933,,,,no_snapshot,2026-10-06T17:39:12.031Z
SVC034,弁護士法人川越みずほ法律会計,https://lawyer-taishokudaikou.com,,200,https://www.lawyer-taishokudaikou.com/,2,Example: A Site about Examples,201043,,true,http://web.archive.org/web/20240602141320/https://www.lawyer-taishokudaikou.com/,20240602141320,,http://web.archive.org/web/20250521072753/https://www.lawyer-taishokudaikou.com/,20250521072753,,2026-10-06T17:39:15.829Z
SVC035,AI退職代行 by 行政書士,https://ai-taishoku.sg-gss.com/,,200,https://ai-taishoku.sg-gss.com/,0,"AI退職代行 by 行政書士 | 2,980円で即日退職",55662,,true,,,no_snapshot,,,no_snapshot,2026-10-06T17:39:22.966Z
SVC038,SAYONARA CONCIERGE（サヨナラコンシェルジュ）,https://sayonaraconcierge.com/,,,https://sayonaraconcierge.com/,0,,,connection_reset,false,,,no_snapshot,http://web.archive.org/web/20250716154917/https://sayonaraconcierge.com/,20250716154917,,2026-10-06T17:39:28.102Z
SVC039,YELL!!,https://www.pif-yell.com/,,200,https://www.pif-yell.com/,0,退職代行YELL!! | 退職から転職まで、あなたを応援します | 実質0円で利用可能,48181,,true,,,no_snapshot,http://web.archive.org/web/20250405021101/https://www.pif-yell.com/,20250405021101,,2026-10-06T17:39:58.260Z
SVC041,グリーンリーフ法律事務所,https://www.saitama-bengoshi.com/taisyokudaikou/,,200,https://www.saitama-bengoshi.com/taisyokudaikou/,0,埼玉の弁護士による退職代行サービス | 埼玉の弁護士グリーンリーフ法律事務所,158902,,true,http://web.archive.org/web/20240601075554/https://www.saitama-bengoshi.com/,20240601075554,,http://web.archive.org/web/20250524072359/https://www.saitama-bengoshi.com/,20250524072359,,2026-10-06T17:40:01.260Z
SVC042,スイスイ退職代行,https://suisui-daikou.com/,,500,https://suisui-daikou.com/,0,,,,false,,,no_snapshot,,,no_snapshot,2026-10-06T17:40:08.465Z
SVC045,若井綜合法律事務所,https://wakailaw.com/taisyokudaiko/,,200,https://wakailaw.com/taisyokudaiko/,0,退職代行は弁護士にご相談を | 弁護士に退職代行を依頼するなら「弁護士法人若井綜合法律事務所」,41403,,true,http://web.archive.org/web/20240602052859/https://wakailaw.com/,20240602052859,,,,no_snapshot,2026-10-06T17:40:15.607Z
SVC046,小澤・竹内弁護士の退職代行,https://taisyoku-daikou.com/,,200,https://taisyoku-daikou.com/,0,退職代行は弁護士へ｜初回相談無料｜弁護士小澤亜季子・竹内瑞穂,384463,,true,,,no_snapshot,http://web.archive.org/web/20250521204553/https://taisyoku-daikou.com/,20250521204553,,2026-10-06T17:40:51.043Z
SVC048,退職あんしん代行,https://taishoku-anshin-daiko.com/,,200,https://taishoku-anshin-daiko.com/,0,"退職代行サービス｜業界最安値12,980円で即日対応｜24時間365日 | 退職あんしん代行",479864,,true,http://web.archive.org/web/20241115052247/https://taishoku-anshin-daiko.com/,20241115052247,,,,no_snapshot,2026-10-06T17:40:58.310Z
SVC049,退職サポート（私のユニオン）,https://taishoku-daiko.org/lp/,,200,https://taishoku-daiko.org/lp/,0,【公式】退職代行 退職サポート｜労働組合運営で22000円,32992,,true,,,no_snapshot,,,closest_is_20260805034729,2026-10-06T17:41:04.233Z
SVC050,退職代行J-NEXT,https://j-next.biz/,,200,https://j-next.biz/,0,コンセプトカフェが人気の理由,9946,,true,,,no_snapshot,http://web.archive.org/web/20250218040315/http://j-next.biz/,20250218040315,,2026-10-06T17:41:09.261Z
SVC051,退職代行JITAI,https://taishoku-jitai.com/,,200,https://taishoku-jitai.com/,0,退職代行JITAI｜「退職届」の伝達代行サービス,64860,,true,http://web.archive.org/web/20241021081326/https://taishoku-jitai.com/,20241021081326,,,,no_snapshot,2026-10-06T17:41:43.791Z
SVC052,退職代行MIRAI,https://taishoku-mirai.com/,,,https://taishoku-mirai.com/,0,,,dns_not_resolved:ENOTFOUND,false,,,no_snapshot,,,no_snapshot,2026-10-06T17:41:50.997Z
SVC053,退職代行エージェント,https://rh-consulting.tokyo/agent/,,200,https://rh-consulting.tokyo/agent/,0,退職代行エージェント | 株式会社RHコンサルティング,9483,,true,,,no_snapshot,,,no_snapshot,2026-10-06T17:41:58.408Z
SVC054,退職代行スタイリード,https://www.taisyoku-stylead.com/,,200,https://www.taisyoku-stylead.com/,0,スマホ1つで即日退社 | 退職代行サービス | 株式会社スタイリード,1277188,,true,,,no_snapshot,,,no_snapshot,2026-10-06T17:42:05.644Z
SVC055,退職代行ゼロユニオン,https://www.zero-union.jp/,,200,https://www.zero-union.jp/,0,【LINEで完結】転職のゼロユニオン│専任のアドバイザーが担当│HOME,25574,,true,http://web.archive.org/web/20240522041605/https://www.zero-union.jp/,20240522041605,,http://web.archive.org/web/20250712183146/https://www.zero-union.jp/,20250712183146,,2026-10-06T17:42:34.448Z
SVC056,退職代行だいじょうぶ,https://daijoubu.jp,,,https://daijoubu.jp,0,,,dns_not_resolved:ENOTFOUND,false,,,no_snapshot,http://web.archive.org/web/20250522150725/https://daijoubu.jp/,20250522150725,,2026-10-06T17:42:37.361Z
SVC057,退職代行ニチロー,https://nichirou.com/taisyoku,,404,https://nichirou.com/taisyoku,0,,,,false,http://web.archive.org/web/20240523071656/https://nichirou.com/,20240523071656,,,,no_snapshot,2026-10-06T17:42:44.755Z
SVC058,退職代行のABAYO,https://acro-support.com/,,,https://acro-support.com/,0,,,dns_not_resolved:ENOTFOUND,false,,,no_snapshot,http://web.archive.org/web/20250601073127/https://acro-support.com/,20250601073127,,2026-10-06T17:42:48.482Z
SVC059,退職代行みらい,https://mirai-restart.com/,,200,https://mirai-restart.com/,0,退職代行みらい,50066,,true,,,no_snapshot,http://web.archive.org/web/20250515165014/https://mirai-restart.com/,20250515165014,,2026-10-06T17:43:19.555Z
SVC060,退職代行ヤメルート,https://yame-route.com/,,200,https://yame-route.com/,0,退職代行ヤメルート｜ワイヤーフレーム,38313,,true,,,closest_is_20260805034425,,,no_snapshot,2026-10-06T17:43:26.701Z
SVC061,退職代行即ヤメ,https://taishokudaikou-sokuyame.com/,,200,https://taishokudaikou-sokuyame.com/,0,退職代行 即ヤメ | 後払い専門で即日スピード退職,194308,,true,,,no_snapshot,,,no_snapshot,2026-10-06T17:43:33.902Z
SVC062,弁護士法人エース,https://xn--ace-ns9dl08t02jl8m.jp/,,,https://xn--ace-ns9dl08t02jl8m.jp/,0,,,tls_error:ERR_SSL_TLSV1_ALERT_INTERNAL_ERROR,false,,,no_snapshot,http://web.archive.org/web/20250617135817/https://xn--ace-ns9dl08t02jl8m.jp/,20250617135817,,2026-10-06T17:43:39.503Z
SVC063,弁護士法人サリュ,https://xn--m1q29bh7cv7etyjht3e70s.jp/retirement-agency/,,200,https://xn--m1q29bh7cv7etyjht3e70s.jp/retirement-agency/,0,弁護士による退職代行サービス｜労働事件相談は弁護士法人サリュ,54086,,true,http://web.archive.org/web/20240529173111/https://xn--m1q29bh7cv7etyjht3e70s.jp/,20240529173111,,http://web.archive.org/web/20250519114539/https://xn--m1q29bh7cv7etyjht3e70s.jp/,20250519114539,,2026-10-06T17:43:49.772Z
