service_name,operator_name,event_type,event_date,event_detail,source_url,source_title,source_type,published_at,retrieved_at
スマートヤメマス,株式会社スマートヤメマス,BANKRUPTCY,2026-03-25,東京地裁から破産手続開始決定を受けた。負債総額は約500万円、破産管財人は大澤一志弁護士。,https://www.tsr-net.co.jp/news/tsr/detail/1202701_1521.html,（株）スマートヤメマス,TSR,2026-04-01,2026-10-07
スマートヤメマス,株式会社スマートヤメマス,OTHER,,東京商工リサーチは「2025年12月初旬までに事業を停止していた」と報じたが、停止日の明示はない。,https://www.tsr-net.co.jp/news/tsr/detail/1202701_1521.html,（株）スマートヤメマス,TSR,2026-04-01,2026-10-07
モームリ,株式会社アルバトロス,LEGAL_ACTION,2025-10-22,警視庁が弁護士法違反（有償での利用者あっせん）の疑いで運営会社アルバトロス本社を家宅捜索した。,https://www.jiji.com/jc/article?k=2025102200323&g=soc,退職代行モームリ運営会社を捜索 有償で利用者あっせん―弁護士法違反容疑・警視庁,NEWS,2025-10-22,2026-10-07
モームリ,株式会社アルバトロス,OTHER,2025-10-24,運営会社が家宅捜索を受けたことを自社サイトで公表し、顧問弁護士との契約解除と役員体制の見直しを表明。「現在は退職代行モームリの営業再開しております」と記載。,https://www.alba-tross.jp/statement/,退職代行モームリに関する家宅捜索について,OFFICIAL,2025-10-24,2026-10-07
モームリ,株式会社アルバトロス,LEGAL_ACTION,2026-02-03,警視庁が弁護士法違反の疑いで社長・谷本慎二と従業員で妻の谷本志織を逮捕。約200人を弁護士に紹介し紹介料を得ていた疑い。,https://www.itmedia.co.jp/news/articles/2602/03/news068.html,退職代行「モームリ」社長ら逮捕 紹介料目的で法律事務を仲介か,NEWS,2026-02-03,2026-10-07
モームリ,株式会社アルバトロス・弁護士法人オーシャン・弁護士法人みやび,LEGAL_ACTION,2026-02-05,警視庁が弁護士法違反（非弁提携）容疑で弁護士2名を含む3人と法人を東京地検に書類送検。2024年7月〜10月に6人をあっせんし1人あたり16500円が支払われたとされる。,https://tokyonewsmedia.com/archives/18087,退職代行「モームリ」弁護士ら3人と運営会社書類送検 弁護士法違反容疑,NEWS,2026-02-06,2026-10-07
モームリ,弁護士法人オーシャン,LEGAL_ACTION,2026-06-05,東京地裁は代表の梶田潤被告に懲役1年6月・執行猶予3年、法人オーシャンに罰金150万円の有罪判決を言い渡した。,https://www.nikkei.com/article/DGXZQOUD05AY50V00C26A6000000/,退職代行モームリ事件、弁護士側に有罪判決 交渉あっせん受ける,NEWS,2026-06-05,2026-10-07
モームリ,弁護士法人みやび,LEGAL_ACTION,2026-08-07,東京地裁の初公判で代表・佐藤秀樹被告が起訴内容を認め、検察側は懲役2年・法人に罰金200万円を求刑して結審。判決期日は2026年10月7日。,https://www.saitama-np.co.jp/articles/209401,弁護士法人代表に懲役2年求刑 「モームリ」から法律事務紹介,NEWS,,2026-10-07
モームリ,株式会社アルバトロス,LEGAL_ACTION,2026-08-28,東京地裁は前社長・谷本慎二被告に懲役2年・執行猶予3年、法人アルバトロスに罰金200万円の有罪判決を言い渡した。,https://www.tsr-net.co.jp/data/detail/1203188_1527.html,「モームリ」前社長らに有罪判決、退職代行サービスは転機に,TSR,2026-08-28,2026-10-07
モームリ,株式会社アルバトロス,OTHER,2026-08-28,判決後もモームリのサービスは継続。会社は「今回の判決は紹介料に関するものでサービス自体ではない」と説明した。,https://www.tsr-net.co.jp/data/detail/1203188_1527.html,「モームリ」前社長らに有罪判決、退職代行サービスは転機に,TSR,2026-08-28,2026-10-07
,,SURVEY_REPORT,2025-10-24,帝国データバンク調査。全国で退職代行サービス事業者を少なくとも52法人確認。平均料金29410円（弁護士法人約44700円、民間約22500円）、約6割が民間、3割強が弁護士法人。,https://www.tdb.co.jp/report/industry/20251024-taisyoku25y/,主要「退職代行サービス」動向調査,TDB,2025-10-24,2026-10-07
,,SURVEY_REPORT,2026-09-23,帝国データバンク調査。2025年10月時点でサービス実態のあった52事業者のうち14事業者（26.9%）が2026年9月までにサービス停止の可能性。うち10社が民間事業者、倒産は1件。平均料金は約2.8万円から約2.7万円へ低下。,https://prtimes.jp/main/html/rd/p/000001442.000043465.html,主要な退職代行事業者、1年間で2割超が「サービス停止」 新規参入相次ぎ価格競争が激化 業務の「グレーゾーン」で先行き不透明感も,TDB,2026-09-23,2026-10-07
,東京弁護士会,OTHER,2025-10-22,東京弁護士会が「退職代行サービスと弁護士法違反に関する注意喚起」を公表し、未払賃金や損害賠償の交渉・あっせんは非弁行為にあたると警告した。,https://www.toben.or.jp/news/2025/10/post-980.html,退職代行サービスと弁護士法違反に関する注意喚起,OTHER,2025-10-22,2026-10-07
