service_id,service_name,official_url,tokusho_url,operator_name,operator_address,operator_representative,operator_type,lawyer_supervised_claim,lawyer_operated,labor_union_operated,labor_union_partnered,union_or_firm_name,normal_price_2026,campaign_price_2026,price_notes,additional_fee_claim,refund_guarantee,support_24h,line_support,phone_support,negotiation_claim,paid_leave_claim,unpaid_wage_claim,documents_claim,career_support_type,career_support_claim,job_placement_claim,career_counseling_claim,agent_referral_claim,resume_support_claim,interview_support_claim,unemployment_support_claim,post_resignation_support_claim,targets_20s,targets_new_grad,targets_second_new_grad,targets_early_leavers,targets_first_resignation,application_available,evidence_quotes,notes,retrieved_at
SVC023,弁護士ビーノ,https://law-mamori.jp,https://law-mamori.jp/law/,弁護士法人mamori,〒150-0021 東京都渋谷区恵比寿西1-3-10 ファイブアネックス8F,日比野 大,LAW_FIRM,false,true,false,false,弁護士法人mamori,"33,000円(税込)",,"ライトプラン33,000円(税込)/スタンダードプラン66,000円(税込)/フルプラン着手金110,000円(税込)+成功報酬22%。雇用形態別の価格区分なし",false,false,false,true,true,true,true,true,true,CAREER_COUNSELING,true,false,true,false,false,false,true,true,false,false,false,false,false,true,退職した後の転職やライフプランの相談・給付金サポートも行っています,"弁護士法人自身が提供者のため「弁護士監修」表記はなし。特商法ページに価格記載なし(価格は/taisyokubino/より)。返金保証・24時間対応の記載なし。20代等のターゲット記載なし(利用者の声に「20代男性」とあるのみ)。additional_fee_claim=「追加料金なし」明示の有無",2026-10-07
SVC024,ITJ法律事務所,https://itjlaw.com,,弁護士法人ITJ法律事務所,〒108-0023 東京都港区芝浦4-16-23 アクアシティ芝浦9階,戸田泉(第一東京弁護士会),LAW_FIRM,false,true,false,false,弁護士法人ITJ法律事務所,"19,900円",,"Aプラン(退職通知)19,900円/Bプラン(退職代理)29,900円/Cプラン(損害対応)39,900円。未払い残業代・退職金請求は着手金0円・成功報酬20%(労働審判・訴訟は+5%)。税込/税別の明示なし",false,true,true,true,true,true,true,true,true,NONE,false,false,false,false,false,false,false,false,false,false,false,false,false,true,,"特定商取引法に基づく表記ページはサイト内・sitemap.xmlのいずれにも存在せず(tokusho_url空欄)。退職代行ページ(resignation.html)まで確認したが転職支援・キャリア支援の記載は一切なし。ターゲット年代の記載もなし",2026-10-07
SVC025,あおぞら退職代行サービス,https://aozora-union.com/resignation/,,労働組合 あおぞらユニオン,〒170-0013 東京都豊島区東池袋1-36-3 池袋陽光ハイツ502,窪田義人(担当者表記。代表者名としての明示なし),LABOR_UNION,false,false,true,false,労働組合 あおぞらユニオン,"15,000円",,"「15,000円ぽっきり」「※組合費・諸経費を含む」。雇用形態別の価格区分なし",true,true,true,true,true,true,true,true,true,NONE,false,false,false,false,false,false,false,false,false,false,false,false,false,true,,"労働組合自身が運営。弁護士は「弁護士資格を持った執行委員」として関与するが「弁護士監修」表記ではない。特商法ページはトップ・/company/・sitemapのいずれにも存在せず。転職支援の記載は一切なし",2026-10-07
SVC028,退職代行ヒトヤスミ,https://www.taisyokudaikouhitoyasumi.com/,,株式会社PULLBACK,東京都渋谷区東二丁目23番14号 白鳳堂ビル 2階,代表取締役社長 長谷川 裕修,PRIVATE,true,false,false,false,,"22,000円(税込)",,"一律22,000円(税込)。正社員・契約社員・派遣社員・アルバイト・パートとも同額",true,false,false,true,true,false,false,false,true,UNKNOWN,true,false,false,false,false,false,false,true,false,false,false,false,false,true,"無料相談・転職支援 / 当社の退職代行サービスは、弁護士が監修しており、法的に適正で安心してご利用いただけます / 安心して新しいスタートを切れるよう全力でサポートいたします","LPの大半が画像のためLP価格画像とFAQ画像を直接読み取って記入。「転職支援」は他社比較表の項目に○が付くのみで内容・提供方法の説明がなく、career_support_typeはUNKNOWN。特商法ページはsitemap(トップと/会社のみ)に存在せず。交渉可否の記載なし",2026-10-07
SVC029,退職代行プラスサービス,https://plus3-service.com/,https://plus3-service.com/wp/wp-content/themes/plus3/pdf/legal-policy.pdf,株式会社スリープラス,東京都墨田区亀沢1丁目27-10ヤマモトビル201,中嶋文子(業務責任者),PRIVATE,true,false,false,false,,"19,800円(税込21,780円)",,"正社員・派遣社員・契約社員ほか19,800円(税込21,780円)/アルバイト・パート14,800円(税込16,280円)",true,true,true,true,true,false,true,false,true,PARTNER_REFERRAL,true,false,false,true,false,false,false,true,false,false,false,false,false,true,"プラスサービスは転職サポートも充実。 / 総合転職エージェントと提携しており、次の仕事がまだ決まっていない / 転職サポート用の簡単な質問シートにご回答いただくだけ","特商法はPDF。トップは「退職ができなかった場合は、全額返金致します」だが特商法PDFは「申込後のお客様都合でのキャンセルは返金不可」。交渉は明確に不可(「弁護士法に抵触する交渉業務は承れません」)。paid_leave_claimは有給消化の「希望を会社に伝える」までで交渉ではない。第二新卒・20代のターゲット記載なし",2026-10-07
SVC030,退職代行やめたらええねん,https://yametaraeenen.com/,https://yametaraeenen.com/wp-content/uploads/2021/12/特定商取引法に基づく表記_211228.pdf,株式会社熱狂スタイル,大阪府大阪市北区曽根崎2丁目8-5 お初天神EAST BLDG 3F-C25,内藤 亮,PRIVATE,false,false,false,false,,"19,800円",,"正社員19,800円/アルバイト・パート9,800円/リピート割(2回目以降)15,400円。税込/税別の明示なし",false,true,false,true,true,false,true,false,true,PARTNER_REFERRAL,true,true,false,true,false,false,false,true,true,true,false,true,false,true,"全国130社の人材紹介・人材派遣会社と提携しており、退職後の充実した転職サポートが受けられます / 社内には人材紹介10年以上の転職支援のプロも在籍しており / 新卒社員の方が入社してすぐに退職代行を利用する理由や背景","フッターの特商法リンク先PDFは実際にはトップページHTMLが返りPDF本体を取得できず(tokusho_urlはリンク記載値)。顧問弁護士・顧問社労士の記載はあるが「弁護士監修」の表記はない。運営会社の事業内容は「退職代行/転職支援/コンサルティング」。targets_20sはメディア取材文脈の「主に20代〜30代利用者」、targets_new_grad/early_leaversは「新卒社員の方が入社してすぐに退職代行を利用する」に基づく。第二新卒という語は不使用",2026-10-07
SVC033,弁護士法人川越みずほ法律会計,https://lawyer-taishokudaikou.com,,弁護士法人川越みずほ法律会計,〒350-1118 埼玉県川越市豊田本4-3-15,清水隆久(弁護士),LAW_FIRM,false,true,false,false,弁護士法人川越みずほ法律会計,"22,000円(税込)",,"正社員・契約社員・派遣社員22,000円(税込)/パート・アルバイト12,000円(税込)。4月入社限定割引あり(金額の明示なし)。2回まで分割払い可・1ヶ月以内の後払い可(事前審査あり)",true,true,true,true,true,true,true,true,true,NONE,false,false,false,false,false,false,true,true,false,true,false,false,false,true,"新卒（卒業から３年以内） / ・特定理由離職者の失業保険給付コンサルティングは、こちらをご参照ください","https://lawyer-taishokudaikou.com は http://www.lawyer-taishokudaikou.com/ に301リダイレクト。特商法ページはsitemap.xml(24URL)にも存在せず。転職支援・求人紹介・履歴書/面接対策の記載は一切なし(career_support_type=NONE)。失業保険給付コンサルティングは別リンク先での案内。targets_new_gradは内定辞退代行の対象区分「新卒（卒業から３年以内）」に基づく",2026-10-07
SVC034,AI退職代行 by 行政書士,https://ai-taishoku.sg-gss.com/,https://ai-taishoku.sg-gss.com/legal/tokushoho.html,SG行政書士法務事務所,〒460-0003 愛知県名古屋市中区錦3-2-32 錦アクシスビル8階,行政書士 重松 祐達,OTHER,false,false,false,false,SG行政書士法務事務所,"2,980円(税込)",,"スタンダードプラン2,980円(税込)。内容証明郵便オプション+9,980円(税込)。雇用形態別の価格区分なし",true,true,true,true,false,false,false,false,true,NONE,false,false,false,false,false,false,false,false,false,false,false,false,false,true,,"行政書士事務所が自ら運営。「法律の専門家である行政書士がサービスを監修・運営」であり弁護士監修の表記ではないためlawyer_supervised_claim=false。交渉は不可と明記(「退職日や条件の交渉」「有給消化を『認めさせる』交渉」「未払い残業代・退職金の請求」はできないと列挙)。返金は「3回架電しても企業が電話に出なかった場合」限定の条件付き。問い合わせはLINE/チャットのみで電話窓口なし。転職支援・ターゲット年代の記載なし",2026-10-07
SVC038,YELL!!,https://www.pif-yell.com/,https://www.pif-yell.com/commercial_transactions.html,合同会社Pay It Forward,千葉県千葉市花見川区検見川町3-317-7-101,鎌田大介,PRIVATE,true,false,false,false,,"11,000円(税込)","0円(0円チャレンジ退職プラン・条件達成で全額キャッシュバック)","シンプル退職プラン10,000円+税(税込11,000円)/キャッシュバック退職プラン5,000円(税込5,500円)/0円チャレンジ退職プラン0円+税(条件達成で全額キャッシュバック)。雇用形態別の価格区分なし",true,false,true,true,false,false,false,false,true,PARTNER_REFERRAL,true,true,true,true,true,true,true,true,false,false,false,false,false,true,"退職代行だけじゃない。失業給付金申請、転職支援をワンストップでサポート。 / 営業職専門のパートナーエージェント連携 / キャリアプランのカウンセリング・面接対策・書類添削","career_support_typeは求人提供の主体が「営業職専門のパートナーエージェント」であるためPARTNER_REFERRAL。ただしフローに「失業給付金サポートまたは職業紹介などの追加サービス」の記載があるためjob_placement_claim=true。返金保証は「退職できなければ返金」型ではなく、特商法上は「当社が会社へ連絡を行う前に限り」全額返金のためrefund_guarantee=false。電話窓口なし(特商法は「問い合わせがあった場合に遅滞なく開示」)。交渉は不可と明記。「20代 男性 元営業職」は利用者の声の属性でありターゲット訴求ではないためtargets_20s=false",2026-10-07
