service_id,service_name,official_url,operator_name,url_found_via,fetch_outcome,page_title,is_official_confirmed,duplicate_of_service_id,notes,retrieved_at
SVC009,退職代行ニコイチ,https://www.g-j.jp/lp04/,株式会社ニコイチ,"WebSearch(退職代行ニコイチ 公式サイト 特定商取引法) → 公式LPを直接確認",200,退職代行ならニコイチ【業界No.1の実績】退職成功率100％継続中！,true,,"運営元ドメインは g-j.jp（コーポレートタイトルは「電話代行専門 株式会社ニコイチ」）。特定商取引法に基づく表記は https://www.g-j.jp/specific-quotient/ に存在し200で到達（タイトル「特定商取引法 | 電話代行ニコイチ」）。退職代行LPは同一ドメイン配下",2026-10-07
SVC014,辞めるんです,https://yamerundesu.com/,LENIS Entertainment株式会社,"WebSearch(辞めるんです 退職代行 公式サイト 運営会社) → 公式サイトを直接確認",200,退職代行サービス 辞めるんです,true,,"一部比較サイト（asiro.co.jp）は見出しに「【運営停止】」と付けているが、2026-10-07時点で公式サイトは200で稼働し、サービス終了・運営停止の告知はページ内に無い。フッター振込口座名義に「レニスエンターテイメント」表記あり",2026-10-07
SVC044,円満退職のピンチヒッター,https://www.taishokudaikouenman.com/,株式会社Pino,"WebSearch(円満退職のピンチヒッター 退職代行 公式) → 比較サイト2件（taishoku-michelin.com, taisyokudaikou-handbook.com）が同一ドメインを公式として記載。ドメインを直接確認",200,Maintenance,,,"HTTP200で到達するがコンテンツは英語/インドネシア語のメンテナンス表示のみ（「Website sedang dalam proses perbaikan」、copyright 2026）。会社情報・特定商取引法表記・料金は現状のページから確認できないため is_official_confirmed は空欄。SVC059 退職代行ピンチヒッターと同一ドメイン・同一運営会社(株式会社Pino)",2026-10-07
SVC047,退職.com,,株式会社SAMURAIマーケティング,"WebSearch(退職.com 退職代行 公式 / SAMURAIマーケティング 退職.com ローンチ) → マピオン転載のプレスリリースのみ",not_attempted,,,,"信頼できる公式URLを特定できなかった。確認できたのはプレスリリース（https://www.mapion.co.jp/news/release/000000002.000152317/ 、2025-02-01ローンチ、配信2025-01-13）のみで、本文にサービス専用ドメインの記載が無い。PR TIMES原文URL(000000002.000152317)は404。taishoku.com は到達するが「Taishoku.com - Ready for Development」のパーキングページで当サービスとは無関係。運営企業の samurai-marketing.co.jp / www.samurai-marketing.co.jp は2026-10-07時点でDNS解決しない",2026-10-07
SVC049,退職サポート（私のユニオン）,https://taishoku-daiko.org/lp/,合同労働組合「私のユニオン」,"WebSearch(退職サポート 私のユニオン 退職代行 公式) → 公式LPと運営者情報ページを直接確認",200,【公式】退職代行 退職サポート｜労働組合運営で22000円,true,,"運営者情報ページ https://taishoku-daiko.org/owner に「合同労働組合『私のユニオン』／〒160-0023 東京都新宿区西新宿3-3-13 西新宿水間ビル6階／サービス名 退職代行 退職サポート」と明記。労働組合本体のサイト https://my-union.gr.jp/ も200で稼働（タイトル「合同労働組合「私のユニオン」- 退職代行・労働問題解決」）。料金22,000円（税込）",2026-10-07
SVC050,退職代行J-NEXT,https://j-next.biz/,J-NEXT株式会社,"WebSearch(退職代行J-NEXT 公式サイト 運営) → 複数比較サイトが j-next.biz を公式と記載。直接確認",200,コンセプトカフェが人気の理由,false,,"j-next.biz は2026-10-07時点でHTTP200・DNS解決(160.16.50.168)するが、配信内容は「コンセプトカフェが人気の理由」という退職代行と無関係な情報サイトで、退職代行・J-NEXT株式会社の記載が一切無い。退職代行サービスとしての公式サイトは現在このドメイン上に存在しない（ドメイン転用と見られる）。比較サイト asiro.co.jp は見出しに「【運営停止】」と付記",2026-10-07
SVC052,退職代行MIRAI,https://taishoku-mirai.com/,株式会社クリエイティブリサーチ,"WebSearch(退職代行MIRAI 公式サイト 運営会社) → 比較サイト retire-agency.com と ojichiwawa.com が taishoku-mirai.com を公式と記載。ドメインを直接確認",dns_not_resolved,,,,"taishoku-mirai.com は2026-10-07時点でDNS解決しない（dns.google: Non-existent domain、curl: Could not resolve host）。ページ未確認のため is_official_confirmed は空欄。運営会社の記載は情報源間で不一致（retire-agency.com は株式会社クリエイティブリサーチ・代表 赤澤嘉彦・東京都渋谷区代々木2-11-5／本プロジェクトの discovered_services では株式会社NFJ）。別候補 mirai2020.sakura.ne.jp（「退職代行 未来 ( MIRAI )」）もDNS解決しない。SVC052は mirai-restart.com の退職代行みらいとは別サービス",2026-10-07
SVC053,退職代行エージェント,https://rh-consulting.tokyo/agent/,株式会社RHコンサルティング,"WebSearch(退職代行エージェント 運営会社) → mynavi記事のリンクがアフィリエイトリダイレクタ(tr.slvrbullet.com)のみだったため、curlで最終遷移先を解決して公式ドメインを特定",200,退職代行エージェント | 株式会社RHコンサルティング,true,,"比較サイト・mynavi・b-pos いずれも公式リンクを tr.slvrbullet.com 経由にしていたため直接のURLが不明だった。リダイレクタの最終到達先が https://rh-consulting.tokyo/agent/ （運営企業ドメイン配下のサービスページ）であることを確認。代表取締役 穂積理恵、法人番号4370001044278、宮城県名取市。料金は正社員33,000円/アルバイト22,000円（税込）との記載",2026-10-07
SVC054,退職代行スタイリード,https://www.taisyoku-stylead.com/,株式会社スタイリード,"WebSearch(退職代行スタイリード 公式サイト 運営会社) → 公式サイトを直接確認。既存データのasplay.bizリダイレクタをcurlで解決した最終到達先とも一致",200,スマホ1つで即日退社 | 退職代行サービス | 株式会社スタイリード,true,,"discovered_services_batch_union_lawyer.csv に記録されていた asplay.biz リダイレクタの最終到達先が https://www.taisyoku-stylead.com/ であることをcurlで確認。所在地 大阪府大阪市西区新町3-4-19 6F。料金 正社員・契約社員22,000円／アルバイト12,000円",2026-10-07
SVC055,退職代行ゼロユニオン,https://www.zero-union.jp/,ゼロユニオン（労働組合）,"WebSearch(退職代行ゼロユニオン 公式サイト) → ドメインを直接確認（HTML・sitemap.xml・contactページ）",200,【LINEで完結】転職のゼロユニオン│専任のアドバイザーが担当│HOME,true,,"ドメインは稼働中（sitemap.xml最終更新2026-05、トップページlastmod 2025-09-17）。現在はサイト全体が「転職のゼロユニオン」として転職支援を前面に出す構成に変わっているが、同一ページ内に「退職代行 ゼロユニオン」のロゴ・画像alt・「退職代行 ゼロユニオンは、退職したくても出来ない…労働組合だからこそ出来る迅速な対応」という説明と退職代行への導線が残存しており、退職代行ゼロユニオンの公式サイトと確認。contactページ記載の住所は〒618-0011 大阪府三島郡島本町広瀬1-29-1（比較サイトが載せる東京都港区高輪の住所とは不一致）。運営労働組合の正式名称はサイト上に明記されていない",2026-10-07
SVC057,退職代行ニチロー,https://nichirou.com/taisyoku,日本労働調査組合,"WebSearch(退職代行ニチロー 公式サイト) → 開始時のPR TIMESリリース(https://prtimes.jp/main/html/rd/p/000000004.000074057.html)に記載の公式URLを特定し、直接確認",404,,false,,"開始時（2021-04-07）の公式URL https://nichirou.com/taisyoku は2026-10-07時点でHTTP404。nichirou.com ルートは200で到達するが、配信内容はオンラインカジノ情報サイト「フリースピン完全ガイド｜おすすめカジノ・獲得方法を徹底解説」（運営表記は「nichirou.com 編集チーム」）で、退職代行・日本労働調査組合の記載が一切無い。退職代行サービスとしての公式サイトは現在このドメイン上に存在しない。PR TIMESリリース上の所在地は東京都足立区千住1-4-1 東京芸術センター10階。比較サイト career-change-navi.jp も見出しに「【サービス終了？】」と付記（当該ページ自体は現在404）",2026-10-07
SVC058,退職代行のABAYO,https://acro-support.com/,株式会社アクロサポート,"WebSearch(退職代行ABAYO 公式サイト URL アクロサポート) → 比較サイトが acro-support.com を公式と記載。ドメインを直接確認",dns_not_resolved,,,,"acro-support.com は2026-10-07時点でAレコードが無くDNS解決しない（curl: Could not resolve host／WebFetch: ENOTFOUND）。ドメイン自体は登録されており、ネームサーバは ns1.regery.net / ns2.regery.net / ns3.regery.net を返す。ページ未確認のため is_official_confirmed は空欄。旧サービス名はアクロサポート。2024-07にPR TIMESで新料金プランを発表（prtimes.jp/main/html/rd/p/000000001.000146199.html）。所在地は東京都千代田区飯田橋1-7-10 山京ビル本館2F、設立2022-09-22。比較サイト taisyokudaiko-hikaku.com および life-need.co.jp は「公式サイト閉鎖」「サービス終了」と記載",2026-10-07
SVC059,退職代行ピンチヒッター,https://www.taishokudaikouenman.com/,株式会社Pino,"WebSearch(退職代行ピンチヒッター 公式サイト 運営) → 比較サイト taisyokudaikou-handbook.com が同一ドメインを公式として記載。ドメインを直接確認",200,Maintenance,,SVC044,"SVC044 円満退職のピンチヒッターと同一。根拠: (1)公式URLが双方 https://www.taishokudaikouenman.com/ で完全一致、(2)運営会社が双方 株式会社Pino で一致（代表取締役 松井政朋、〒604-8242 京都市中京区柳水町84 三洋六角ビル503）、(3)比較サイト taishoku-michelin.com が「正式名称：円満退職のピンチヒッター」と記載し、taisyokudaikou-handbook.com は同一ドメインを「退職代行ピンチヒッター」として掲載。「円満退職の」は同一サービスの名称表記ゆれ。ドメインは200だがメンテナンス表示のみのため is_official_confirmed は空欄",2026-10-07
SVC062,退職代行即ヤメ,https://taishokudaikou-sokuyame.com/,ネルサポート株式会社,"WebSearch(退職代行即ヤメ 公式サイト 運営会社) → 公式サイトと会社概要ページ(/company/)を直接確認",200,退職代行 即ヤメ | 後払い専門で即日スピード退職,true,,"会社概要ページ https://taishokudaikou-sokuyame.com/company/ に「ネルサポート株式会社／〒614-8001 京都府八幡市八幡科手7-10 科手ビル2B／代表者 菱田匡樹」と明記。比較サイトが載せる所在地（京都市中京区御池通東洞院東入笹屋町436 永和御池ビル6階）とは不一致で、公式ページ記載を採用。労働組合連携型、後払い専門",2026-10-07
